X,Y,ux,uy,sigma_xx,sigma_yy,sigma_xy,magnitude
0.13131313,0.04040404,-5.9977174e-07,-9.30801e-05,-29.327824,-70.62963,0.050974593,9.308204e-05
0.13131313,0.08080808,-1.1734664e-06,-0.0001355689,-28.978909,-69.91879,0.054061957,0.00013557398
0.13131313,0.121212125,-1.7136335e-06,-0.00017764606,-28.629477,-69.20697,0.0576273,0.00017765432
0.13131313,0.16161616,-2.2295862e-06,-0.00021931343,-28.279968,-68.49496,0.06135841,0.00021932476
0.13131313,0.2020202,-2.7157366e-06,-0.00026055984,-27.930803,-67.783394,0.06501028,0.00026057402
0.13131313,0.24242425,-3.1869859e-06,-0.00030139275,-27.582203,-67.07263,0.068415344,0.0003014096
0.13131313,0.28282827,-3.6209822e-06,-0.0003418196,-27.234419,-66.36294,0.07145781,0.00034183878
0.13131313,0.32323232,-4.0326267e-06,-0.0003818255,-26.887516,-65.65428,0.074075155,0.0003818468
0.13131313,0.36363637,-4.4237822e-06,-0.00042142347,-26.541542,-64.94654,0.07624533,0.0004214467
0.13131313,0.4040404,-4.786998e-06,-0.00046061724,-26.196562,-64.239655,0.07796816,0.00046064213
0.13131313,0.44444445,-5.1409006e-06,-0.00049938634,-25.852472,-63.533188,0.079275295,0.0004994128
0.13131313,0.4848485,-5.474314e-06,-0.00053775497,-25.50931,-62.827023,0.08019706,0.00053778285
0.13131313,0.5252525,-5.779788e-06,-0.0005757138,-25.167015,-62.12089,0.080779195,0.0005757428
0.13131313,0.56565654,-6.077811e-06,-0.0006132517,-24.825533,-61.414482,0.081066564,0.00061328185
0.13131313,0.6060606,-6.3646585e-06,-0.0006503854,-24.484928,-60.707813,0.08109744,0.00065041654
0.13131313,0.64646465,-6.619841e-06,-0.00068710744,-24.145187,-60.000725,0.08090899,0.00068713934
0.13131313,0.68686867,-6.882474e-06,-0.0007234048,-23.806383,-59.293274,0.08052041,0.0007234375
0.13131313,0.72727275,-7.1190298e-06,-0.0007593017,-23.468594,-58.585514,0.0799543,0.0007593351
0.13131313,0.7676768,-7.3369592e-06,-0.0007947851,-23.131887,-57.877544,0.07921736,0.000794819
0.13131313,0.8080808,-7.547438e-06,-0.0008298494,-22.79639,-57.169563,0.07831147,0.0008298837
0.13131313,0.8484849,-7.756054e-06,-0.0008644983,-22.462202,-56.46172,0.0772475,0.00086453307
0.13131313,0.8888889,-7.953495e-06,-0.0008987244,-22.129429,-55.754177,0.076009855,0.00089875964
0.13131313,0.9292929,-8.136034e-06,-0.00093254633,-21.798134,-55.047024,0.0746019,0.00093258184
0.13131313,0.969697,-8.320436e-06,-0.00096594915,-21.468359,-54.340298,0.07302998,0.000965985
0.13131313,1.010101,-8.497387e-06,-0.0009989347,-21.140104,-53.63393,0.07129945,0.0009989709
0.13131313,1.050505,-8.663163e-06,-0.001031505,-20.813332,-52.927776,0.06942233,0.0010315414
0.13131313,1.0909091,-8.828938e-06,-0.0010636616,-20.487963,-52.221615,0.06741621,0.0010636983
0.13131313,1.1313131,-8.987263e-06,-0.0010953974,-20.163921,-51.515167,0.06530959,0.0010954342
0.13131313,1.1717172,-9.153038e-06,-0.0011267159,-19.841047,-50.80802,0.06311778,0.001126753
0.13131313,1.2121212,-9.313226e-06,-0.0011576172,-19.519283,-50.1,0.06086657,0.0011576547
0.13131313,1.2525252,-9.4771385e-06,-0.0011881124,-19.198542,-49.390797,0.05859633,0.0011881503
0.13131313,1.2929293,-9.637326e-06,-0.0012181792,-18.878815,-48.6803,0.056303564,0.0012182173
0.13131313,1.3333334,-9.795651e-06,-0.0012478381,-18.560225,-47.96866,0.054014787,0.0012478766
0.13131313,1.3737373,-9.963289e-06,-0.0012770891,-18.242922,-47.25602,0.051723197,0.001277128
0.13131313,1.4141414,-1.0134652e-05,-0.0013059005,-17.927208,-46.54278,0.049433883,0.0013059399
0.13131313,1.4545455,-1.030229e-05,-0.0013343319,-17.61342,-45.82929,0.04714331,0.0013343717
0.13131313,1.4949495,-1.0481104e-05,-0.0013623573,-17.301863,-45.115566,0.044836503,0.0013623976
0.13131313,1.5353535,-1.06636435e-05,-0.0013899934,-16.992863,-44.401398,0.0425162,0.0013900342
0.13131313,1.5757576,-1.0855496e-05,-0.0014172662,-16.686674,-43.685955,0.040165167,0.0014173078
0.13131313,1.6161616,-1.1058524e-05,-0.0014441982,-16.383629,-42.968018,0.03776422,0.0014442406
0.13131313,1.6565657,-1.1246651e-05,-0.0014708247,-16.08445,-42.24635,0.0352796,0.0014708677
0.13131313,1.6969697,-1.1451542e-05,-0.0014972053,-15.790619,-41.52047,0.032649875,0.0014972491
0.13131313,1.7373737,-1.1658296e-05,-0.0015234277,-15.504857,-40.791466,0.0298267,0.0015234723
0.13131313,1.7777778,-1.18762255e-05,-0.0015495941,-15.231294,-40.06239,0.026822358,0.0015496396
0.13131313,1.8181819,-1.2092292e-05,-0.0015758798,-14.974789,-39.33719,0.023776986,0.0015759261
0.13131313,1.8585858,-1.231581e-05,-0.0016025193,-14.739452,-38.618633,0.021014567,0.0016025666
0.13131313,1.8989899,-1.2544915e-05,-0.0016298126,-14.526189,-37.905174,0.018973652,0.001629861
0.13131313,1.939394,-1.2760982e-05,-0.0016581323,-14.330909,-37.190144,0.017992696,0.0016581814
0.13131313,1.979798,-1.2988225e-05,-0.0016878862,-14.145138,-36.46553,0.018004952,0.0016879361
0.13131313,2.020202,-1.3200566e-05,-0.0017194934,-13.959386,-35.72902,0.018398555,0.0017195441
0.13131313,2.060606,-1.3405457e-05,-0.0017532967,-13.766772,-34.987576,0.018289141,0.0017533479
0.13131313,2.10101,-1.3614073e-05,-0.0017894432,-13.563712,-34.252182,0.017037602,0.001789495
0.13131313,2.1414142,-1.3800338e-05,-0.0018278975,-13.3475895,-33.527744,0.014724482,0.0018279497
0.13131313,2.1818182,-1.4001504e-05,-0.0018683635,-13.115411,-32.80942,0.01209068,0.001868416
0.13131313,2.2222223,-1.4204532e-05,-0.001910381,-12.865052,-32.08818,0.010021491,0.0019104338
0.13131313,2.2626262,-1.4403835e-05,-0.0019533914,-12.597309,-31.35877,0.008943365,0.0019534444
0.13131313,2.3030303,-1.4588237e-05,-0.0019968934,-12.315994,-30.622452,0.008618158,0.0019969468
0.13131313,2.3434343,-1.4791265e-05,-0.0020404179,-12.026026,-29.883905,0.008398112,0.0020404714
0.13131313,2.3838384,-1.4970079e-05,-0.002083648,-11.73163,-29.147476,0.0077005606,0.0020837018
0.13131313,2.4242425,-1.513958e-05,-0.0021263212,-11.435378,-28.415009,0.006302869,0.0021263752
0.13131313,2.4646466,-1.5318394e-05,-0.0021682512,-11.138307,-27.685976,0.004375448,0.0021683052
0.13131313,2.5050504,-1.5493482e-05,-0.0022093393,-10.840609,-26.958778,0.002316275,0.0022093938
0.13131313,2.5454545,-1.5655532e-05,-0.0022494998,-10.542165,-26.231792,0.00055968406,0.0022495543
0.13131313,2.5858586,-1.582317e-05,-0.0022886526,-10.242942,-25.50405,-0.0005690386,0.0022887073
0.13131313,2.6262627,-1.5966594e-05,-0.002326779,-9.94312,-24.77538,-0.00091428455,0.002326834
0.13131313,2.6666667,-1.611188e-05,-0.0023638587,-9.643039,-24.046158,-0.00048274614,0.0023639137
0.13131313,2.7070708,-1.6232952e-05,-0.00239986,-9.34313,-23.317099,0.0005918175,0.002399915
0.13131313,2.7474747,-1.633726e-05,-0.002434779,-9.043775,-22.588867,0.0021015168,0.002434834
0.13131313,2.7878788,-1.6404316e-05,-0.0024686027,-8.745241,-21.861908,0.0038023528,0.0024686572
0.13131313,2.8282828,-1.6471371e-05,-0.0025013424,-8.447682,-21.136417,0.0054676346,0.0025013967
0.13131313,2.868687,-1.6506761e-05,-0.0025329832,-8.151109,-20.41231,0.006887742,0.002533037
0.13131313,2.909091,-1.6540289e-05,-0.002563538,-7.8554254,-19.689281,0.007907645,0.0025635913
0.13131313,2.9494948,-1.6557053e-05,-0.0025929864,-7.5604863,-18.966928,0.008422763,0.0025930393
0.13131313,2.989899,-1.6557053e-05,-0.0026213564,-7.2660947,-18.244774,0.008368134,0.0026214088
0.13131313,3.030303,-1.6568229e-05,-0.0026486143,-6.972051,-17.522364,0.0077290717,0.0026486663
0.13131313,3.070707,-1.6581267e-05,-0.0026747882,-6.6781807,-16.799324,0.0065333312,0.0026748397
0.13131313,3.1111112,-1.6601756e-05,-0.0026998576,-6.3843274,-16.075367,0.0048356396,0.0026999086
0.13131313,3.1515152,-1.6627833e-05,-0.0027238298,-6.0903506,-15.350271,0.0027127392,0.0027238806
0.13131313,3.191919,-1.66744e-05,-0.0027466975,-5.7961607,-14.623939,0.00025934938,0.002746748
0.13131313,3.2323232,-1.6726553e-05,-0.002768455,-5.5016656,-13.8963175,-0.002421669,0.0027685056
0.13131313,3.2727273,-1.680851e-05,-0.0027891193,-5.2068205,-13.167448,-0.005214866,0.00278917
0.13131313,3.3131313,-1.6903505e-05,-0.0028086714,-4.9115696,-12.437384,-0.008014838,0.0028087222
0.13131313,3.3535354,-1.702644e-05,-0.0028271098,-4.6158834,-11.706228,-0.010715068,0.002827161
0.13131313,3.3939395,-1.7177314e-05,-0.0028444435,-4.319736,-10.974097,-0.013207061,0.0028444955
0.13131313,3.4343433,-1.7346814e-05,-0.0028606523,-4.023101,-10.241119,-0.015400854,0.002860705
0.13131313,3.4747474,-1.7523766e-05,-0.002875749,-3.7259512,-9.507399,-0.017205648,0.0028758026
0.13131313,3.5151515,-1.7732382e-05,-0.0028897356,-3.4282734,-8.773079,-0.018547172,0.00288979
0.13131313,3.5555556,-1.7952174e-05,-0.002902612,-3.1300554,-8.038284,-0.019354874,0.0029026675
0.13131313,3.5959597,-1.8175691e-05,-0.0029143654,-2.8313055,-7.3031883,-0.019571332,0.002914422
0.13131313,3.6363637,-1.8423423e-05,-0.0029249936,-2.5320315,-6.5679445,-0.019148009,0.0029250516
0.13131313,3.6767676,-1.8652529e-05,-0.0029345155,-2.2322798,-5.832777,-0.01804317,0.0029345748
0.13131313,3.7171717,-1.8898398e-05,-0.0029429235,-1.9321022,-5.0979185,-0.016227283,0.0029429842
0.13131313,3.7575758,-1.9134954e-05,-0.0029502288,-1.631597,-4.3636975,-0.013674788,0.002950291
0.13131313,3.7979798,-1.9375235e-05,-0.0029564034,-1.3308917,-3.630492,-0.010371856,0.002956467
0.13131313,3.838384,-1.9589439e-05,-0.0029614642,-1.0301608,-2.8987803,-0.0063094064,0.002961529
0.13131313,3.878788,-1.9783154e-05,-0.0029654354,-0.72961533,-2.1691005,-0.0014832669,0.0029655013
0.13131313,3.9191918,-1.996383e-05,-0.0029683001,-0.42952922,-1.442148,0.0041009816,0.0029683672
0.13131313,3.959596,-2.011098e-05,-0.0029700622,-0.13021716,-0.7186867,0.010434112,0.0029701302
0.13131313,4.0,-2.0228326e-05,-0.002970742,0.1679402,0.00038424332,0.01750445,0.002970811
0.26262626,0.04040404,1.6838312e-06,-9.085983e-05,-29.348717,-70.71581,0.09127499,9.087543e-05
0.26262626,0.08080808,1.2088567e-06,-0.00013340637,-28.997393,-70.001495,0.098546505,0.00013341186
0.26262626,0.121212125,7.748604e-07,-0.00017553568,-28.645737,-69.28651,0.10591389,0.0001755374
0.26262626,0.16161616,3.669411e-07,-0.00021724962,-28.294247,-68.5718,0.113091595,0.00021724992
0.26262626,0.2020202,-1.6763806e-08,-0.00025854819,-27.943241,-67.85785,0.11983522,0.00025854819
0.26262626,0.24242425,-3.669411e-07,-0.00029943697,-27.593,-67.14509,0.12598553,0.0002994372
0.26262626,0.28282827,-7.0407987e-07,-0.00033990853,-27.243664,-66.4336,0.13144782,0.00033990925
0.26262626,0.32323232,-1.0188669e-06,-0.00037997216,-26.89537,-65.723465,0.13615787,0.00037997353
0.26262626,0.36363637,-1.3057142e-06,-0.0004196111,-26.548092,-65.014366,0.14011519,0.00041961315
0.26262626,0.4040404,-1.5683472e-06,-0.0004588589,-26.201883,-64.30623,0.1433262,0.00045886158
0.26262626,0.44444445,-1.8142164e-06,-0.00049767643,-25.856678,-63.598656,0.14583775,0.00049767975
0.26262626,0.4848485,-2.0507723e-06,-0.00053608045,-25.512417,-62.891296,0.14770205,0.00053608435
0.26262626,0.5252525,-2.2761524e-06,-0.0005740877,-25.169086,-62.183918,0.14896373,0.0005740922
0.26262626,0.56565654,-2.4791807e-06,-0.0006116796,-24.826633,-61.476215,0.1496921,0.00061168463
0.26262626,0.6060606,-2.6710331e-06,-0.0006488506,-24.485067,-60.768047,0.14993513,0.00064885605
0.26262626,0.64646465,-2.8405339e-06,-0.0006856192,-24.144423,-60.059338,0.14975154,0.00068562507
0.26262626,0.68686867,-3.0063093e-06,-0.0007219631,-23.804714,-59.350002,0.14916068,0.00072196935
0.26262626,0.72727275,-3.1590462e-06,-0.00075789914,-23.46607,-58.640198,0.14819978,0.0007579057
0.26262626,0.7676768,-3.3080578e-06,-0.00079342164,-23.128553,-57.93,0.14688677,0.00079342857
0.26262626,0.8080808,-3.4496188e-06,-0.00082851574,-22.792273,-57.219555,0.14523579,0.0008285229
0.26262626,0.8484849,-3.5837293e-06,-0.00086320005,-22.457348,-56.509075,0.1432545,0.0008632075
0.26262626,0.8888889,-3.7066638e-06,-0.00089746714,-22.12388,-55.79872,0.14094445,0.0008974748
0.26262626,0.9292929,-3.8240105e-06,-0.0009313207,-21.791933,-55.088596,0.13831475,0.00093132857
0.26262626,0.969697,-3.941357e-06,-0.0009647608,-21.46155,-54.378735,0.13537961,0.0009647688
0.26262626,1.010101,-4.0549785e-06,-0.0009977724,-21.132742,-53.669132,0.13214333,0.0009977807
0.26262626,1.050505,-4.163012e-06,-0.0010303743,-20.805475,-52.959698,0.12863152,0.0010303827
0.26262626,1.0909091,-4.284084e-06,-0.0010625497,-20.47964,-52.250145,0.124870785,0.0010625583
0.26262626,1.1313131,-4.3921173e-06,-0.0010943078,-20.15517,-51.540268,0.12088422,0.0010943166
0.26262626,1.1717172,-4.5020133e-06,-0.0011256523,-19.831913,-50.82968,0.11671005,0.0011256613
0.26262626,1.2121212,-4.624948e-06,-0.0011565778,-19.509777,-50.11821,0.11238417,0.001156587
0.26262626,1.2525252,-4.7478825e-06,-0.0011870805,-19.188683,-49.405567,0.10793434,0.0011870901
0.26262626,1.2929293,-4.8745424e-06,-0.0012171641,-18.86861,-48.691692,0.1033971,0.0012171739
0.26262626,1.3333334,-5.003065e-06,-0.0012468267,-18.549648,-47.9767,0.09878818,0.0012468367
0.26262626,1.3737373,-5.1371753e-06,-0.0012760777,-18.23201,-47.260902,0.09412459,0.0012760881
0.26262626,1.4141414,-5.280599e-06,-0.0013049114,-17.915974,-46.544716,0.08942365,0.0013049222
0.26262626,1.4545455,-5.442649e-06,-0.0013333391,-17.601927,-45.828636,0.08468697,0.0013333503
0.26262626,1.4949495,-5.595386e-06,-0.0013613589,-17.29027,-45.11297,0.07993347,0.0013613704
0.26262626,1.5353535,-5.763024e-06,-0.0013890099,-16.981354,-44.397587,0.07517214,0.0013890219
0.26262626,1.5757576,-5.9511513e-06,-0.0014162753,-16.675484,-43.68181,0.07041839,0.0014162879
0.26262626,1.6161616,-6.1225146e-06,-0.0014432073,-16.373028,-42.964478,0.06567825,0.0014432203
0.26262626,1.6565657,-6.305054e-06,-0.0014698375,-16.07463,-42.244205,0.06092518,0.001469851
0.26262626,1.6969697,-6.5229833e-06,-0.0014962144,-15.781661,-41.520206,0.056111548,0.0014962286
0.26262626,1.7373737,-6.7222863e-06,-0.0015224405,-15.496556,-40.792885,0.051167656,0.0015224554
0.26262626,1.7777778,-6.949529e-06,-0.0015486144,-15.223204,-40.06467,0.0460613,0.0015486298
0.26262626,1.8181819,-7.165596e-06,-0.0015749112,-14.966296,-39.339058,0.04086973,0.0015749275
0.26262626,1.8585858,-7.396564e-06,-0.0016015507,-14.73003,-38.618927,0.035869732,0.0016015678
0.26262626,1.8989899,-7.6293945e-06,-0.0016288515,-14.515689,-37.90356,0.031472478,0.0016288693
0.26262626,1.939394,-7.877126e-06,-0.0016571674,-14.319811,-37.18766,0.028066948,0.0016571862
0.26262626,1.979798,-8.115545e-06,-0.0016869325,-14.134438,-36.46441,0.025688501,0.0016869521
0.26262626,2.020202,-8.365139e-06,-0.0017185397,-13.950094,-35.731537,0.023875466,0.0017185601
0.26262626,2.060606,-8.588657e-06,-0.0017523486,-13.759301,-34.99466,0.021844948,0.0017523696
0.26262626,2.10101,-8.827075e-06,-0.0017885137,-13.557487,-34.262566,0.019021904,0.0017885355
0.26262626,2.1414142,-9.067357e-06,-0.0018269904,-13.341437,-33.53882,0.015504061,0.001827013
0.26262626,2.1818182,-9.300187e-06,-0.0018674713,-13.108276,-32.818905,0.0119923595,0.0018674944
0.26262626,2.2222223,-9.549782e-06,-0.0019095019,-12.856643,-32.09547,0.009307641,0.0019095257
0.26262626,2.2626262,-9.799376e-06,-0.0019525383,-12.588173,-31.365156,0.0077680815,0.0019525628
0.26262626,2.3030303,-1.0048971e-05,-0.0019960497,-12.307078,-30.630045,0.00703013,0.001996075
0.26262626,2.3434343,-1.0287389e-05,-0.0020396076,-12.018219,-29.894566,0.0063766204,0.0020396337
0.26262626,2.3838384,-1.052767e-05,-0.00208286,-11.725412,-29.162054,0.0052213473,0.0020828866
0.26262626,2.4242425,-1.0766089e-05,-0.0021255594,-11.430799,-28.433321,0.0033734844,0.0021255866
0.26262626,2.4646466,-1.0997057e-05,-0.0021675434,-11.135137,-27.707176,0.0010470002,0.0021675713
0.26262626,2.5050504,-1.12410635e-05,-0.0022086669,-10.838503,-26.981756,-0.0013253272,0.0022086955
0.26262626,2.5454545,-1.1473894e-05,-0.002248872,-10.540792,-26.25549,-0.0033062347,0.0022489014
0.26262626,2.5858586,-1.1691824e-05,-0.0022880733,-10.242066,-25.527649,-0.004586227,0.002288103
0.26262626,2.6262627,-1.1920929e-05,-0.0023262482,-9.9426,-24.798302,-0.0050342577,0.0023262787
0.26262626,2.6666667,-1.2120232e-05,-0.0023633596,-9.642838,-24.068102,-0.0046867435,0.0023633908
0.26262626,2.7070708,-1.232326e-05,-0.0023994036,-9.343235,-23.337833,-0.0037014044,0.0023994353
0.26262626,2.7474747,-1.2507662e-05,-0.0024343543,-9.044178,-22.608206,-0.0023111394,0.0024343864
0.26262626,2.7878788,-1.2656674e-05,-0.002468206,-8.745928,-21.879675,-0.0007676084,0.0024682384
0.26262626,2.8282828,-1.2803823e-05,-0.002500981,-8.4486,-21.152384,0.0006945855,0.002501014
0.26262626,2.868687,-1.2936071e-05,-0.0025326516,-8.152187,-20.42624,0.0018719604,0.0025326847
0.26262626,2.909091,-1.3044104e-05,-0.0025632232,-7.856575,-19.70093,0.0026154036,0.0025632563
0.26262626,2.9494948,-1.31465495e-05,-0.0025926996,-7.5616107,-18.97606,0.002825944,0.002592733
0.26262626,2.989899,-1.3250858e-05,-0.002621062,-7.267101,-18.2512,0.0024546452,0.0026210956
0.26262626,3.030303,-1.3353303e-05,-0.0026483461,-6.9728613,-17.525959,0.0014997466,0.0026483797
0.26262626,3.070707,-1.3465062e-05,-0.0026745256,-6.678727,-16.800034,-2.2195914e-06,0.0026745596
0.26262626,3.1111112,-1.3580546e-05,-0.002699593,-6.3845735,-16.073225,-0.0019862622,0.0026996273
0.26262626,3.1515152,-1.37183815e-05,-0.0027235486,-6.090292,-15.34541,-0.004363414,0.0027235833
0.26262626,3.191919,-1.3859943e-05,-0.0027464088,-5.7958074,-14.616553,-0.007031094,0.0027464437
0.26262626,3.2323232,-1.4025718e-05,-0.0027681682,-5.5010614,-13.886687,-0.009882452,0.0027682038
0.26262626,3.2727273,-1.4221296e-05,-0.0027887952,-5.2060103,-13.155878,-0.012798413,0.0027888312
0.26262626,3.3131313,-1.44168735e-05,-0.0028083306,-4.9106226,-12.424234,-0.015669249,0.0028083676
0.26262626,3.3535354,-1.4657155e-05,-0.0028267503,-4.6148734,-11.691885,-0.018385053,0.0028267882
0.26262626,3.3939395,-1.4903024e-05,-0.0028440412,-4.3187346,-10.958942,-0.02084362,0.00284408
0.26262626,3.4343433,-1.5176833e-05,-0.0028602295,-4.022179,-10.225523,-0.022952037,0.0028602697
0.26262626,3.4747474,-1.5459955e-05,-0.002875302,-3.72518,-9.491728,-0.024627812,0.0028753437
0.26262626,3.5151515,-1.5767291e-05,-0.0028892606,-3.4277058,-8.757656,-0.025795346,0.0028893037
0.26262626,3.5555556,-1.608394e-05,-0.0029021036,-3.129745,-8.023418,-0.026392624,0.002902148
0.26262626,3.5959597,-1.6406178e-05,-0.0029138364,-2.831282,-7.2891183,-0.026364343,0.0029138825
0.26262626,3.6363637,-1.6750768e-05,-0.0029244442,-2.532318,-6.5548825,-0.025669329,0.0029244921
0.26262626,3.6767676,-1.7080456e-05,-0.0029339418,-2.2328722,-5.8208613,-0.024274353,0.0029339916
0.26262626,3.7171717,-1.7404556e-05,-0.0029423218,-1.9329907,-5.0872545,-0.022151224,0.0029423733
0.26262626,3.7575758,-1.773052e-05,-0.0029495955,-1.6327586,-4.3543477,-0.01928403,0.0029496488
0.26262626,3.7979798,-1.8039718e-05,-0.0029557664,-1.3322792,-3.6224391,-0.015661832,0.0029558216
0.26262626,3.838384,-1.8337741e-05,-0.002960816,-1.0317183,-2.8919683,-0.011283706,0.0029608728
0.26262626,3.878788,-1.8607825e-05,-0.0029647667,-0.7312767,-2.1634538,-0.0061513046,0.0029648251
0.26262626,3.9191918,-1.8844381e-05,-0.002967624,-0.43121123,-1.4375153,-0.00027456597,0.0029676836
0.26262626,3.959596,-1.9058585e-05,-0.0029693786,-0.13182808,-0.7148903,0.0063334517,0.0029694396
0.26262626,4.0,-1.92374e-05,-0.0029700417,0.16650333,0.003548732,0.013651335,0.002970104
0.39393938,0.04040404,3.9599836e-06,-8.872338e-05,-29.390387,-70.77478,0.12920538,8.881171e-05
0.39393938,0.08080808,3.5967678e-06,-0.00013129413,-29.03478,-70.058334,0.14003186,0.00013134339
0.39393938,0.121212125,3.2745302e-06,-0.00017344952,-28.679104,-69.34155,0.15066029,0.00017348042
0.39393938,0.16161616,2.9783696e-06,-0.00021520257,-28.323814,-68.62529,0.16077492,0.00021522318
0.39393938,0.2020202,2.7045608e-06,-0.00025653094,-27.969288,-67.910194,0.1701516,0.0002565452
0.39393938,0.24242425,2.456829e-06,-0.00029745325,-27.615723,-67.19649,0.1786455,0.00029746338
0.39393938,0.28282827,2.231449e-06,-0.00033795089,-27.263302,-66.48436,0.18615524,0.00033795825
0.39393938,0.32323232,2.0302832e-06,-0.00037804432,-26.912079,-65.77368,0.19264922,0.00037804976
0.39393938,0.36363637,1.8533319e-06,-0.00041772798,-26.562075,-65.06424,0.19811751,0.00041773208
0.39393938,0.4040404,1.6894192e-06,-0.0004569944,-26.213284,-64.355774,0.20258608,0.00045699754
0.39393938,0.44444445,1.5404075e-06,-0.00049585104,-25.86563,-63.64785,0.20611162,0.0004958534
0.39393938,0.4848485,1.4081597e-06,-0.0005342923,-25.519075,-62.940174,0.20874932,0.0005342942
0.39393938,0.5252525,1.2870878e-06,-0.00057233125,-25.17356,-62.232376,0.21057834,0.0005723327
0.39393938,0.56565654,1.1771917e-06,-0.00060995296,-24.829044,-61.524155,0.21166386,0.0006099541
0.39393938,0.6060606,1.0877848e-06,-0.00064717047,-24.485514,-60.815308,0.21206719,0.0006471714
0.39393938,0.64646465,9.983778e-07,-0.00068396144,-24.143011,-60.105762,0.21185349,0.00068396213
0.39393938,0.68686867,9.201467e-07,-0.0007203482,-23.801542,-59.395412,0.21106069,0.0007203488
0.39393938,0.72727275,8.363277e-07,-0.000756314,-23.461226,-58.684406,0.20973,0.0007563145
0.39393938,0.7676768,7.804483e-07,-0.00079186633,-23.122131,-57.97279,0.20788868,0.00079186674
0.39393938,0.8080808,7.171184e-07,-0.00082699955,-22.784386,-57.26078,0.20555472,0.00082699984
0.39393938,0.8484849,6.61239e-07,-0.000861723,-22.44807,-56.548515,0.20274425,0.00086172327
0.39393938,0.8888889,6.053597e-07,-0.0008960217,-22.113297,-55.836178,0.19946104,0.0008960219
0.39393938,0.9292929,5.532056e-07,-0.0009299051,-21.780151,-55.12395,0.1957299,0.0009299053
0.39393938,0.969697,4.991889e-07,-0.0009633694,-21.448666,-54.411865,0.19155228,0.0009633695
0.39393938,1.010101,4.4889748e-07,-0.0009964053,-21.118853,-53.69994,0.18695624,0.0009964054
0.39393938,1.050505,3.7811697e-07,-0.0010290314,-20.79066,-52.988037,0.18196143,0.0010290314
0.39393938,1.0909091,3.259629e-07,-0.0010612328,-20.464033,-52.276054,0.17660244,0.0010612329
0.39393938,1.1313131,2.514571e-07,-0.0010930151,-20.138832,-51.563633,0.17091599,0.0010930152
0.39393938,1.1717172,1.899898e-07,-0.0011243802,-19.814932,-50.850517,0.16493501,0.0011243802
0.39393938,1.2121212,1.2107193e-07,-0.0011553261,-19.492216,-50.136433,0.15870915,0.0011553261
0.39393938,1.2525252,3.1664968e-08,-0.0011858456,-19.170597,-49.421165,0.15228131,0.0011858456
0.39393938,1.2929293,-6.891787e-08,-0.0012159459,-18.850058,-48.704685,0.14568537,0.0012159459
0.39393938,1.3333334,-1.6391277e-07,-0.001245629,-18.53068,-47.98709,0.13895443,0.001245629
0.39393938,1.3737373,-2.719462e-07,-0.0012748837,-18.212633,-47.268696,0.13210995,0.0012748837
0.39393938,1.4141414,-3.9860606e-07,-0.0013037361,-17.896261,-46.55005,0.12517972,0.0013037361
0.39393938,1.4545455,-5.2154064e-07,-0.0013321675,-17.581957,-45.831738,0.1181874,0.0013321677
0.39393938,1.4949495,-6.6682696e-07,-0.0013602041,-17.27016,-45.114166,0.11115692,0.0013602042
0.39393938,1.5353535,-8.214265e-07,-0.0013878513,-16.961296,-44.397423,0.104115814,0.0013878515
0.39393938,1.5757576,-9.81614e-07,-0.0014151298,-16.655724,-43.68098,0.0970977,0.0014151301
0.39393938,1.6161616,-1.1660159e-06,-0.0014420599,-16.353865,-42.963806,0.09013534,0.0014420603
0.39393938,1.6565657,-1.354143e-06,-0.0014686976,-16.056309,-42.244408,0.08320913,0.0014686981
0.39393938,1.6969697,-1.5497208e-06,-0.0014950894,-15.764328,-41.521744,0.076288395,0.0014950902
0.39393938,1.7373737,-1.758337e-06,-0.0015213117,-15.48018,-40.795742,0.06929393,0.0015213127
0.39393938,1.7777778,-1.9725412e-06,-0.0015474949,-15.207494,-40.068214,0.062162347,0.0015474962
0.39393938,1.8181819,-2.2090971e-06,-0.0015737992,-14.950833,-39.342274,0.054932214,0.0015738007
0.39393938,1.8585858,-2.4493784e-06,-0.0016004611,-14.71436,-38.620705,0.047813103,0.001600463
0.39393938,1.8989899,-2.6915222e-06,-0.0016277581,-14.499655,-37.903416,0.041217085,0.0016277604
0.39393938,1.939394,-2.9541552e-06,-0.0016560834,-14.303764,-37.186317,0.035556465,0.001656086
0.39393938,1.979798,-3.2167882e-06,-0.0016858485,-14.119176,-36.463665,0.030968295,0.0016858516
0.39393938,2.020202,-3.4719706e-06,-0.0017174613,-13.936472,-35.733437,0.027110307,0.0017174648
0.39393938,2.060606,-3.742054e-06,-0.0017512832,-13.747618,-35.000084,0.023286173,0.0017512873
0.39393938,2.10101,-3.995374e-06,-0.0017874651,-13.54728,-34.27075,0.018978607,0.0017874696
0.39393938,2.1414142,-4.2691827e-06,-0.001825951,-13.331674,-33.54773,0.014265646,0.001825956
0.39393938,2.1818182,-4.546717e-06,-0.0018664561,-13.098076,-32.826843,0.009836647,0.0018664617
0.39393938,2.2222223,-4.835427e-06,-0.0019085091,-12.845754,-32.102116,0.0064307875,0.0019085152
0.39393938,2.2626262,-5.1297247e-06,-0.0019515604,-12.577035,-31.371668,0.004276152,0.0019515671
0.39393938,2.3030303,-5.433336e-06,-0.0019950923,-12.29645,-30.638184,0.002934677,0.0019950997
0.39393938,2.3434343,-5.7183206e-06,-0.0020386819,-12.008722,-29.905645,0.001648949,0.00203869
0.39393938,2.3838384,-6.0126185e-06,-0.0020819567,-11.717318,-29.176483,-0.0001645755,0.0020819653
0.39393938,2.4242425,-6.3013285e-06,-0.0021247026,-11.424007,-28.450607,-0.0026586107,0.0021247119
0.39393938,2.4646466,-6.608665e-06,-0.002166709,-11.12939,-27.726421,-0.0055666715,0.002166719
0.39393938,2.5050504,-6.9011003e-06,-0.002207877,-10.833464,-27.0019,-0.00843632,0.002207888
0.39393938,2.5454545,-7.202849e-06,-0.0022481158,-10.536209,-26.275663,-0.010825728,0.0022481272
0.39393938,2.5858586,-7.5045973e-06,-0.0022873543,-10.237806,-25.547281,-0.012436293,0.0022873667
0.39393938,2.6262627,-7.804483e-06,-0.0023255683,-9.938625,-24.81705,-0.013165637,0.0023255814
0.39393938,2.6666667,-8.087605e-06,-0.0023627225,-9.639174,-24.085808,-0.0130775785,0.0023627363
0.39393938,2.7070708,-8.365139e-06,-0.002398802,-9.339922,-23.354374,-0.012356326,0.0023988166
0.39393938,2.7474747,-8.614734e-06,-0.0024337862,-9.041262,-22.623505,-0.011245075,0.0024338015
0.39393938,2.7878788,-8.866191e-06,-0.0024676714,-8.743413,-21.893602,-0.010005979,0.0024676872
0.39393938,2.8282828,-9.093434e-06,-0.0025004633,-8.446458,-21.164757,-0.008877472,0.0025004798
0.39393938,2.868687,-9.311363e-06,-0.0025321618,-8.150353,-20.436827,-0.008055194,0.002532179
0.39393938,2.909091,-9.525567e-06,-0.0025627483,-7.854963,-19.70948,-0.007685424,0.002562766
0.39393938,2.9494948,-9.730458e-06,-0.002592232,-7.560128,-18.982363,-0.007853754,0.0025922502
0.39393938,2.989899,-9.940937e-06,-0.002620617,-7.265654,-18.255064,-0.008597303,0.0026206358
0.39393938,3.030303,-1.0138378e-05,-0.0026479047,-6.971378,-17.527283,-0.009901457,0.002647924
0.39393938,3.070707,-1.0345131e-05,-0.0026740804,-6.677153,-16.798784,-0.011726935,0.0026741005
0.39393938,3.1111112,-1.0568649e-05,-0.0026991405,-6.382871,-16.069448,-0.013990231,0.0026991612
0.39393938,3.1515152,-1.081638e-05,-0.002723096,-6.0884514,-15.339236,-0.016597446,0.0027231174
0.39393938,3.191919,-1.10678375e-05,-0.0027459525,-5.7938423,-14.608204,-0.019440658,0.0027459748
0.39393938,3.2323232,-1.1343509e-05,-0.0027676802,-5.498997,-13.87641,-0.022400249,0.0027677033
0.39393938,3.2727273,-1.1643395e-05,-0.0027883016,-5.2038984,-13.144006,-0.025362888,0.0027883258
0.39393938,3.3131313,-1.19600445e-05,-0.0028078072,-4.9085097,-12.411112,-0.02821093,0.0028078326
0.39393938,3.3535354,-1.2295321e-05,-0.0028262008,-4.6128287,-11.677881,-0.030833777,0.0028262276
0.39393938,3.3939395,-1.2662262e-05,-0.002843473,-4.3168154,-10.94443,-0.033132747,0.0028435013
0.39393938,3.4343433,-1.3040379e-05,-0.0028596316,-4.0204434,-10.210869,-0.03501552,0.0028596614
0.39393938,3.4747474,-1.34296715e-05,-0.0028746855,-3.7236779,-9.477265,-0.036402784,0.0028747167
0.39393938,3.5151515,-1.3841316e-05,-0.002888618,-3.4264808,-8.743704,-0.037226494,0.0028886513
0.39393938,3.5555556,-1.4251098e-05,-0.0029014312,-3.1288278,-8.010253,-0.037422393,0.002901466
0.39393938,3.5959597,-1.4672056e-05,-0.0029131398,-2.8306794,-7.276955,-0.03694893,0.0029131768
0.39393938,3.6363637,-1.5109777e-05,-0.002923727,-2.5320375,-6.543919,-0.03576184,0.0029237662
0.39393938,3.6767676,-1.5530735e-05,-0.002933206,-2.232895,-5.8112235,-0.033839133,0.0029332472
0.39393938,3.7171717,-1.5947968e-05,-0.0029415712,-1.9332973,-5.0790453,-0.031155184,0.0029416145
0.39393938,3.7575758,-1.6355887e-05,-0.0029488355,-1.6332963,-4.3475804,-0.027701028,0.002948881
0.39393938,3.7979798,-1.6730279e-05,-0.0029549934,-1.3329937,-3.617115,-0.023474209,0.0029550407
0.39393938,3.838384,-1.7091632e-05,-0.002960045,-1.0325366,-2.8880281,-0.01847506,0.0029600943
0.39393938,3.878788,-1.7439947e-05,-0.0029639807,-0.7321107,-2.160776,-0.012713226,0.0029640319
0.39393938,3.9191918,-1.774542e-05,-0.0029668324,-0.43196842,-1.4359738,-0.006203912,0.0029668855
0.39393938,3.959596,-1.801923e-05,-0.0029685851,-0.1324069,-0.7143009,0.0010337352,0.0029686398
0.39393938,4.0,-1.825206e-05,-0.0029692464,0.16622084,0.003407171,0.008976276,0.0029693025
0.5252525,0.04040404,6.167218e-06,-8.670613e-05,-29.447073,-70.8088,0.16677618,8.692518e-05
0.5252525,0.08080808,5.930662e-06,-0.00012929551,-29.085726,-70.091415,0.18051142,0.00012943146
0.5252525,0.121212125,5.7294965e-06,-0.00017146394,-28.724615,-69.37393,0.19377786,0.00017155963
0.5252525,0.16161616,5.5469573e-06,-0.00021321699,-28.364206,-68.65722,0.2062646,0.00021328912
0.5252525,0.2020202,5.384907e-06,-0.00025455467,-28.00485,-67.94189,0.2177572,0.00025461163
0.5252525,0.24242425,5.2731484e-06,-0.00029548816,-27.64674,-67.22814,0.22810857,0.0002955352
0.5252525,0.28282827,5.165115e-06,-0.00033600256,-27.290024,-66.51608,0.23723798,0.00033604226
0.5252525,0.32323232,5.0794333e-06,-0.00037610903,-26.934752,-65.80557,0.24510704,0.00037614335
0.5252525,0.36363637,5.0105155e-06,-0.00041581132,-26.58095,-65.0964,0.25172246,0.0004158415
0.5252525,0.4040404,4.965812e-06,-0.00045509636,-26.228554,-64.3882,0.25712508,0.00045512346
0.5252525,0.44444445,4.9266964e-06,-0.0004939735,-25.877512,-63.68056,0.26138425,0.00049399806
0.5252525,0.4848485,4.8894435e-06,-0.00053244643,-25.527746,-62.973083,0.26456544,0.00053246884
0.5252525,0.5252525,4.8801303e-06,-0.0005704947,-25.17919,-62.265404,0.2667541,0.0005705156
0.5252525,0.56565654,4.870817e-06,-0.00060813874,-24.831808,-61.557213,0.26803243,0.00060815824
0.5252525,0.6060606,4.8745424e-06,-0.0006453786,-24.485565,-60.848274,0.2684654,0.000645397
0.5252525,0.64646465,4.8782676e-06,-0.0006821938,-24.1405,-60.1385,0.2681299,0.0006822112
0.5252525,0.68686867,4.8987567e-06,-0.0007186122,-23.796614,-59.42777,0.26707497,0.00071862893
0.5252525,0.72727275,4.902482e-06,-0.0007546041,-23.454016,-58.71621,0.26533988,0.00075462006
0.5252525,0.7676768,4.924834e-06,-0.0007901788,-23.112764,-58.003853,0.26296335,0.00079019414
0.5252525,0.8080808,4.949048e-06,-0.0008253418,-22.77298,-57.290943,0.25997248,0.00082535663
0.5252525,0.8484849,4.9620867e-06,-0.000860082,-22.43479,-56.577698,0.2563743,0.0008600963
0.5252525,0.8888889,4.9844384e-06,-0.00089441054,-22.098265,-55.86425,0.2521979,0.00089442445
0.5252525,0.9292929,4.991889e-06,-0.00092831627,-21.7635,-55.15077,0.24745384,0.00092832965
0.5252525,0.969697,5.0049275e-06,-0.00096180104,-21.430496,-54.437294,0.24215253,0.0009618141
0.5252525,1.010101,5.008653e-06,-0.0009948723,-21.099318,-53.723938,0.23632178,0.000994885
0.5252525,1.050505,5.008653e-06,-0.0010275207,-20.769894,-53.010574,0.22999285,0.001027533
0.5252525,1.0909091,4.9956143e-06,-0.0010597426,-20.442142,-52.297028,0.22319385,0.0010597545
0.5252525,1.1313131,4.9844384e-06,-0.0010915492,-20.115953,-51.583054,0.21597223,0.0010915606
0.5252525,1.1717172,4.9564987e-06,-0.0011229292,-19.79119,-50.868362,0.20837618,0.0011229401
0.5252525,1.2121212,4.917383e-06,-0.0011538994,-19.467688,-50.152622,0.2004438,0.0011539098
0.5252525,1.2525252,4.8689544e-06,-0.0011844393,-19.145409,-49.43574,0.19223306,0.0011844493
0.5252525,1.2929293,4.8149377e-06,-0.0012145545,-18.824274,-48.717556,0.18378489,0.0012145641
0.5252525,1.3333334,4.740432e-06,-0.0012442544,-18.504368,-47.99821,0.1751401,0.0012442635
0.5252525,1.3737373,4.6528876e-06,-0.0012735315,-18.18587,-47.27805,0.16632895,0.00127354
0.5252525,1.4141414,4.5578927e-06,-0.0013023876,-17.86911,-46.55763,0.15737899,0.0013023956
0.5252525,1.4545455,4.4424087e-06,-0.0013308432,-17.554499,-45.83758,0.14833564,0.0013308506
0.5252525,1.4949495,4.3213367e-06,-0.0013588909,-17.24254,-45.1185,0.13922189,0.0013588978
0.5252525,1.5353535,4.1816384e-06,-0.00138654,-16.933699,-44.400578,0.13009389,0.0013865464
0.5252525,1.5757576,4.0195882e-06,-0.0014138371,-16.628397,-43.683453,0.12099373,0.0014138428
0.5252525,1.6161616,3.853813e-06,-0.0014407821,-16.327091,-42.9662,0.11196863,0.0014407872
0.5252525,1.6565657,3.6749989e-06,-0.0014674347,-16.030434,-42.24742,0.10302865,0.0014674393
0.5252525,1.6969697,3.4775585e-06,-0.0014938302,-15.739554,-41.52575,0.09414936,0.0014938342
0.5252525,1.7373737,3.2670796e-06,-0.0015200619,-15.456618,-40.800865,0.08525292,0.0015200654
0.5252525,1.7777778,3.0361116e-06,-0.0015462581,-15.185038,-40.07402,0.076247275,0.0015462611
0.5252525,1.8181819,2.803281e-06,-0.0015725698,-14.929209,-39.347893,0.06714432,0.0015725724
0.5252525,1.8585858,2.5574118e-06,-0.0015992373,-14.693245,-38.625137,0.05811437,0.0015992394
0.5252525,1.8989899,2.3003668e-06,-0.0016265493,-14.478917,-37.906105,0.04953566,0.0016265509
0.5252525,1.939394,2.0340085e-06,-0.0016548894,-14.283645,-37.187645,0.041858856,0.0016548907
0.5252525,1.979798,1.7657876e-06,-0.0016846657,-14.100316,-36.465065,0.03530504,0.0016846666
0.5252525,2.020202,1.475215e-06,-0.0017162897,-13.919512,-35.736572,0.029601347,0.0017162904
0.5252525,2.060606,1.1920929e-06,-0.0017501209,-13.732802,-35.005913,0.024154048,0.0017501212
0.5252525,2.10101,9.033829e-07,-0.0017863195,-13.534137,-34.27869,0.018457089,0.0017863198
0.5252525,2.1414142,5.9977174e-07,-0.0018248335,-13.319296,-33.55629,0.012604699,0.0018248336
0.5252525,2.1818182,2.8684735e-07,-0.0018653534,-13.085676,-32.834743,0.0072335475,0.0018653534
0.5252525,2.2222223,-3.5390258e-08,-0.0019074157,-12.833115,-32.10929,0.0030327833,0.0019074157
0.5252525,2.2626262,-3.799796e-07,-0.0019504875,-12.564494,-31.379164,0.00014961412,0.0019504876
0.5252525,2.3030303,-7.2456896e-07,-0.0019940473,-12.284558,-30.647366,-0.0019367175,0.0019940475
0.5252525,2.3434343,-1.0635704e-06,-0.0020376593,-11.997886,-29.917406,-0.0040107006,0.0020376595
0.5252525,2.3838384,-1.4062971e-06,-0.0020809658,-11.707621,-29.190855,-0.006646654,0.0020809663
0.5252525,2.4242425,-1.758337e-06,-0.002123747,-11.41529,-28.467005,-0.0099418005,0.0021237477
0.5252525,2.4646466,-2.1141022e-06,-0.0021657925,-11.121349,-27.743883,-0.013590665,0.0021657934
0.5252525,2.5050504,-2.4810433e-06,-0.0022070017,-10.8258295,-27.019531,-0.017118663,0.002207003
0.5252525,2.5454545,-2.8628856e-06,-0.0022472758,-10.528826,-26.292837,-0.020077214,0.0022472776
0.5252525,2.5858586,-3.2261014e-06,-0.0022865627,-10.230618,-25.563591,-0.02218804,0.002286565
0.5252525,2.6262627,-3.6023557e-06,-0.002324814,-9.931679,-24.832357,-0.023369094,0.0023248168
0.5252525,2.6666667,-3.9804727e-06,-0.0023619886,-9.632567,-24.10008,-0.02370687,0.0023619921
0.5252525,2.7070708,-4.336238e-06,-0.0023980942,-9.333756,-23.367645,-0.023411375,0.0023980981
0.5252525,2.7474747,-4.68269e-06,-0.0024331063,-9.035608,-22.63574,-0.0227361,0.0024331107
0.5252525,2.7878788,-5.023554e-06,-0.0024670195,-8.738308,-21.904705,-0.021945573,0.0024670246
0.5252525,2.8282828,-5.3457916e-06,-0.0024998374,-8.441887,-21.17456,-0.021279432,0.0024998432
0.5252525,2.868687,-5.6605786e-06,-0.002531549,-8.146269,-20.445116,-0.020929206,0.0025315552
0.5252525,2.909091,-5.973503e-06,-0.002562156,-7.8512907,-19.716024,-0.021028675,0.002562163
0.5252525,2.9494948,-6.2752515e-06,-0.002591662,-7.556771,-18.986916,-0.021656929,0.0025916698
0.5252525,2.989899,-6.5863132e-06,-0.0026200507,-7.2625475,-18.257486,-0.022831002,0.0026200588
0.5252525,3.030303,-6.897375e-06,-0.002647344,-6.9684386,-17.527437,-0.024531495,0.002647353
0.5252525,3.070707,-7.21775e-06,-0.002673516,-6.6743374,-16.796656,-0.026703779,0.0026735258
0.5252525,3.1111112,-7.5567514e-06,-0.0026985705,-6.380146,-16.065086,-0.029260077,0.0026985812
0.5252525,3.1515152,-7.914379e-06,-0.002722524,-6.085816,-15.332786,-0.03209103,0.0027225357
0.5252525,3.191919,-8.283183e-06,-0.0027453564,-5.7912946,-14.599834,-0.03508862,0.002745369
0.5252525,3.2323232,-8.676201e-06,-0.0027670804,-5.4965734,-13.866414,-0.03812601,0.002767094
0.5252525,3.2727273,-9.074807e-06,-0.002787685,-5.201627,-13.1326685,-0.041083466,0.0027877
0.5252525,3.3131313,-9.519979e-06,-0.002807172,-4.9064536,-12.398787,-0.043845985,0.0028071883
0.5252525,3.3535354,-9.968877e-06,-0.0028255377,-4.6110134,-11.664887,-0.046304192,0.0028255554
0.5252525,3.3939395,-1.0430813e-05,-0.0028427932,-4.3152995,-10.931127,-0.048356052,0.0028428123
0.5252525,3.4343433,-1.09206885e-05,-0.002858935,-4.019261,-10.197579,-0.049918484,0.0028589556
0.5252525,3.4747474,-1.1419877e-05,-0.0028739497,-3.722857,-9.464301,-0.05091015,0.0028739723
0.5252525,3.5151515,-1.1941418e-05,-0.0028878544,-3.4260502,-8.731355,-0.05126291,0.002887879
0.5252525,3.5555556,-1.24536455e-05,-0.00290066,-3.128782,-7.998741,-0.050926898,0.0029006868
0.5252525,3.5959597,-1.29677355e-05,-0.0029123407,-2.8310206,-7.266493,-0.049857877,0.0029123696
0.5252525,3.6363637,-1.3485551e-05,-0.0029229168,-2.532742,-6.534656,-0.048020188,0.0029229478
0.5252525,3.6767676,-1.4003366e-05,-0.0029323716,-2.2339284,-5.803272,-0.04539468,0.002932405
0.5252525,3.7171717,-1.449883e-05,-0.0029407274,-1.9346054,-5.0724626,-0.041963235,0.002940763
0.5252525,3.7575758,-1.498498e-05,-0.0029479824,-1.6348169,-4.3423877,-0.037722506,0.0029480206
0.5252525,3.7979798,-1.5448779e-05,-0.0029541217,-1.3346494,-3.6132836,-0.032671086,0.002954162
0.5252525,3.838384,-1.5880913e-05,-0.0029591657,-1.0342363,-2.8854835,-0.026818033,0.0029592083
0.5252525,3.878788,-1.6281381e-05,-0.0029630996,-0.7337559,-2.1594155,-0.02018115,0.0029631443
0.5252525,3.9191918,-1.6657636e-05,-0.002965944,-0.43344352,-1.4356372,-0.012775749,0.0029659907
0.5252525,3.959596,-1.6985461e-05,-0.0029676985,-0.13359182,-0.714812,-0.004629188,0.0029677472
0.5252525,4.0,-1.7268583e-05,-0.002968371,0.16544826,0.0022557434,0.0042287027,0.0029684212
0.65656567,0.04040404,8.244067e-06,-8.48528e-05,-29.513697,-70.81962,0.20647968,8.5252344e-05
0.65656567,0.08080808,8.1490725e-06,-0.00012742542,-29.145592,-70.10243,0.22246875,0.00012768572
0.65656567,0.121212125,8.076429e-06,-0.00016958639,-28.778107,-69.38533,0.23774342,0.00016977859
0.65656567,0.16161616,8.031726e-06,-0.00021133013,-28.411648,-68.669044,0.25201094,0.00021148271
0.65656567,0.2020202,8.013099e-06,-0.0002526678,-28.04657,-67.95423,0.26505753,0.00025279485
0.65656567,0.24242425,8.018687e-06,-0.0002936013,-27.683064,-67.241104,0.27674732,0.00029371076
0.65656567,0.28282827,8.044764e-06,-0.00033411384,-27.32124,-66.52966,0.28700307,0.00033421066
0.65656567,0.32323232,8.08388e-06,-0.00037421845,-26.961157,-65.81985,0.295792,0.00037430576
0.65656567,0.36363637,8.136034e-06,-0.00041391328,-26.6028,-65.11134,0.30314228,0.00041399323
0.65656567,0.4040404,8.208677e-06,-0.00045321882,-26.246092,-64.40375,0.309108,0.00045329315
0.65656567,0.44444445,8.298084e-06,-0.0004920922,-25.890974,-63.696697,0.3137522,0.0004921622
0.65656567,0.4848485,8.394942e-06,-0.00053057633,-25.53735,-62.98972,0.3171714,0.00053064275
0.65656567,0.5252525,8.473173e-06,-0.0005686395,-25.185139,-62.282455,0.31944644,0.0005687026
0.65656567,0.56565654,8.583069e-06,-0.0006062966,-24.834316,-61.574627,0.32067955,0.00060635735
0.65656567,0.6060606,8.692965e-06,-0.00064354576,-24.484802,-60.86589,0.3209419,0.0006436045
0.65656567,0.64646465,8.802861e-06,-0.00068037584,-24.136648,-60.15623,0.32031986,0.0006804328
0.65656567,0.68686867,8.907169e-06,-0.00071679987,-23.789875,-59.445568,0.3188667,0.0007168552
0.65656567,0.72727275,9.0152025e-06,-0.00075280666,-23.444525,-58.733894,0.3166288,0.0007528606
0.65656567,0.7676768,9.121373e-06,-0.0007884018,-23.10071,-58.021404,0.3136539,0.0007884546
0.65656567,0.8080808,9.218231e-06,-0.0008235797,-22.758526,-57.30826,0.3099668,0.0008236313
0.65656567,0.8484849,9.324402e-06,-0.0008583423,-22.418066,-56.594635,0.30558193,0.0008583929
0.65656567,0.8888889,9.413809e-06,-0.0008926913,-22.079424,-55.880722,0.30052477,0.00089274097
0.65656567,0.9292929,9.495765e-06,-0.00092661567,-21.742704,-55.16678,0.29480752,0.00092666433
0.65656567,0.969697,9.570271e-06,-0.0009601135,-21.40791,-54.452793,0.28845865,0.00096016115
0.65656567,1.010101,9.644777e-06,-0.0009932071,-21.075068,-53.73885,0.28148326,0.0009932539
0.65656567,1.050505,9.696931e-06,-0.0010258723,-20.744125,-53.02488,0.27392888,0.001025918
0.65656567,1.0909091,9.75281e-06,-0.0010581184,-20.414988,-52.310684,0.26582345,0.0010581634
0.65656567,1.1313131,9.777024e-06,-0.0010899417,-20.08757,-51.59609,0.25722185,0.0010899856
0.65656567,1.1717172,9.799376e-06,-0.0011213459,-19.761719,-50.880775,0.2481614,0.0011213887
0.65656567,1.2121212,9.7975135e-06,-0.0011523273,-19.437265,-50.164433,0.23870027,0.001152369
0.65656567,1.2525252,9.793788e-06,-0.0011828877,-19.11412,-49.446835,0.22888765,0.0011829282
0.65656567,1.2929293,9.762123e-06,-0.0012130179,-18.792244,-48.727913,0.2187774,0.0012130572
0.65656567,1.3333334,9.72487e-06,-0.0012427308,-18.471678,-48.00775,0.20841005,0.0012427688
0.65656567,1.3737373,9.665266e-06,-0.0012720339,-18.152617,-47.286716,0.19783086,0.0012720706
0.65656567,1.4141414,9.59076e-06,-0.0013009012,-17.835371,-46.565308,0.18706916,0.0013009366
0.65656567,1.4545455,9.497628e-06,-0.0013293698,-17.520391,-45.84429,0.17617556,0.0013294037
0.65656567,1.4949495,9.382144e-06,-0.0013574362,-17.208181,-45.124233,0.16518782,0.0013574685
0.65656567,1.5353535,9.257346e-06,-0.001385102,-16.899273,-44.40551,0.15415984,0.001385133
0.65656567,1.5757576,9.1046095e-06,-0.0014124103,-16.594168,-43.687935,0.14316337,0.0014124396
0.65656567,1.6161616,8.948147e-06,-0.0014393702,-16.293375,-42.970673,0.13225147,0.001439398
0.65656567,1.6565657,8.761883e-06,-0.0014660321,-15.997546,-42.252335,0.12146437,0.0014660583
0.65656567,1.6969697,8.56258e-06,-0.0014924482,-15.7078285,-41.531574,0.11078764,0.0014924726
0.65656567,1.7373737,8.352101e-06,-0.001518691,-15.426269,-40.80772,0.10015373,0.0015187139
0.65656567,1.7777778,8.130446e-06,-0.0015449077,-15.15612,-40.081604,0.089459516,0.0015449291
0.65656567,1.8181819,7.888302e-06,-0.0015712362,-14.901613,-39.355515,0.07868256,0.001571256
0.65656567,1.8585858,7.63312e-06,-0.0015979186,-14.666806,-38.631886,0.067959994,0.0015979368
0.65656567,1.8989899,7.3611736e-06,-0.0016252492,-14.453551,-37.91137,0.057657756,0.0016252658
0.65656567,1.939394,7.085502e-06,-0.0016535893,-14.259567,-37.1916,0.048234552,0.0016536046
0.65656567,1.979798,6.7893416e-06,-0.0016833786,-14.077996,-36.46875,0.039954413,0.0016833923
0.65656567,2.020202,6.493181e-06,-0.0017150324,-13.899444,-35.741364,0.032639,0.0017150446
0.65656567,2.060606,6.2007457e-06,-0.0017488692,-13.715095,-35.012592,0.02573059,0.0017488801
0.65656567,2.10101,5.874783e-06,-0.0017850939,-13.518328,-34.286934,0.018768638,0.0017851036
0.65656567,2.1414142,5.5450946e-06,-0.0018236171,-13.304552,-33.564972,0.011827733,0.0018236255
0.65656567,2.1818182,5.2042305e-06,-0.0018641669,-13.071267,-32.842926,0.005525446,0.0018641741
0.65656567,2.2222223,4.835427e-06,-0.0019062553,-12.818807,-32.11704,0.0004843135,0.0019062614
0.65656567,2.2626262,4.461035e-06,-0.0019493476,-12.550533,-31.387438,-0.0032191304,0.0019493527
0.65656567,2.3030303,4.0773302e-06,-0.0019929335,-12.271314,-30.657219,-0.00615824,0.0019929376
0.65656567,2.3434343,3.684312e-06,-0.0020365678,-11.985576,-29.92938,-0.009148417,0.002036571
0.65656567,2.3838384,3.296882e-06,-0.0020799115,-11.696212,-29.204782,-0.012727373,0.002079914
0.65656567,2.4242425,2.8852373e-06,-0.0021227207,-11.404538,-28.482147,-0.016955381,0.0021227226
0.65656567,2.4646466,2.456829e-06,-0.0021648034,-11.110968,-27.75936,-0.021487108,0.0021648048
0.65656567,2.5050504,2.0246953e-06,-0.0022060499,-10.815627,-27.034647,-0.02581406,0.0022060508
0.65656567,2.5454545,1.5683472e-06,-0.0022463575,-10.518703,-26.307108,-0.029490506,0.002246358
0.65656567,2.5858586,1.1157244e-06,-0.002285676,-10.22062,-25.57686,-0.03225916,0.0022856763
0.65656567,2.6262627,6.7427754e-07,-0.0023239534,-9.921935,-24.84465,-0.034052234,0.0023239534
0.65656567,2.6666667,2.1979213e-07,-0.0023611635,-9.623222,-24.111486,-0.034983613,0.0023611635
0.65656567,2.7070708,-2.2538006e-07,-0.0023973025,-9.324964,-23.378267,-0.035269596,0.0023973025
0.65656567,2.7474747,-6.761402e-07,-0.002432339,-9.027479,-22.645613,-0.035182,0.002432339
0.65656567,2.7878788,-1.1045486e-06,-0.00246628,-8.730896,-21.91375,-0.034983035,0.0024662802
0.65656567,2.8282828,-1.5348196e-06,-0.0024991073,-8.43519,-21.182611,-0.034910303,0.0024991077
0.65656567,2.868687,-1.95764e-06,-0.0025308393,-8.140245,-20.451946,-0.035149958,0.00253084
0.65656567,2.909091,-2.3767352e-06,-0.0025614537,-7.8458934,-19.721418,-0.035818722,0.002561455
0.65656567,2.9494948,-2.7902424e-06,-0.0025909748,-7.5519385,-18.990664,-0.036987778,0.0025909762
0.65656567,2.989899,-3.201887e-06,-0.0026193876,-7.2581925,-18.259382,-0.038664635,0.0026193894
0.65656567,3.030303,-3.643334e-06,-0.0026466642,-6.9645205,-17.527401,-0.04081618,0.0026466667
0.65656567,3.070707,-4.082918e-06,-0.0026728567,-6.67081,-16.79465,-0.043374047,0.0026728597
0.65656567,3.1111112,-4.5392662e-06,-0.0026979055,-6.3769865,-16.06115,-0.046243694,0.0026979093
0.65656567,3.1515152,-5.0142407e-06,-0.0027218442,-6.0830245,-15.327052,-0.04931093,0.002721849
0.65656567,3.191919,-5.505979e-06,-0.0027446728,-5.788893,-14.592508,-0.05245495,0.0027446784
0.65656567,3.2323232,-6.0070306e-06,-0.0027663894,-5.49458,-13.857712,-0.055552095,0.002766396
0.65656567,3.2727273,-6.5434724e-06,-0.002786968,-5.200079,-13.122884,-0.058478046,0.0027869756
0.65656567,3.3131313,-7.0892274e-06,-0.00280644,-4.9053783,-12.388202,-0.061117563,0.002806449
0.65656567,3.3535354,-7.657334e-06,-0.0028247964,-4.61045,-11.653811,-0.063362435,0.0028248066
0.65656567,3.3939395,-8.242205e-06,-0.002842022,-4.3152747,-10.91987,-0.065111876,0.0028420342
0.65656567,3.4343433,-8.8419765e-06,-0.0028581452,-4.0197983,-10.186426,-0.06628268,0.002858159
0.65656567,3.4747474,-9.4510615e-06,-0.0028731432,-3.723965,-9.453517,-0.06679863,0.0028731585
0.65656567,3.5151515,-1.0058284e-05,-0.002887031,-3.4277225,-8.72117,-0.06660077,0.0028870485
0.65656567,3.5555556,-1.0669231e-05,-0.0028998088,-3.131009,-7.9893565,-0.06563809,0.0028998284
0.65656567,3.5959597,-1.129508e-05,-0.002911469,-2.833769,-7.258071,-0.06386691,0.0029114909
0.65656567,3.6363637,-1.190789e-05,-0.0029220264,-2.5359623,-6.5273023,-0.06126498,0.002922051
0.65656567,3.6767676,-1.2503937e-05,-0.002931472,-2.2375638,-5.7970734,-0.057814054,0.0029314987
0.65656567,3.7171717,-1.3086945e-05,-0.002939809,-1.9385808,-5.067449,-0.053500813,0.0029398382
0.65656567,3.7575758,-1.3643876e-05,-0.0029470567,-1.6390439,-4.3385434,-0.048325762,0.0029470883
0.65656567,3.7979798,-1.4184043e-05,-0.0029531866,-1.3390286,-3.610561,-0.04229468,0.0029532206
0.65656567,3.838384,-1.4679506e-05,-0.002958227,-1.038655,-2.883792,-0.03542113,0.0029582635
0.65656567,3.878788,-1.5158206e-05,-0.0029621497,-0.73809415,-2.1586409,-0.027725177,0.0029621886
0.65656567,3.9191918,-1.5586615e-05,-0.0029649958,-0.43756813,-1.4356076,-0.019230457,0.0029650368
0.65656567,3.959596,-1.5964732e-05,-0.002966743,-0.13736594,-0.7153497,-0.009968408,0.002966786
0.65656567,4.0,-1.6296282e-05,-0.0029674117,0.16216524,0.0013598037,2.9338202e-05,0.0029674564
0.78787875,0.04040404,1.0153279e-05,-8.318946e-05,-29.585968,-70.80842,0.25094414,8.380677e-05
0.78787875,0.08080808,1.0209158e-05,-0.00012573414,-29.210497,-70.09252,0.26852965,0.00012614793
0.78787875,0.121212125,1.029484e-05,-0.00016786717,-28.836042,-69.37671,0.28519484,0.00016818255
0.78787875,0.16161616,1.04010105e-05,-0.00020958483,-28.462986,-68.661705,0.3006572,0.00020984275
0.78787875,0.2020202,1.0533258e-05,-0.00025090203,-28.091677,-67.94817,0.31469473,0.00025112304
0.78787875,0.24242425,1.0685995e-05,-0.00029181316,-27.72224,-67.23616,0.32719183,0.00029200877
0.78787875,0.28282827,1.0848045e-05,-0.00033231266,-27.354828,-66.52587,0.3380727,0.00033248967
0.78787875,0.32323232,1.1030585e-05,-0.0003724154,-26.98945,-65.81709,0.3473199,0.00037257874
0.78787875,0.36363637,1.1229888e-05,-0.00041210093,-26.626062,-65.10951,0.35497272,0.0004122539
0.78787875,0.4040404,1.1432916e-05,-0.00045138597,-26.26459,-64.402756,0.3610887,0.00045153074
0.78787875,0.44444445,1.1635944e-05,-0.0004902631,-25.904957,-63.696453,0.36574984,0.0004904012
0.78787875,0.4848485,1.1857599e-05,-0.0005287416,-25.547043,-62.990093,0.36906257,0.0005288746
0.78787875,0.5252525,1.20755285e-05,-0.0005668029,-25.190783,-62.283405,0.37111762,0.00056693156
0.78787875,0.56565654,1.2293458e-05,-0.00060445815,-24.836094,-61.575993,0.37201962,0.0006045831
0.78787875,0.6060606,1.2515113e-05,-0.00064170547,-24.48295,-60.867687,0.3718638,0.00064182753
0.78787875,0.64646465,1.2734905e-05,-0.00067854114,-24.131351,-60.158348,0.37072998,0.00067866064
0.78787875,0.68686867,1.2949109e-05,-0.0007149745,-23.781338,-59.447975,0.36868715,0.0007150917
0.78787875,0.72727275,1.3157725e-05,-0.0007509794,-23.432934,-58.736557,0.36578533,0.00075109466
0.78787875,0.7676768,1.3366342e-05,-0.0007865876,-23.08625,-58.024277,0.36207184,0.00078670116
0.78787875,0.8080808,1.3548881e-05,-0.00082176924,-22.741356,-57.31128,0.35758725,0.00082188094
0.78787875,0.8484849,1.3744459e-05,-0.00085653923,-22.39836,-56.5978,0.3523392,0.0008566495
0.78787875,0.8888889,1.3904646e-05,-0.00089089014,-22.05737,-55.884068,0.34635434,0.00089099864
0.78787875,0.9292929,1.4076009e-05,-0.0009248201,-21.718441,-55.17025,0.3396531,0.0009249272
0.78787875,0.969697,1.4223158e-05,-0.00095834397,-21.38159,-54.456383,0.33224946,0.0009584495
0.78787875,1.010101,1.43591315e-05,-0.0009914413,-21.046848,-53.742588,0.32417262,0.0009915453
0.78787875,1.050505,1.4467165e-05,-0.0010241158,-20.714167,-53.0288,0.31545067,0.001024218
0.78787875,1.0909091,1.4564022e-05,-0.001056375,-20.383455,-52.314835,0.3061212,0.0010564753
0.78787875,1.1313131,1.4657155e-05,-0.0010882113,-20.054602,-51.600475,0.2962316,0.00108831
0.78787875,1.1717172,1.4726073e-05,-0.001119636,-19.727438,-50.885395,0.28582636,0.0011197329
0.78787875,1.2121212,1.4770776e-05,-0.001150623,-19.401815,-50.16928,0.27496737,0.0011507177
0.78787875,1.2525252,1.4800578e-05,-0.0011812001,-19.077648,-49.451946,0.2637029,0.0011812928
0.78787875,1.2929293,1.4819205e-05,-0.0012113526,-18.75486,-48.733242,0.25208855,0.0012114433
0.78787875,1.3333334,1.4806166e-05,-0.0012410786,-18.433483,-48.013195,0.24016663,0.001241167
0.78787875,1.3737373,1.4770776e-05,-0.0012703948,-18.113712,-47.292164,0.22798972,0.0012704807
0.78787875,1.4141414,1.4709309e-05,-0.0012992881,-17.795868,-46.570683,0.21558957,0.0012993714
0.78787875,1.4545455,1.4634803e-05,-0.0013277624,-17.480368,-45.8494,0.20301427,0.001327843
0.78787875,1.4949495,1.4547259e-05,-0.0013558511,-17.167782,-45.12905,0.19031346,0.0013559291
0.78787875,1.5353535,1.4426187e-05,-0.0013835393,-16.85867,-44.410053,0.17755881,0.0013836145
0.78787875,1.5757576,1.4293939e-05,-0.001410855,-16.55361,-43.69235,0.16482168,0.0014109274
0.78787875,1.6161616,1.4131889e-05,-0.0014378373,-16.253176,-42.975266,0.15218756,0.0014379068
0.78787875,1.6565657,1.39568e-05,-0.0014645066,-15.958065,-42.25746,0.13970156,0.0014645731
0.78787875,1.6969697,1.37500465e-05,-0.0014909413,-15.669473,-41.537632,0.1273806,0.0014910047
0.78787875,1.7373737,1.3552606e-05,-0.0015172157,-15.389327,-40.8148,0.11515933,0.0015172763
0.78787875,1.7777778,1.33141875e-05,-0.0015434399,-15.120787,-40.089504,0.10293773,0.0015434973
0.78787875,1.8181819,1.3059005e-05,-0.001569787,-14.867978,-39.36369,0.09066865,0.0015698414
0.78787875,1.8585858,1.28000975e-05,-0.0015964825,-14.634838,-38.639576,0.07846635,0.0015965338
0.78787875,1.8989899,1.2515113e-05,-0.0016238317,-14.42328,-37.917946,0.06667013,0.0016238799
0.78787875,1.939394,1.2228265e-05,-0.0016521905,-14.231196,-37.197063,0.05574172,0.0016522357
0.78787875,1.979798,1.1926517e-05,-0.001682004,-14.0519,-36.473824,0.045979485,0.0016820463
0.78787875,2.020202,1.1606142e-05,-0.0017136633,-13.875982,-35.74712,0.037251957,0.0017137026
0.78787875,2.060606,1.1278316e-05,-0.0017475225,-13.694289,-35.019714,0.029051296,0.0017475588
0.78787875,2.10101,1.0941178e-05,-0.0017837584,-13.499642,-34.2951,0.020934975,0.0017837919
0.78787875,2.1414142,1.0587275e-05,-0.0018223096,-13.287209,-33.573383,0.012970098,0.0018223403
0.78787875,2.1818182,1.0212883e-05,-0.0018628854,-13.054563,-32.850887,0.0057401774,0.0018629135
0.78787875,2.2222223,9.812415e-06,-0.0019049905,-12.802505,-32.124756,-0.00016705334,0.0019050158
0.78787875,2.2626262,9.395182e-06,-0.0019481145,-12.534758,-31.39574,-0.0047523975,0.0019481371
0.78787875,2.3030303,8.970499e-06,-0.001991719,-12.256281,-30.666908,-0.008634232,0.0019917393
0.78787875,2.3434343,8.547679e-06,-0.0020353869,-11.971362,-29.940754,-0.012635185,0.0020354048
0.78787875,2.3838384,8.0913305e-06,-0.002078766,-11.682656,-29.217442,-0.017268742,0.0020787818
0.78787875,2.4242425,7.6238066e-06,-0.0021216013,-11.391383,-28.495388,-0.022545926,0.002121615
0.78787875,2.4646466,7.139519e-06,-0.002163725,-11.0979595,-27.772427,-0.028075173,0.0021637368
0.78787875,2.5050504,6.6310167e-06,-0.0022050012,-10.802605,-27.046951,-0.033334307,0.0022050112
0.78787875,2.5454545,6.1169267e-06,-0.0022453535,-10.505668,-26.318405,-0.037878256,0.002245362
0.78787875,2.5858586,5.5767596e-06,-0.0022846926,-10.2076845,-25.587152,-0.041454375,0.0022846994
0.78787875,2.6262627,5.0459057e-06,-0.0023229942,-9.909292,-24.854122,-0.044021104,0.0023229995
0.78787875,2.6666667,4.498288e-06,-0.0023602434,-9.611078,-24.120333,-0.045709576,0.0023602475
0.78787875,2.7070708,3.9488077e-06,-0.002396388,-9.313497,-23.38664,-0.046743695,0.0023963912
0.78787875,2.7474747,3.412366e-06,-0.0024314541,-9.016817,-22.653551,-0.047396697,0.0024314567
0.78787875,2.7878788,2.881512e-06,-0.002465412,-8.721116,-21.921198,-0.047937784,0.0024654137
0.78787875,2.8282828,2.341345e-06,-0.0024982728,-8.426319,-21.189426,-0.04859623,0.002498274
0.78787875,2.868687,1.8104911e-06,-0.0025300104,-8.132272,-20.457912,-0.049542777,0.002530011
0.78787875,2.909091,1.2721866e-06,-0.0025606602,-7.83877,-19.726292,-0.0508947,0.0025606605
0.78787875,2.9494948,7.469207e-07,-0.0025901888,-7.545622,-18.994242,-0.052698173,0.0025901888
0.78787875,2.989899,1.899898e-07,-0.0026186015,-7.2526393,-18.261486,-0.054955367,0.0026186015
0.78787875,3.030303,-3.594905e-07,-0.0026458986,-6.9596987,-17.52794,-0.05761865,0.0026458986
0.78787875,3.070707,-9.201467e-07,-0.0026720837,-6.6666875,-16.793564,-0.06061165,0.002672084
0.78787875,3.1111112,-1.5068799e-06,-0.0026971325,-6.3735805,-16.058521,-0.063827164,0.002697133
0.78787875,3.1515152,-2.1010637e-06,-0.0027210768,-6.0803294,-15.322955,-0.0671494,0.0027210778
0.78787875,3.191919,-2.7269125e-06,-0.002743896,-5.7869334,-14.587114,-0.07045264,0.0027438975
0.78787875,3.2323232,-3.369525e-06,-0.0027655903,-5.493383,-13.8512335,-0.073607005,0.0027655924
0.78787875,3.2727273,-4.004687e-06,-0.002786165,-5.1996803,-13.115557,-0.07649093,0.002786168
0.78787875,3.3131313,-4.688278e-06,-0.0028056167,-4.905808,-12.380289,-0.07898327,0.0028056204
0.78787875,3.3535354,-5.384907e-06,-0.0028239526,-4.6117353,-11.645578,-0.080983914,0.0028239577
0.78787875,3.3939395,-6.077811e-06,-0.0028411634,-4.3174257,-10.911552,-0.08239237,0.00284117
0.78787875,3.4343433,-6.793067e-06,-0.0028572734,-4.0228224,-10.178268,-0.0831265,0.0028572816
0.78787875,3.4747474,-7.515773e-06,-0.002872251,-3.7278545,-9.445727,-0.083116256,0.0028722608
0.78787875,3.5151515,-8.236617e-06,-0.0028861258,-3.4324508,-8.713918,-0.08230384,0.0028861375
0.78787875,3.5555556,-8.948147e-06,-0.0028988905,-3.136544,-7.98281,-0.08064195,0.0028989043
0.78787875,3.5959597,-9.670854e-06,-0.0029105302,-2.8400521,-7.2523193,-0.078100204,0.0029105463
0.78787875,3.6363637,-1.03749335e-05,-0.0029210765,-2.542926,-6.522425,-0.07465154,0.002921095
0.78787875,3.6767676,-1.1051074e-05,-0.0029305127,-2.2451284,-5.793106,-0.07028277,0.0029305334
0.78787875,3.7171717,-1.1719763e-05,-0.0029388312,-1.9466435,-5.064371,-0.06498883,0.0029388545
0.78787875,3.7575758,-1.2356788e-05,-0.0029460602,-1.6474935,-4.336329,-0.05877572,0.0029460862
0.78787875,3.7979798,-1.296401e-05,-0.00295219,-1.34774,-3.609122,-0.051650666,0.0029522188
0.78787875,3.838384,-1.3532117e-05,-0.0029572137,-1.0474964,-2.8830175,-0.04363243,0.0029572446
0.78787875,3.878788,-1.4057383e-05,-0.0029611439,-0.74692124,-2.1583853,-0.034746896,0.0029611771
0.78787875,3.9191918,-1.453422e-05,-0.002963975,-0.44623208,-1.4357177,-0.025021328,0.0029640107
0.78787875,3.959596,-1.4968216e-05,-0.002965724,-0.14570911,-0.71562254,-0.014491547,0.0029657618
0.78787875,4.0,-1.534447e-05,-0.0029663816,0.15430678,0.0011370939,-0.0031941803,0.0029664212
0.9191919,0.04040404,1.18706375e-05,-8.173473e-05,-29.660202,-70.775444,0.30264997,8.259224e-05
0.9191919,0.08080808,1.21071935e-05,-0.00012422912,-29.277088,-70.06189,0.32120234,0.0001248177
0.9191919,0.121212125,1.2356788e-05,-0.00016631559,-28.89538,-69.34825,0.338667,0.000166774
0.9191919,0.16161616,1.2630597e-05,-0.00020800903,-28.5155,-68.63539,0.35474753,0.00020839216
0.9191919,0.2020202,1.292862e-05,-0.0002492834,-28.137684,-67.92372,0.36924842,0.00024961843
0.9191919,0.24242425,1.3235956e-05,-0.00029016845,-27.762123,-67.21352,0.38204363,0.00029047017
0.9191919,0.28282827,1.3563782e-05,-0.00033063814,-27.388878,-66.50479,0.39307308,0.00033091623
0.9191919,0.32323232,1.38971955e-05,-0.00037070923,-27.017942,-65.79734,0.4023305,0.00037096962
0.9191919,0.36363637,1.4247373e-05,-0.0004103817,-26.649273,-65.09093,0.40986037,0.00041062894
0.9191919,0.4040404,1.4595687e-05,-0.00044964254,-26.282797,-64.385216,0.41573232,0.00044987936
0.9191919,0.44444445,1.4951453e-05,-0.0004885029,-25.918386,-63.67975,0.4200438,0.00048873166
0.9191919,0.4848485,1.5312806e-05,-0.00052696466,-25.55595,-62.974155,0.42289647,0.0005271871
0.9191919,0.5252525,1.5655532e-05,-0.0005650185,-25.195389,-62.268093,0.42440835,0.0005652354
0.9191919,0.56565654,1.6003847e-05,-0.0006026663,-24.836618,-61.56125,0.42468497,0.00060287875
0.9191919,0.6060606,1.6354024e-05,-0.00063989684,-24.47962,-60.853462,0.4238257,0.0006401058
0.9191919,0.64646465,1.6678125e-05,-0.0006767269,-24.124352,-60.14456,0.4219303,0.0006769324
0.9191919,0.68686867,1.7009676e-05,-0.00071314164,-23.770876,-59.43464,0.4190599,0.0007133445
0.9191919,0.72727275,1.7324463e-05,-0.000749154,-23.419224,-58.723694,0.41528806,0.0007493543
0.9191919,0.7676768,1.7629936e-05,-0.0007847473,-23.069471,-58.011894,0.41065782,0.0007849453
0.9191919,0.8080808,1.792796e-05,-0.00081993267,-22.721685,-57.29939,0.40520337,0.0008201286
0.9191919,0.8484849,1.8198043e-05,-0.00085469894,-22.375996,-56.58648,0.39895543,0.00085489266
0.9191919,0.8888889,1.8462539e-05,-0.00088905916,-22.032455,-55.873314,0.391937,0.00088925083
0.9191919,0.9292929,1.8700957e-05,-0.00092299096,-21.691137,-55.160088,0.384165,0.00092318037
0.9191919,0.969697,1.8933788e-05,-0.0009565074,-21.352077,-54.44693,0.37565622,0.00095669477
0.9191919,1.010101,1.9133091e-05,-0.0009895954,-21.01527,-53.73387,0.36643994,0.0009897804
0.9191919,1.050505,1.9310042e-05,-0.0010222811,-20.68067,-53.02086,0.35653764,0.0010224635
0.9191919,1.0909091,1.9481406e-05,-0.0010545515,-20.348196,-52.307777,0.34599906,0.0010547313
0.9191919,1.1313131,1.9621104e-05,-0.0010863952,-20.017712,-51.594315,0.33485982,0.0010865724
0.9191919,1.1717172,1.9747764e-05,-0.0011178143,-19.689085,-50.880222,0.32317254,0.0011179887
0.9191919,1.2121212,1.982972e-05,-0.0011488199,-19.362135,-50.16516,0.3109851,0.001148991
0.9191919,1.2525252,1.9911677e-05,-0.0011794083,-19.036774,-49.448883,0.29835904,0.0011795764
0.9191919,1.2929293,1.9954517e-05,-0.0012095608,-18.712883,-48.731144,0.2853406,0.0012097254
0.9191919,1.3333334,1.9986182e-05,-0.001239311,-18.39055,-48.012077,0.27198195,0.0012394722
0.9191919,1.3737373,1.9975007e-05,-0.0012686402,-18.069908,-47.291874,0.25832117,0.0012687974
0.9191919,1.4141414,1.9954517e-05,-0.0012975466,-17.751274,-46.571045,0.24440604,0.0012977
0.9191919,1.4545455,1.9894913e-05,-0.0013260413,-17.43511,-45.850292,0.23028299,0.0013261905
0.9191919,1.4949495,1.9818544e-05,-0.0013541318,-17.121962,-45.130306,0.21600206,0.0013542769
0.9191919,1.5353535,1.9710511e-05,-0.0013818406,-16.812489,-44.411633,0.20164499,0.0013819811
0.9191919,1.5757576,1.9585714e-05,-0.0014091711,-16.507294,-43.69429,0.18729416,0.0014093072
0.9191919,1.6161616,1.9429252e-05,-0.001436172,-16.207,-42.977634,0.17304322,0.0014363034
0.9191919,1.6565657,1.9246712e-05,-0.0014628675,-15.912425,-42.26056,0.15897349,0.001462994
0.9191919,1.6969697,1.9060448e-05,-0.0014893115,-15.624757,-41.541653,0.14510769,0.0014894335
0.9191919,1.7373737,1.8835068e-05,-0.0015155971,-15.345951,-40.81992,0.13140944,0.0015157141
0.9191919,1.7777778,1.8598512e-05,-0.0015418436,-15.079114,-40.095684,0.11777938,0.0015419557
0.9191919,1.8181819,1.8335879e-05,-0.0015682075,-14.828197,-39.370422,0.10415844,0.0015683147
0.9191919,1.8585858,1.8060207e-05,-0.0015949216,-14.597107,-38.646225,0.09063113,0.0015950239
0.9191919,1.8989899,1.7769635e-05,-0.0016222913,-14.387736,-37.923927,0.07752305,0.0016223886
0.9191919,1.939394,1.7460436e-05,-0.0016506743,-14.198068,-37.202236,0.06527733,0.0016507667
0.9191919,1.979798,1.714006e-05,-0.001680499,-14.021529,-36.478676,0.054223903,0.0016805864
0.9191919,2.020202,1.6806647e-05,-0.0017121751,-13.848632,-35.75247,0.044258635,0.0017122576
0.9191919,2.060606,1.6469508e-05,-0.001746064,-13.669854,-35.026016,0.03490471,0.0017461417
0.9191919,2.10101,1.6102567e-05,-0.0017823167,-13.477605,-34.302177,0.025724148,0.0017823895
0.9191919,2.1414142,1.5722588e-05,-0.001820894,-13.266748,-33.5805,0.016776672,0.0018209618
0.9191919,2.1818182,1.5320256e-05,-0.001861481,-13.035044,-32.857666,0.0086360825,0.0018615441
0.9191919,2.2222223,1.4906749e-05,-0.0019036252,-12.783635,-32.131424,0.0018283051,0.0019036835
0.9191919,2.2626262,1.4457852e-05,-0.0019467566,-12.51655,-31.402964,-0.003691455,0.0019468103
0.9191919,2.3030303,1.3986602e-05,-0.0019904003,-12.238833,-30.675339,-0.008591672,0.0019904494
0.9191919,2.3434343,1.3517216e-05,-0.0020340905,-11.954606,-29.950441,-0.013688998,0.0020341354
0.9191919,2.3838384,1.3006851e-05,-0.0020774957,-11.666377,-29.227942,-0.01947302,0.0020775364
0.9191919,2.4242425,1.2483448e-05,-0.0021203682,-11.375295,-28.505985,-0.025899228,0.002120405
0.9191919,2.4646466,1.1941418e-05,-0.0021625273,-11.081844,-27.782486,-0.032543432,0.0021625604
0.9191919,2.5050504,1.1371449e-05,-0.0022038408,-10.78637,-27.056084,-0.038864557,0.00220387
0.9191919,2.5454545,1.0767952e-05,-0.0022442024,-10.489372,-26.326525,-0.04441769,0.0022442283
0.9191919,2.5858586,1.0151416e-05,-0.0022835713,-10.191507,-25.59442,-0.048962247,0.0022835939
0.9191919,2.6262627,9.510666e-06,-0.0023219045,-9.893473,-24.86082,-0.052466366,0.002321924
0.9191919,2.6666667,8.879229e-06,-0.0023591686,-9.595854,-24.12673,-0.055075627,0.0023591854
0.9191919,2.7070708,8.229166e-06,-0.0023953486,-9.299062,-23.392902,-0.05702516,0.0023953628
0.9191919,2.7474747,7.5884163e-06,-0.0024304353,-9.003344,-22.65979,-0.058588974,0.0024304471
0.9191919,2.7878788,6.9458038e-06,-0.0024644118,-8.708683,-21.92733,-0.060027998,0.0024644216
0.9191919,2.8282828,6.2976032e-06,-0.0024972875,-8.414982,-21.195314,-0.061564498,0.0024972954
0.9191919,2.868687,5.6512654e-06,-0.0025290605,-8.122032,-20.463346,-0.0633583,0.0025290668
0.9191919,2.909091,4.9844384e-06,-0.0025597177,-7.8296165,-19.731041,-0.065508455,0.0025597226
0.9191919,2.9494948,4.315749e-06,-0.0025892612,-7.5375285,-18.99809,-0.06805653,0.0025892647
0.9191919,2.989899,3.6489218e-06,-0.0026176851,-7.2455955,-18.26428,-0.070982784,0.0026176877
0.9191919,3.030303,2.9597431e-06,-0.002644986,-6.953684,-17.529541,-0.07423837,0.0026449875
0.9191919,3.070707,2.2593886e-06,-0.0026711728,-6.661729,-16.793985,-0.07772774,0.0026711738
0.9191919,3.1111112,1.5441328e-06,-0.0026962347,-6.36968,-16.05775,-0.08134077,0.0026962352
0.9191919,3.1515152,8.0652535e-07,-0.0027201828,-6.077529,-15.321108,-0.084952846,0.0027201828
0.9191919,3.191919,5.5879354e-08,-0.0027429927,-5.785268,-14.584326,-0.08843812,0.0027429927
0.9191919,3.2323232,-7.208437e-07,-0.002764685,-5.492893,-13.8476715,-0.09166181,0.0027646853
0.9191919,3.2727273,-1.5106052e-06,-0.002785245,-5.200401,-13.111426,-0.09450252,0.0027852454
0.9191919,3.3131313,-2.3059547e-06,-0.0028046966,-4.907771,-12.375788,-0.09684461,0.0028046975
0.9191919,3.3535354,-3.1329691e-06,-0.0028230231,-4.614971,-11.64093,-0.09858256,0.0028230248
0.9191919,3.3939395,-3.9543957e-06,-0.0028402265,-4.3219366,-10.906938,-0.099624805,0.0028402293
0.9191919,3.4343433,-4.7888607e-06,-0.0028563142,-4.028606,-10.173865,-0.09989122,0.0028563181
0.9191919,3.4747474,-5.6233257e-06,-0.0028712898,-3.7348886,-9.44168,-0.09931436,0.0028712954
0.9191919,3.5151515,-6.461516e-06,-0.002885148,-3.4406989,-8.710355,-0.097842135,0.0028851551
0.9191919,3.5555556,-7.2829425e-06,-0.0028978884,-3.1459484,-7.9798093,-0.09543376,0.0028978975
0.9191919,3.5959597,-8.106232e-06,-0.0029095206,-2.850542,-7.2499394,-0.092058845,0.0029095318
0.9191919,3.6363637,-8.894131e-06,-0.0029200576,-2.554412,-6.5206823,-0.0876997,0.0029200711
0.9191919,3.6767676,-9.667128e-06,-0.0029294807,-2.2575035,-5.791981,-0.082344756,0.0029294968
0.9191919,3.7171717,-1.0419637e-05,-0.0029377975,-1.9597912,-5.0638237,-0.075995184,0.0029378159
0.9191919,3.7575758,-1.113303e-05,-0.0029450133,-1.6612822,-4.336269,-0.06866052,0.0029450343
0.9191919,3.7979798,-1.1816621e-05,-0.002951119,-1.3620241,-3.6094427,-0.06035309,0.0029511428
0.9191919,3.838384,-1.2451783e-05,-0.0029561315,-1.062117,-2.8835764,-0.0510954,0.0029561576
0.9191919,3.878788,-1.3042241e-05,-0.0029600468,-0.7617131,-2.1590154,-0.040918823,0.0029600754
0.9191919,3.9191918,-1.3571233e-05,-0.002962878,-0.4610311,-1.436245,-0.029854473,0.0029629092
0.9191919,3.959596,-1.405552e-05,-0.0029645972,-0.16033246,-0.7158371,-0.01794182,0.0029646305
0.9191919,4.0,-1.447089e-05,-0.0029652528,0.14003195,0.0014435645,-0.005225656,0.0029652882
1.050505,0.04040404,1.3358891e-05,-8.050166e-05,-29.73334,-70.72029,0.36379158,8.160256e-05
1.050505,0.08080808,1.3787299e-05,-0.00012293085,-29.34255,-70.01007,0.38271877,0.0001237016
1.050505,0.121212125,1.4241785e-05,-0.0001649689,-28.953577,-69.29954,0.40040973,0.0001655825
1.050505,0.16161616,1.4698133e-05,-0.00020660833,-28.566807,-68.58949,0.41657507,0.00020713048
1.050505,0.2020202,1.5176833e-05,-0.0002478361,-28.18248,-67.88043,0.43102935,0.00024830038
1.050505,0.24242425,1.5662983e-05,-0.00028867088,-27.80072,-67.17253,0.44365188,0.0002890955
1.050505,0.28282827,1.6165897e-05,-0.00032910332,-27.421583,-66.46581,0.45438442,0.00032950012
1.050505,0.32323232,1.6665086e-05,-0.00036914274,-27.045036,-65.76013,0.46324173,0.00036951873
1.050505,0.36363637,1.7173588e-05,-0.00040877238,-26.671028,-65.055214,0.47026408,0.00040913298
1.050505,0.4040404,1.7693266e-05,-0.0004480034,-26.299442,-64.350746,0.47552156,0.00044835266
1.050505,0.44444445,1.8199906e-05,-0.00048683397,-25.930172,-63.64633,0.47913712,0.00048717405
1.050505,0.4848485,1.8708408e-05,-0.00052526407,-25.563097,-62.941628,0.4812091,0.00052559713
1.050505,0.5252525,1.9203871e-05,-0.0005632937,-25.198116,-62.236324,0.48186722,0.00056362094
1.050505,0.56565654,1.9680709e-05,-0.0006009117,-24.835167,-61.530193,0.4812269,0.00060123386
1.050505,0.6060606,2.0164996e-05,-0.0006381348,-24.474194,-60.82305,0.47939265,0.0006384533
1.050505,0.64646465,2.0626932e-05,-0.0006749388,-24.115173,-60.11481,0.47646648,0.0006752539
1.050505,0.68686867,2.108328e-05,-0.00071134046,-23.758125,-59.405506,0.47253305,0.0007116528
1.050505,0.72727275,2.1517277e-05,-0.0007473361,-23.403116,-58.695232,0.46765444,0.00074764574
1.050505,0.7676768,2.1923333e-05,-0.00078291446,-23.050184,-57.98413,0.4618954,0.00078322133
1.050505,0.8080808,2.2327527e-05,-0.00081808306,-22.699406,-57.272392,0.45527932,0.0008183877
1.050505,0.8484849,2.2703782e-05,-0.0008528419,-22.350906,-56.560337,0.44785398,0.00085314404
1.050505,0.8888889,2.3052096e-05,-0.0008871816,-22.004717,-55.848076,0.43964052,0.00088748103
1.050505,0.9292929,2.338551e-05,-0.0009211004,-21.660921,-55.135868,0.4306532,0.0009213972
1.050505,0.969697,2.3698434e-05,-0.0009546112,-21.319532,-54.423786,0.42092437,0.00095490535
1.050505,1.010101,2.397038e-05,-0.0009877048,-20.980553,-53.711914,0.41046697,0.0009879956
1.050505,1.050505,2.424419e-05,-0.0010203868,-20.643927,-53.00018,0.39932027,0.0010206748
1.050505,1.0909091,2.4467707e-05,-0.0010526497,-20.30957,-52.288452,0.38751864,0.001052934
1.050505,1.1313131,2.4670735e-05,-0.0010844953,-19.977343,-51.57645,0.37510166,0.0010847759
1.050505,1.1717172,2.4842098e-05,-0.0011159144,-19.647102,-50.86389,0.36211458,0.0011161909
1.050505,1.2121212,2.4996698e-05,-0.0011469293,-19.318697,-50.150467,0.34861532,0.0011472016
1.050505,1.2525252,2.5102869e-05,-0.0011775084,-18.991982,-49.435814,0.33465153,0.0011777759
1.050505,1.2929293,2.5196001e-05,-0.0012076683,-18.666883,-48.71976,0.32027745,0.0012079312
1.050505,1.3333334,2.5261194e-05,-0.0012374241,-18.343428,-48.002274,0.30552992,0.001237682
1.050505,1.3737373,2.5290996e-05,-0.0012667589,-18.021782,-47.28361,0.2904535,0.0012670113
1.050505,1.4141414,2.5281683e-05,-0.0012956746,-17.702223,-46.564148,0.27509364,0.0012959212
1.050505,1.4545455,2.525933e-05,-0.0013241842,-17.385227,-45.844578,0.25948733,0.0013244251
1.050505,1.4949495,2.5203452e-05,-0.0013522934,-17.071386,-45.125626,0.24370058,0.0013525282
1.050505,1.5353535,2.511032e-05,-0.0013800059,-16.761335,-44.40778,0.22780897,0.0013802343
1.050505,1.5757576,2.4987385e-05,-0.0014073513,-16.455778,-43.691193,0.21190888,0.0014075731
1.050505,1.6161616,2.4851412e-05,-0.0014343672,-16.155415,-42.975346,0.19610532,0.0014345824
1.050505,1.6565657,2.4661422e-05,-0.0014610738,-15.86113,-42.25919,0.18050647,0.0014612819
1.050505,1.6969697,2.4475157e-05,-0.0014875364,-15.574175,-41.541397,0.16514882,0.0014877378
1.050505,1.7373737,2.425164e-05,-0.0015138462,-15.296542,-40.82091,0.1500151,0.0015140405
1.050505,1.7777778,2.4002045e-05,-0.0015401021,-15.031301,-40.097843,0.13502419,0.0015402891
1.050505,1.8181819,2.3733824e-05,-0.0015664957,-14.782349,-39.37347,0.12011485,0.0015666755
1.050505,1.8585858,2.3452565e-05,-0.0015932303,-14.553506,-38.649582,0.10535285,0.0015934028
1.050505,1.8989899,2.313219e-05,-0.0016206075,-14.346652,-37.92709,0.09103501,0.0016207725
1.050505,1.939394,2.2813678e-05,-0.0016490128,-14.159821,-37.20505,0.07760532,0.0016491706
1.050505,1.979798,2.2476539e-05,-0.0016788505,-13.986429,-36.4814,0.06538478,0.001679001
1.050505,2.020202,2.2122636e-05,-0.0017105453,-13.816867,-35.75567,0.05429615,0.0017106883
1.050505,2.060606,2.175942e-05,-0.001744451,-13.641284,-35.030045,0.043872725,0.0017445866
1.050505,2.10101,2.1379441e-05,-0.0017807297,-13.451651,-34.30679,0.033685464,0.001780858
1.050505,2.1414142,2.098456e-05,-0.0018193275,-13.242622,-33.58514,0.023793638,0.0018194485
1.050505,2.1818182,2.0558015e-05,-0.0018599387,-13.012097,-32.862053,0.014731293,0.0018600523
1.050505,2.2222223,2.0101666e-05,-0.0019020941,-12.761525,-32.13578,0.00698647,0.0019022003
1.050505,2.2626262,1.9626692e-05,-0.0019452646,-12.495236,-31.407955,0.00047556797,0.0019453637
1.050505,2.3030303,1.9134954e-05,-0.0019889195,-12.218257,-30.681332,-0.005511416,0.0019890114
1.050505,2.3434343,1.8602237e-05,-0.0020326376,-11.934631,-29.957397,-0.011790727,0.0020327228
1.050505,2.3838384,1.805462e-05,-0.0020760745,-11.646732,-29.23537,-0.018812034,0.002076153
1.050505,2.4242425,1.7471611e-05,-0.0021189693,-11.3557,-28.513233,-0.026492374,0.0021190413
1.050505,2.4646466,1.6869977e-05,-0.0021611582,-11.062105,-27.789024,-0.03436935,0.0021612241
1.050505,2.5050504,1.6216189e-05,-0.0022024885,-10.76646,-27.0617,-0.041884255,0.002202548
1.050505,2.5454545,1.5541911e-05,-0.0022428837,-10.469408,-26.331295,-0.048593525,0.0022429375
1.050505,2.5858586,1.4841557e-05,-0.0022822805,-10.171703,-25.598604,-0.054265402,0.0022823287
1.050505,2.6262627,1.411885e-05,-0.002320636,-9.874082,-24.864735,-0.0588833,0.002320679
1.050505,2.6666667,1.3384968e-05,-0.0023579225,-9.577155,-24.130732,-0.06259559,0.0023579604
1.050505,2.7070708,1.2632459e-05,-0.0023941193,-9.281282,-23.397207,-0.06564009,0.0023941526
1.050505,2.7474747,1.18706375e-05,-0.0024292357,-8.986633,-22.664448,-0.068289705,0.0024292648
1.050505,2.7878788,1.1106953e-05,-0.0024632309,-8.693155,-21.9323,-0.07080231,0.0024632558
1.050505,2.8282828,1.0337681e-05,-0.002496127,-8.400697,-21.200438,-0.07337852,0.0024961485
1.050505,2.868687,9.55537e-06,-0.0025279187,-8.109028,-20.46843,-0.07617244,0.0025279368
1.050505,2.909091,8.769333e-06,-0.0025585927,-7.817898,-19.735853,-0.07926652,0.0025586076
1.050505,2.9494948,7.966533e-06,-0.002588151,-7.5271063,-19.002413,-0.082684115,0.0025881634
1.050505,2.989899,7.15442e-06,-0.0026165862,-7.236482,-18.267965,-0.08639837,0.002616596
1.050505,3.030303,6.3274056e-06,-0.0026439112,-6.9459167,-17.532501,-0.09033992,0.0026439186
1.050505,3.070707,5.468726e-06,-0.0026701111,-6.6553407,-16.796158,-0.0944115,0.0026701167
1.050505,3.1111112,4.6230853e-06,-0.002695186,-6.364728,-16.05918,-0.09849013,0.00269519
1.050505,3.1515152,3.7364662e-06,-0.002719123,-6.0740666,-15.321862,-0.10245008,0.0027191255
1.050505,3.191919,2.8368086e-06,-0.0027419422,-5.783356,-14.58451,-0.106158115,0.0027419436
1.050505,3.2323232,1.9147992e-06,-0.0027636383,-5.4925942,-13.847432,-0.109483376,0.002763639
1.050505,3.2727273,9.946525e-07,-0.0027841982,-5.201769,-13.110913,-0.11230015,0.0027841984
1.050505,3.3131313,4.284084e-08,-0.0028036367,-4.91085,-12.375166,-0.11449689,0.0028036367
1.050505,3.3535354,-9.126961e-07,-0.0028219633,-4.619785,-11.640336,-0.11597107,0.0028219633
1.050505,3.3939395,-1.8719584e-06,-0.002839163,-4.3285017,-10.906514,-0.116633594,0.0028391636
1.050505,3.4343433,-2.8256327e-06,-0.0028552413,-4.0369163,-10.17372,-0.116409704,0.0028552427
1.050505,3.4747474,-3.7867576e-06,-0.0028702058,-3.744915,-9.441903,-0.115239225,0.0028702084
1.050505,3.5151515,-4.74602e-06,-0.0028840639,-3.4524043,-8.711002,-0.113071136,0.0028840678
1.050505,3.5555556,-5.684793e-06,-0.002896795,-3.1592584,-7.980897,-0.109870896,0.0028968009
1.050505,3.5959597,-6.5993518e-06,-0.002908431,-2.8653793,-7.2514777,-0.10561472,0.0029084384
1.050505,3.6363637,-7.50646e-06,-0.0029189438,-2.5706735,-6.5226254,-0.10028755,0.0029189535
1.050505,3.6767676,-8.3856285e-06,-0.0029283557,-2.2750704,-5.794264,-0.093885235,0.0029283676
1.050505,3.7171717,-9.214506e-06,-0.0029366612,-1.9785249,-5.0663505,-0.08641087,0.0029366757
1.050505,3.7575758,-1.0002404e-05,-0.0029438734,-1.6810349,-4.338911,-0.07788079,0.0029438904
1.050505,3.7979798,-1.0777265e-05,-0.0029499624,-1.3826339,-3.6120615,-0.06831104,0.0029499822
1.050505,3.838384,-1.1460856e-05,-0.0029549692,-1.0834146,-2.8860023,-0.057731863,0.0029549913
1.050505,3.878788,-1.2110919e-05,-0.0029588751,-0.7835136,-2.1610613,-0.04617719,0.0029588998
1.050505,3.9191918,-1.2706965e-05,-0.0029616859,-0.48314708,-1.4376965,-0.03367912,0.0029617134
1.050505,3.959596,-1.3235956e-05,-0.0029633958,-0.18256749,-0.7164797,-0.02028807,0.0029634254
1.050505,4.0,-1.3697892e-05,-0.0029640254,0.117871895,0.0018299397,-0.006047881,0.0029640568
1.1818181,0.04040404,1.4599413e-05,-7.948466e-05,-29.802795,-70.64197,0.43622717,8.0814316e-05
1.1818181,0.08080808,1.5255064e-05,-0.00012185238,-29.404476,-69.93595,0.45494592,0.00012280358
1.1818181,0.121212125,1.5910715e-05,-0.0001638066,-29.00838,-69.22933,0.47231755,0.0001645775
1.1818181,0.16161616,1.6588718e-05,-0.0002053827,-28.614862,-68.522896,0.48806125,0.00020605155
1.1818181,0.2020202,1.7268583e-05,-0.00024654716,-28.224142,-67.81711,0.5019979,0.00024715118
1.1818181,0.24242425,1.7957762e-05,-0.0002873242,-27.83627,-67.11208,0.5140113,0.00028788482
1.1818181,0.28282827,1.8633902e-05,-0.00032771006,-27.451317,-66.4079,0.5240435,0.0003282394
1.1818181,0.32323232,1.9328669e-05,-0.00036768988,-27.069223,-65.70441,0.53211516,0.00036819756
1.1818181,0.36363637,2.0030886e-05,-0.0004072804,-26.689907,-65.00138,0.53827405,0.0004077727
1.1818181,0.4040404,2.0710751e-05,-0.00044647045,-26.313246,-64.29851,0.54260325,0.00044695058
1.1818181,0.44444445,2.1385029e-05,-0.0004852619,-25.939114,-63.59545,0.54520977,0.0004857329
1.1818181,0.4848485,2.2044405e-05,-0.00052364916,-25.567406,-62.891914,0.5462136,0.00052411295
1.1818181,0.5252525,2.2705644e-05,-0.00056164153,-25.198032,-62.18772,0.5457425,0.0005621003
1.1818181,0.56565654,2.3340806e-05,-0.0005992241,-24.830866,-61.48251,0.54392266,0.00059967855
1.1818181,0.6060606,2.395548e-05,-0.0006364044,-24.465897,-60.77627,0.5408612,0.0006368551
1.1818181,0.64646465,2.456829e-05,-0.0006731842,-24.103085,-60.06891,0.5366676,0.0006736323
1.1818181,0.68686867,2.5136396e-05,-0.0007095579,-23.742458,-59.36052,0.5314334,0.000710003
1.1818181,0.72727275,2.5691465e-05,-0.0007455144,-23.38404,-58.651154,0.525222,0.00074595696
1.1818181,0.7676768,2.6231632e-05,-0.0007810723,-23.02792,-57.94109,0.5181072,0.00078151264
1.1818181,0.8080808,2.6741996e-05,-0.0008162223,-22.674131,-57.230453,0.5101309,0.00081666023
1.1818181,0.8484849,2.7228147e-05,-0.000850955,-22.322771,-56.519512,0.50132567,0.00085139053
1.1818181,0.8888889,2.7684495e-05,-0.000885278,-21.973896,-55.80849,0.49173337,0.00088571076
1.1818181,0.9292929,2.8109178e-05,-0.00091918185,-21.627554,-55.09756,0.48136353,0.00091961154
1.1818181,0.969697,2.851151e-05,-0.0009526778,-21.283815,-54.386955,0.47024876,0.00095310435
1.1818181,1.010101,2.8872862e-05,-0.0009857528,-20.942596,-53.676582,0.4584206,0.0009861756
1.1818181,1.050505,2.920255e-05,-0.0010184143,-20.603872,-52.96645,0.44589964,0.0010188329
1.1818181,1.0909091,2.9513612e-05,-0.001050666,-20.267569,-52.25645,0.43272358,0.0010510804
1.1818181,1.1313131,2.9789284e-05,-0.0010825023,-19.933538,-51.546307,0.41894168,0.0010829122
1.1818181,1.1717172,3.0027702e-05,-0.001113914,-19.60162,-50.835674,0.40459272,0.0011143186
1.1818181,1.2121212,3.023073e-05,-0.0011449214,-19.271652,-50.124233,0.38972172,0.0011453205
1.1818181,1.2525252,3.0402094e-05,-0.0011755116,-18.94352,-49.411667,0.37438622,0.0011759046
1.1818181,1.2929293,3.0536205e-05,-0.0012056809,-18.617105,-48.697704,0.35862473,0.0012060675
1.1818181,1.3333334,3.0644238e-05,-0.0012354217,-18.292456,-47.982327,0.3424803,0.0012358017
1.1818181,1.3737373,3.0713156e-05,-0.0012647584,-17.96969,-47.26566,0.3259896,0.0012651313
1.1818181,1.4141414,3.0741096e-05,-0.0012936816,-17.64911,-46.54808,0.30918646,0.0012940468
1.1818181,1.4545455,3.072433e-05,-0.0013221912,-17.331194,-45.830265,0.29211465,0.0013225481
1.1818181,1.4949495,3.0700117e-05,-0.0013503022,-17.016523,-45.112843,0.27483553,0.0013506511
1.1818181,1.5353535,3.062561e-05,-0.0013780352,-16.705748,-44.3963,0.25742078,0.0013783755
1.1818181,1.5757576,3.0517578e-05,-0.0014053993,-16.399637,-43.68086,0.23997936,0.0014057306
1.1818181,1.6161616,3.0387193e-05,-0.0014324132,-16.09899,-42.966156,0.22262658,0.0014327356
1.1818181,1.6565657,3.021583e-05,-0.0014591236,-15.804732,-42.251125,0.20548926,0.0014594364
1.1818181,1.6969697,3.0012801e-05,-0.0014856048,-15.518241,-41.534595,0.18862002,0.0014859079
1.1818181,1.7373737,2.9785559e-05,-0.001511924,-15.2415495,-40.815483,0.17203224,0.0015122173
1.1818181,1.7777778,2.9530376e-05,-0.0015381947,-14.977746,-40.09379,0.15566464,0.0015384781
1.1818181,1.8181819,2.926588e-05,-0.0015646014,-14.7306795,-39.37053,0.13944937,0.0015648751
1.1818181,1.8585858,2.8956681e-05,-0.0015913565,-14.504174,-38.64744,0.12345531,0.0015916199
1.1818181,1.8989899,2.8626993e-05,-0.0016187504,-14.300049,-37.925323,0.107958205,0.0016190035
1.1818181,1.939394,2.8291717e-05,-0.0016471706,-14.116299,-37.203384,0.09337945,0.0016474136
1.1818181,1.979798,2.7928501e-05,-0.0016770214,-13.94634,-36.480045,0.08004059,0.0016772539
1.1818181,2.020202,2.7572736e-05,-0.0017087404,-13.780373,-35.75499,0.0678726,0.0017089628
1.1818181,2.060606,2.7190894e-05,-0.0017426647,-13.608169,-35.030193,0.056416966,0.0017428768
1.1818181,2.10101,2.6788563e-05,-0.0017789528,-13.421333,-34.30753,0.045242317,0.0017791544
1.1818181,2.1414142,2.6365742e-05,-0.0018175691,-13.21433,-33.586002,0.034390166,0.0018177604
1.1818181,2.1818182,2.5916845e-05,-0.0018582027,-12.985148,-32.862766,0.024375867,0.0018583834
1.1818181,2.2222223,2.5438145e-05,-0.001900373,-12.735581,-32.136658,0.015648872,0.0019005433
1.1818181,2.2626262,2.4940819e-05,-0.0019435566,-12.470152,-31.409498,0.008074772,0.0019437167
1.1818181,2.3030303,2.4395064e-05,-0.001987243,-12.193922,-30.683865,0.00092352583,0.0019873928
1.1818181,2.3434343,2.3845583e-05,-0.0020309854,-11.910815,-29.960728,-0.0066242567,0.0020311254
1.1818181,2.3838384,2.3245811e-05,-0.0020744428,-11.623137,-29.238995,-0.014978535,0.002074573
1.1818181,2.4242425,2.2612512e-05,-0.0021173656,-11.332051,-28.516567,-0.024017092,0.0021174864
1.1818181,2.4646466,2.1930784e-05,-0.0021595694,-11.0382595,-27.791693,-0.03324938,0.0021596807
1.1818181,2.5050504,2.120994e-05,-0.0022009257,-10.742416,-27.063576,-0.042096756,0.002201028
1.1818181,2.5454545,2.0459294e-05,-0.0022413451,-10.445319,-26.332561,-0.050116744,0.0022414385
1.1818181,2.5858586,1.9663945e-05,-0.0022807587,-10.147829,-25.599638,-0.05708792,0.0022808434
1.1818181,2.6262627,1.8846244e-05,-0.0023191366,-9.850713,-24.865942,-0.062999785,0.0023192132
1.1818181,2.6666667,1.800619e-05,-0.0023564491,-9.554542,-24.132406,-0.06800278,0.002356518
1.1818181,2.7070708,1.7141923e-05,-0.0023926683,-9.259664,-23.39959,-0.07233725,0.0023927297
1.1818181,2.7474747,1.6275793e-05,-0.002427794,-8.966171,-22.667583,-0.0762698,0.0024278485
1.1818181,2.7878788,1.5383586e-05,-0.0024618208,-8.673983,-21.936153,-0.080040164,0.0024618688
1.1818181,2.8282828,1.4485791e-05,-0.0024947394,-8.382877,-21.20484,-0.08384795,0.0024947813
1.1818181,2.868687,1.3561919e-05,-0.002526546,-8.092616,-20.473179,-0.08781531,0.0025265822
1.1818181,2.909091,1.2641773e-05,-0.0025572479,-7.802938,-19.740734,-0.09201815,0.002557279
1.1818181,2.9494948,1.17029995e-05,-0.0025868285,-7.5136414,-19.007242,-0.09645796,0.002586855
1.1818181,2.989899,1.0732561e-05,-0.0026152842,-7.22457,-18.272594,-0.1011005,0.002615306
1.1818181,3.030303,9.75281e-06,-0.0026426185,-6.9356174,-17.536833,-0.10585398,0.0026426364
1.1818181,3.070707,8.756295e-06,-0.0026688296,-6.646737,-16.800163,-0.1106135,0.002668844
1.1818181,3.1111112,7.733703e-06,-0.0026939195,-6.357899,-16.062857,-0.11525811,0.0026939306
1.1818181,3.1515152,6.692484e-06,-0.002717875,-6.0691137,-15.325275,-0.1196461,0.002717883
1.1818181,3.191919,5.638227e-06,-0.0027407035,-5.780374,-14.587756,-0.12364399,0.0027407093
1.1818181,3.2323232,4.570931e-06,-0.0027624033,-5.4916606,-13.850604,-0.12712246,0.002762407
1.1818181,3.2727273,3.4831464e-06,-0.0027829763,-5.2029734,-13.114135,-0.12995456,0.0027829784
1.1818181,3.3131313,2.3897737e-06,-0.0028024167,-4.9142504,-12.378539,-0.13203195,0.0028024176
1.1818181,3.3535354,1.2889504e-06,-0.002820745,-4.625421,-11.643946,-0.1332575,0.0028207453
1.1818181,3.3939395,1.6577542e-07,-0.002837941,-4.336403,-10.910439,-0.13354264,0.002837941
1.1818181,3.4343433,-9.275973e-07,-0.0028540269,-4.0470862,-10.178014,-0.13282064,0.002854027
1.1818181,3.4747474,-2.0191073e-06,-0.0028689858,-3.757339,-9.446595,-0.13103749,0.0028689862
1.1818181,3.5151515,-3.1087548e-06,-0.00288284,-3.4670322,-8.71608,-0.12814565,0.0028828417
1.1818181,3.5555556,-4.1760504e-06,-0.0028955713,-3.1760364,-7.9863353,-0.12411545,0.0028955743
1.1818181,3.5959597,-5.2005053e-06,-0.0029072016,-2.884225,-7.257217,-0.118930504,0.0029072063
1.1818181,3.6363637,-6.22496e-06,-0.0029177088,-2.5914729,-6.5285697,-0.11258128,0.0029177156
1.1818181,3.6767676,-7.191673e-06,-0.0029271133,-2.2977052,-5.800297,-0.10506763,0.0029271222
1.1818181,3.7171717,-8.121133e-06,-0.0029354189,-2.0028512,-5.072325,-0.09640258,0.00293543
1.1818181,3.7575758,-9.01334e-06,-0.0029426217,-1.706891,-4.3446665,-0.086601935,0.0029426354
1.1818181,3.7979798,-9.85153e-06,-0.0029487014,-1.4098525,-3.6174085,-0.07569317,0.002948718
1.1818181,3.838384,-1.0628253e-05,-0.0029536914,-1.111805,-2.8907382,-0.06370639,0.0029537105
1.1818181,3.878788,-1.1334196e-05,-0.002957577,-0.8128913,-2.1649814,-0.05067787,0.0029575985
1.1818181,3.9191918,-1.2004748e-05,-0.0029603634,-0.51329905,-1.4405644,-0.036656894,0.0029603876
1.1818181,3.959596,-1.257658e-05,-0.0029620714,-0.21329665,-0.71807164,-0.02168889,0.0029620982
1.1818181,4.0,-1.30832195e-05,-0.0029626787,0.08677625,0.0017503662,-0.005826755,0.0029627075
1.3131313,0.04040404,1.5610829e-05,-7.869303e-05,-29.8665,-70.53934,0.52149695,8.02265e-05
1.3131313,0.08080808,1.6501173e-05,-0.00012095459,-29.460924,-69.838295,0.53942704,0.00012207498
1.3131313,0.121212125,1.7384067e-05,-0.00016283244,-29.057968,-69.13635,0.5559439,0.00016375778
1.3131313,0.16161616,1.8285587e-05,-0.00020432286,-28.65793,-68.43418,0.57077515,0.00020513945
1.3131313,0.2020202,1.9179657e-05,-0.00024542026,-28.260986,-67.73223,0.583736,0.00024616858
1.3131313,0.24242425,2.0097941e-05,-0.00028612465,-27.867214,-67.03071,0.59471726,0.00028682963
1.3131313,0.28282827,2.0980835e-05,-0.00032643043,-27.476618,-66.32964,0.60367805,0.000327104
1.3131313,0.32323232,2.187863e-05,-0.00036635995,-27.08908,-65.62879,0.6106206,0.00036701266
1.3131313,0.36363637,2.2757798e-05,-0.00040588155,-26.70456,-64.92809,0.6156051,0.00040651907
1.3131313,0.4040404,2.3627654e-05,-0.00044500828,-26.322926,-64.22728,0.61869985,0.0004456351
1.3131313,0.44444445,2.4478883e-05,-0.0004837457,-25.944044,-63.526077,0.6200333,0.00048436466
1.3131313,0.4848485,2.5328249e-05,-0.0005220901,-25.567785,-62.824173,0.6197152,0.0005227041
1.3131313,0.5252525,2.614595e-05,-0.00056002475,-25.19403,-62.121376,0.617879,0.00056063477
1.3131313,0.56565654,2.69413e-05,-0.0005975701,-24.822721,-61.417557,0.6146464,0.0005981771
1.3131313,0.6060606,2.7719885e-05,-0.00063470565,-24.453812,-60.71265,0.61013603,0.00063531066
1.3131313,0.64646465,2.8470531e-05,-0.00067145005,-24.087242,-60.00658,0.60446095,0.0006720534
1.3131313,0.68686867,2.91951e-05,-0.0007077828,-23.723057,-59.299488,0.59771585,0.0007083847
1.3131313,0.72727275,2.9888004e-05,-0.0007437095,-23.361288,-58.5915,0.58997446,0.0007443098
1.3131313,0.7676768,3.0551106e-05,-0.00077923015,-23.001959,-57.882774,0.58130836,0.0007798288
1.3131313,0.8080808,3.1176955e-05,-0.0008143373,-22.645176,-57.17362,0.57176954,0.0008149339
1.3131313,0.8484849,3.1784177e-05,-0.0008490328,-22.29097,-56.464184,0.56139845,0.0008496275
1.3131313,0.8888889,3.234856e-05,-0.00088332966,-21.939405,-55.754726,0.55022943,0.0008839218
1.3131313,0.9292929,3.2881275e-05,-0.00091721676,-21.59054,-55.045467,0.5382983,0.00091780594
1.3131313,0.969697,3.337674e-05,-0.00095067546,-21.2444,-54.33656,0.52563214,0.0009512612
1.3131313,1.010101,3.382936e-05,-0.00098373,-20.90094,-53.628,0.5122588,0.0009843115
1.3131313,1.050505,3.4248456e-05,-0.0010163728,-20.560123,-52.91978,0.49821526,0.0010169497
1.3131313,1.0909091,3.4643337e-05,-0.0010486059,-20.221836,-52.211754,0.48352614,0.0010491781
1.3131313,1.1313131,3.4980476e-05,-0.0010804199,-19.88597,-51.503677,0.46824577,0.001080986
1.3131313,1.1717172,3.52934e-05,-0.0011118222,-19.55233,-50.79519,0.4524144,0.0011123823
1.3131313,1.2121212,3.5550445e-05,-0.001142811,-19.22079,-50.086025,0.4360671,0.0011433639
1.3131313,1.2525252,3.578514e-05,-0.0011733826,-18.891193,-49.375767,0.41926667,0.0011739281
1.3131313,1.2929293,3.5971403e-05,-0.0012035444,-18.563452,-48.6642,0.4020442,0.0012040819
1.3131313,1.3333334,3.6112964e-05,-0.001233289,-18.237576,-47.951218,0.3844353,0.0012338175
1.3131313,1.3737373,3.6232173e-05,-0.0012626164,-17.913683,-47.2369,0.36646467,0.001263136
1.3131313,1.4141414,3.629923e-05,-0.0012915339,-17.592062,-46.521584,0.34817824,0.001292044
1.3131313,1.4545455,3.6319718e-05,-0.0013200454,-17.27316,-45.80583,0.32959697,0.001320545
1.3131313,1.4949495,3.6325306e-05,-0.0013481602,-16.957596,-45.090298,0.3107729,0.0013486495
1.3131313,1.5353535,3.6269426e-05,-0.0013758969,-16.646027,-44.375435,0.29179147,0.0013763749
1.3131313,1.5757576,3.6176294e-05,-0.0014032535,-16.33927,-43.661514,0.2727586,0.0014037198
1.3131313,1.6161616,3.605336e-05,-0.0014302842,-16.03817,-42.948166,0.25380328,0.0014307386
1.3131313,1.6565657,3.5895035e-05,-0.0014570076,-15.743781,-42.234528,0.23505393,0.0014574497
1.3131313,1.6969697,3.5684556e-05,-0.0014834926,-15.4575205,-41.51939,0.21660486,0.0014839217
1.3131313,1.7373737,3.546104e-05,-0.0015098192,-15.181541,-40.801785,0.19848247,0.0015102355
1.3131313,1.7777778,3.520213e-05,-0.001536103,-14.918971,-40.081627,0.18063769,0.0015365062
1.3131313,1.8181819,3.4909695e-05,-0.0015625097,-14.673701,-39.35985,0.16303258,0.0015628996
1.3131313,1.8585858,3.459677e-05,-0.0015892778,-14.449465,-38.637894,0.14572932,0.0015896542
1.3131313,1.8989899,3.4261495e-05,-0.0016166884,-14.24811,-37.91663,0.12898272,0.0016170514
1.3131313,1.939394,3.390014e-05,-0.0016451124,-14.067607,-37.19543,0.11321254,0.0016454617
1.3131313,1.979798,3.3531338e-05,-0.0016749874,-13.901237,-36.472855,0.09872947,0.001675323
1.3131313,2.020202,3.3134595e-05,-0.0017067101,-13.739001,-35.74879,0.085459046,0.0017070317
1.3131313,2.060606,3.274344e-05,-0.0017406475,-13.570305,-35.025024,0.072938494,0.0017409554
1.3131313,2.10101,3.232062e-05,-0.0017769542,-13.386382,-34.30311,0.060739286,0.001777248
1.3131313,2.1414142,3.1882897e-05,-0.0018155836,-13.181506,-33.581852,0.04888219,0.0018158635
1.3131313,2.1818182,3.1417236e-05,-0.0018562209,-12.95382,-32.85876,0.037853416,0.0018564867
1.3131313,2.2222223,3.091432e-05,-0.0018984117,-12.705358,-32.133045,0.028067695,0.0018986634
1.3131313,2.2626262,3.0383468e-05,-0.001941625,-12.440816,-31.406681,0.0193422,0.0019418627
1.3131313,2.3030303,2.9817224e-05,-0.001985317,-12.165295,-30.682041,0.0109309815,0.001985541
1.3131313,2.3434343,2.9224902e-05,-0.0020290762,-11.882628,-29.959688,0.0020196652,0.0020292867
1.3131313,2.3838384,2.8578565e-05,-0.0020725597,-11.595076,-29.238216,-0.007776829,0.0020727566
1.3131313,2.4242425,2.7889386e-05,-0.0021154974,-11.303874,-28.51558,-0.01828733,0.002115681
1.3131313,2.4646466,2.7153641e-05,-0.0021577254,-11.00984,-27.790188,-0.029003192,0.0021578963
1.3131313,2.5050504,2.6360154e-05,-0.0021991003,-10.713816,-27.0616,-0.039329577,0.0021992582
1.3131313,2.5454545,2.5529414e-05,-0.0022395402,-10.416711,-26.330345,-0.04882858,0.0022396857
1.3131313,2.5858586,2.4629757e-05,-0.0022789668,-10.119483,-25.597597,-0.057275385,0.0022791
1.3131313,2.6262627,2.3718923e-05,-0.0023173671,-9.822908,-24.864468,-0.064669944,0.0023174884
1.3131313,2.6666667,2.2782013e-05,-0.002354689,-9.527561,-24.131847,-0.07116806,0.002354799
1.3131313,2.7070708,2.1813437e-05,-0.0023909379,-9.233724,-23.400127,-0.07699754,0.0023910373
1.3131313,2.7474747,2.081506e-05,-0.0024260804,-8.941449,-22.669289,-0.082416676,0.0024261698
1.3131313,2.7878788,1.9796193e-05,-0.0024601389,-8.650592,-21.938929,-0.087656565,0.0024602185
1.3131313,2.8282828,1.8762425e-05,-0.002493076,-8.360916,-21.208544,-0.09288994,0.0024931466
1.3131313,2.868687,1.770258e-05,-0.0025249086,-8.0721445,-20.477592,-0.09823315,0.0025249706
1.3131313,2.909091,1.6629696e-05,-0.0025556404,-7.7840314,-19.745659,-0.103733584,0.0025556944
1.3131313,2.9494948,1.5530735e-05,-0.0025852323,-7.49638,-19.012512,-0.109377995,0.0025852788
1.3131313,2.989899,1.4401972e-05,-0.0026137233,-7.2090416,-18.27806,-0.115111016,0.0026137629
1.3131313,3.030303,1.3265759e-05,-0.0026410706,-6.9219275,-17.542418,-0.12083489,0.002641104
1.3131313,3.070707,1.21071935e-05,-0.0026673041,-6.634999,-16.805822,-0.1264312,0.0026673316
1.3131313,3.1111112,1.0911375e-05,-0.0026924126,-6.348258,-16.068624,-0.13176467,0.0026924347
1.3131313,3.1515152,9.704381e-06,-0.0027163867,-6.0616865,-15.33118,-0.1366945,0.002716404
1.3131313,3.191919,8.480623e-06,-0.0027392264,-5.7753015,-14.593864,-0.14107956,0.0027392395
1.3131313,3.2323232,7.2307885e-06,-0.002760943,-5.489065,-13.856995,-0.14479229,0.0027609526
1.3131313,3.2727273,5.982816e-06,-0.0027815271,-5.202957,-13.120865,-0.14770737,0.0027815334
1.3131313,3.3131313,4.71808e-06,-0.002800988,-4.9169097,-12.385674,-0.14971785,0.002800992
1.3131313,3.3535354,3.453344e-06,-0.0028193109,-4.6308365,-11.651546,-0.15072754,0.002819313
1.3131313,3.3939395,2.194196e-06,-0.0028365236,-4.3446155,-10.918508,-0.15066032,0.0028365243
1.3131313,3.4343433,9.275973e-07,-0.0028526224,-4.05813,-10.186565,-0.1494482,0.0028526227
1.3131313,3.4747474,-3.1292439e-07,-0.002867587,-3.7712116,-9.45559,-0.14704172,0.002867587
1.3131313,3.5151515,-1.5404075e-06,-0.0028814357,-3.4837086,-8.725455,-0.14340761,0.0028814361
1.3131313,3.5555556,-2.7436763e-06,-0.0028941818,-3.1954641,-7.996007,-0.13851821,0.002894183
1.3131313,3.5959597,-3.909692e-06,-0.0029058028,-2.9063272,-7.2670555,-0.13236195,0.0029058054
1.3131313,3.6363637,-5.0421804e-06,-0.0029163212,-2.6161666,-6.5384545,-0.12493659,0.0029163253
1.3131313,3.6767676,-6.1336905e-06,-0.0029257238,-2.3248615,-5.810057,-0.11625018,0.00292573
1.3131313,3.7171717,-7.1786344e-06,-0.0029340126,-2.0323415,-5.0817823,-0.10631912,0.0029340214
1.3131313,3.7575758,-8.171424e-06,-0.002941206,-1.7385545,-4.3536115,-0.095167,0.0029412175
1.3131313,3.7979798,-9.102747e-06,-0.002947284,-1.4435208,-3.6256294,-0.08282597,0.0029472979
1.3131313,3.838384,-9.953976e-06,-0.0029522646,-1.147289,-2.8979979,-0.06933634,0.0029522814
1.3131313,3.878788,-1.0762364e-05,-0.0029561426,-0.8499931,-2.171037,-0.05474099,0.0029561622
1.3131313,3.9191918,-1.1475757e-05,-0.0029589105,-0.5518168,-1.4451782,-0.03908757,0.002958933
1.3131313,3.959596,-1.2120232e-05,-0.0029605813,-0.2530174,-0.7209998,-0.022431402,0.0029606062
1.3131313,4.0,-1.2692064e-05,-0.0029611625,0.046074223,0.0007644594,-0.0048382254,0.0029611897
1.4444444,0.04040404,1.6340986e-05,-7.809512e-05,-29.922844,-70.41154,0.62083447,7.978644e-05
1.4444444,0.08080808,1.7499551e-05,-0.00012024678,-29.510355,-69.71604,0.63740015,0.00012151347
1.4444444,0.121212125,1.8656254e-05,-0.0001620315,-29.10083,-69.01927,0.65252775,0.000163102
1.4444444,0.16161616,1.9798055e-05,-0.00020342134,-28.69457,-68.32196,0.6659611,0.0002043825
1.4444444,0.2020202,2.0924956e-05,-0.00024442188,-28.291674,-67.62442,0.67750293,0.00024531592
1.4444444,0.24242425,2.2064894e-05,-0.00028504245,-27.892225,-66.92693,0.6870532,0.0002858952
1.4444444,0.28282827,2.3180619e-05,-0.00032527186,-27.496132,-66.22937,0.69457215,0.0003260968
1.4444444,0.32323232,2.4290755e-05,-0.00036511198,-27.103384,-65.53182,0.7000563,0.0003659191
1.4444444,0.36363637,2.5380403e-05,-0.0004045684,-26.71384,-64.83404,0.7035628,0.0004053637
1.4444444,0.4040404,2.6447698e-05,-0.00044362806,-26.327362,-64.13579,0.70516217,0.00044441572
1.4444444,0.44444445,2.7500093e-05,-0.00048229657,-25.943842,-63.436924,0.70497507,0.00048307996
1.4444444,0.4848485,2.8528273e-05,-0.0005205646,-25.56313,-62.737175,0.70311624,0.00052134576
1.4444444,0.5252525,2.9543415e-05,-0.0005584471,-25.185116,-62.03638,0.69969827,0.000559228
1.4444444,0.56565654,3.0502677e-05,-0.0005959384,-24.809744,-61.334476,0.69486445,0.0005967185
1.4444444,0.6060606,3.1437725e-05,-0.0006330181,-24.436945,-60.63139,0.6887231,0.00063379825
1.4444444,0.64646465,3.2352284e-05,-0.0006697066,-24.066711,-59.927204,0.681388,0.0006704876
1.4444444,0.68686867,3.3218414e-05,-0.0007059872,-23.69902,-59.22194,0.6729508,0.00070676825
1.4444444,0.72727275,3.4064054e-05,-0.00074186176,-23.333925,-58.515804,0.6634969,0.00074264343
1.4444444,0.7676768,3.4861267e-05,-0.0007773414,-22.971476,-57.809017,0.6531102,0.00077812275
1.4444444,0.8080808,3.5634264e-05,-0.00081240386,-22.611689,-57.101723,0.6418317,0.000813185
1.4444444,0.8484849,3.6347657e-05,-0.0008470658,-22.254679,-56.394283,0.6297192,0.0008478453
1.4444444,0.8888889,3.7029386e-05,-0.0008813124,-21.900467,-55.68685,0.6168114,0.00088208995
1.4444444,0.9292929,3.7668273e-05,-0.00091516227,-21.549084,-54.97962,0.60314465,0.0009159372
1.4444444,0.969697,3.8273633e-05,-0.000948593,-21.200577,-54.272797,0.58875227,0.0009493648
1.4444444,1.010101,3.8832426e-05,-0.000981614,-20.854887,-53.56636,0.5736637,0.0009823818
1.4444444,1.050505,3.934279e-05,-0.0010142382,-20.51196,-52.860268,0.5579236,0.001015001
1.4444444,1.0909091,3.9815903e-05,-0.0010464322,-20.171713,-52.15445,0.5415702,0.0010471895
1.4444444,1.1313131,4.023686e-05,-0.0010782257,-19.834019,-51.44865,0.52463835,0.0010789762
1.4444444,1.1717172,4.062988e-05,-0.0011096075,-19.498695,-50.742527,0.5071739,0.0011103511
1.4444444,1.2121212,4.0963292e-05,-0.0011405665,-19.165575,-50.035717,0.48922572,0.0011413019
1.4444444,1.2525252,4.1261315e-05,-0.0011711251,-18.834558,-49.32797,0.47082654,0.0011718518
1.4444444,1.2929293,4.1505322e-05,-0.0012012683,-18.505507,-48.61892,0.4520205,0.001201985
1.4444444,1.3333334,4.1704625e-05,-0.0012309942,-18.17842,-47.908436,0.43283507,0.0012317005
1.4444444,1.3737373,4.185736e-05,-0.0012603141,-17.853434,-47.196636,0.41329098,0.001261009
1.4444444,1.4141414,4.1970983e-05,-0.0012892261,-17.530819,-46.483784,0.39341283,0.0012899091
1.4444444,1.4545455,4.203804e-05,-0.0013177302,-17.210981,-45.770325,0.37322792,0.0013184005
1.4444444,1.4949495,4.2054802e-05,-0.0013458412,-16.894539,-45.0569,0.35278022,0.0013464981
1.4444444,1.5353535,4.2034313e-05,-0.0013735611,-16.582203,-44.343983,0.33214283,0.0013742042
1.4444444,1.5757576,4.1963533e-05,-0.0014009271,-16.274794,-43.631813,0.31142333,0.0014015555
1.4444444,1.6161616,4.1853637e-05,-0.0014279485,-15.973208,-42.920094,0.29075828,0.0014285618
1.4444444,1.6565657,4.169345e-05,-0.0014546681,-15.678566,-42.207954,0.2702878,0.0014552654
1.4444444,1.6969697,4.150346e-05,-0.0014811549,-15.392409,-41.494354,0.2501329,0.0014817363
1.4444444,1.7373737,4.1274354e-05,-0.0015074946,-15.116983,-40.778397,0.23032989,0.0015080594
1.4444444,1.7777778,4.101172e-05,-0.0015337802,-14.855484,-40.05995,0.21087363,0.0015343284
1.4444444,1.8181819,4.0704384e-05,-0.0015602,-14.611829,-39.339825,0.19172081,0.001560731
1.4444444,1.8585858,4.0389597e-05,-0.0015869606,-14.389797,-38.61944,0.17295088,0.0015874746
1.4444444,1.8989899,4.0022656e-05,-0.0016143881,-14.191231,-37.899612,0.1548209,0.0016148841
1.4444444,1.939394,3.9653853e-05,-0.0016428195,-14.013987,-37.179657,0.13773124,0.0016432981
1.4444444,1.979798,3.9260834e-05,-0.0016726926,-13.851257,-36.45836,0.121995404,0.0016731533
1.4444444,2.020202,3.8858503e-05,-0.0017044283,-13.692801,-35.735703,0.10752612,0.0017048712
1.4444444,2.060606,3.8439408e-05,-0.0017383602,-13.5276575,-35.01331,0.09385767,0.0017387851
1.4444444,2.10101,3.8011e-05,-0.0017746836,-13.346669,-34.292374,0.08054048,0.0017750906
1.4444444,2.1414142,3.7558377e-05,-0.0018133242,-13.143987,-33.571728,0.06758175,0.0018137131
1.4444444,2.1818182,3.7064776e-05,-0.001853969,-12.917844,-32.849075,0.055436064,0.0018543394
1.4444444,2.2222223,3.656e-05,-0.0018961709,-12.670517,-32.124054,0.044483807,0.0018965233
1.4444444,2.2626262,3.5995618e-05,-0.0019393899,-12.406868,-31.398735,0.034496263,0.0019397239
1.4444444,2.3030303,3.5393983e-05,-0.001983093,-12.13199,-30.675219,0.024708675,0.001983409
1.4444444,2.3434343,3.4769997e-05,-0.0020268634,-11.849684,-29.953753,0.014317986,0.0020271617
1.4444444,2.3838384,3.4077093e-05,-0.0020703636,-11.562183,-29.232706,0.002966848,0.002070644
1.4444444,2.4242425,3.335066e-05,-0.0021133218,-11.270802,-28.510056,-0.009150253,0.002113585
1.4444444,2.4646466,3.2538548e-05,-0.002155561,-10.976512,-27.78447,-0.021488002,0.0021558066
1.4444444,2.5050504,3.1678006e-05,-0.0021969508,-10.680309,-27.05578,-0.033448823,0.0021971792
1.4444444,2.5454545,3.076531e-05,-0.0022374075,-10.383242,-26.324759,-0.04459117,0.002237619
1.4444444,2.5858586,2.9791147e-05,-0.002276862,-10.086295,-25.592604,-0.054703515,0.002277057
1.4444444,2.6262627,2.8781593e-05,-0.0023152642,-9.79031,-24.860504,-0.063780636,0.002315443
1.4444444,2.6666667,2.7729198e-05,-0.002352614,-9.495809,-24.129213,-0.07197318,0.0023527774
1.4444444,2.7070708,2.6639551e-05,-0.0023888797,-9.20303,-23.398987,-0.07951099,0.0023890282
1.4444444,2.7474747,2.5510788e-05,-0.0024240464,-8.911976,-22.669645,-0.08663719,0.0024241807
1.4444444,2.7878788,2.4367124e-05,-0.0024581235,-8.6224575,-21.940695,-0.09356581,0.0024582443
1.4444444,2.8282828,2.318807e-05,-0.0024911016,-8.334225,-21.211555,-0.10044706,0.0024912094
1.4444444,2.868687,2.1986663e-05,-0.0025229566,-8.046986,-20.481642,-0.10737895,0.0025230525
1.4444444,2.909091,2.0755455e-05,-0.0025537014,-7.7604938,-19.750553,-0.114388585,0.0025537857
1.4444444,2.9494948,1.9488856e-05,-0.0025833342,-7.4745736,-19.018076,-0.121441774,0.0025834078
1.4444444,2.989899,1.8199906e-05,-0.0026118401,-7.1890917,-18.284172,-0.12846571,0.0026119035
1.4444444,3.030303,1.6888604e-05,-0.0026392303,-6.9039826,-17.549006,-0.13534746,0.0026392844
1.4444444,3.070707,1.5545636e-05,-0.0026654862,-6.61922,-16.812859,-0.14195098,0.0026655316
1.4444444,3.1111112,1.41803175e-05,-0.0026906151,-6.3348155,-16.076118,-0.14813648,0.0026906524
1.4444444,3.1515152,1.2781471e-05,-0.0027146116,-6.0507555,-15.339149,-0.15375222,0.0027146416
1.4444444,3.191919,1.1375174e-05,-0.00273747,-5.767055,-14.602366,-0.15866046,0.0027374937
1.4444444,3.2323232,9.953976e-06,-0.002759209,-5.4836807,-13.866093,-0.1627218,0.0027592268
1.4444444,3.2727273,8.5067e-06,-0.0027798098,-5.200575,-13.130585,-0.16581936,0.0027798228
1.4444444,3.3131313,7.0668757e-06,-0.002799293,-4.917667,-12.396046,-0.16784216,0.002799302
1.4444444,3.3535354,5.6177378e-06,-0.0028176494,-4.6348433,-11.662572,-0.16870448,0.002817655
1.4444444,3.3939395,4.1872263e-06,-0.0028348751,-4.3519626,-10.93017,-0.16832863,0.0028348782
1.4444444,3.4343433,2.7567148e-06,-0.002850972,-4.0688615,-10.198783,-0.16665755,0.0028509735
1.4444444,3.4747474,1.3448298e-06,-0.002865957,-3.7853749,-9.468318,-0.1636445,0.0028659576
1.4444444,3.5151515,-3.9115548e-08,-0.0028798245,-3.5013068,-8.738578,-0.15926263,0.0028798245
1.4444444,3.5555556,-1.3988465e-06,-0.0028925762,-3.2164788,-8.009383,-0.1534918,0.0028925764
1.4444444,3.5959597,-2.7250499e-06,-0.002904201,-2.9307082,-7.280537,-0.14632827,0.002904202
1.4444444,3.6363637,-3.999099e-06,-0.002914723,-2.6438339,-6.551843,-0.13777733,0.0029147258
1.4444444,3.6767676,-5.2154064e-06,-0.002924135,-2.3557289,-5.823166,-0.12785241,0.0029241396
1.4444444,3.7171717,-6.394461e-06,-0.0029324237,-2.066281,-5.0943875,-0.11657906,0.0029324307
1.4444444,3.7575758,-7.4934214e-06,-0.002939608,-1.7754331,-4.3654838,-0.10398783,0.0029396175
1.4444444,3.7979798,-8.536503e-06,-0.002945669,-1.4831773,-3.6365173,-0.090116814,0.0029456813
1.4444444,3.838384,-9.503216e-06,-0.0029506478,-1.1895523,-2.907657,-0.07501509,0.002950663
1.4444444,3.878788,-1.0397285e-05,-0.0029544923,-0.8946664,-2.1792018,-0.05873203,0.0029545107
1.4444444,3.9191918,-1.1205673e-05,-0.0029572435,-0.5987033,-1.4515816,-0.04132361,0.0029572647
1.4444444,3.959596,-1.1922792e-05,-0.00295889,-0.30190623,-0.72538954,-0.022855638,0.002958914
1.4444444,4.0,-1.2554228e-05,-0.0029594395,-0.0046096668,-0.0013727356,-0.0033915057,0.002959466
1.5757575,0.04040404,1.6819686e-05,-7.766858e-05,-29.970596,-70.258064,0.735255,7.9468926e-05
1.5757575,0.08080808,1.825206e-05,-0.00011970289,-29.551563,-69.56848,0.74988633,0.000121086414
1.5757575,0.121212125,1.9676983e-05,-0.00016135909,-29.135855,-68.87736,0.7630895,0.00016255441
1.5757575,0.16161616,2.1092594e-05,-0.00020263717,-28.72366,-68.18524,0.7746174,0.00020373198
1.5757575,0.2020202,2.248399e-05,-0.00024353899,-28.31511,-67.49258,0.78430367,0.00024457468
1.5757575,0.24242425,2.387166e-05,-0.00028405152,-27.910196,-66.79949,0.79202116,0.00028505284
1.5757575,0.28282827,2.5231391e-05,-0.0003241878,-27.508913,-66.10609,0.79772854,0.0003251682
1.5757575,0.32323232,2.6566908e-05,-0.0003639385,-27.111097,-65.4122,0.8014274,0.00036490688
1.5757575,0.36363637,2.7883798e-05,-0.00040330552,-26.716711,-64.71784,0.8031699,0.00040426827
1.5757575,0.4040404,2.9170886e-05,-0.00044227578,-26.325556,-64.02273,0.80301136,0.00044323676
1.5757575,0.44444445,3.0428171e-05,-0.00048086047,-25.937529,-63.326767,0.8010768,0.00048182224
1.5757575,0.4848485,3.1650066e-05,-0.0005190633,-25.5525,-62.62977,0.7974602,0.00052002736
1.5757575,0.5252525,3.2847747e-05,-0.0005568769,-25.170359,-61.931633,0.79228085,0.0005578448
1.5757575,0.56565654,3.3998862e-05,-0.0005942732,-24.791016,-61.232273,0.7856674,0.000595245
1.5757575,0.6060606,3.511645e-05,-0.000631297,-24.414442,-60.531708,0.77772707,0.000632273
1.5757575,0.64646465,3.6193058e-05,-0.0006679222,-24.040585,-59.829967,0.7685716,0.00066890207
1.5757575,0.68686867,3.72231e-05,-0.00070413575,-23.669472,-59.127205,0.75830215,0.00070511893
1.5757575,0.72727275,3.8217753e-05,-0.0007399563,-23.301111,-58.423542,0.74699926,0.0007409426
1.5757575,0.7676768,3.9171427e-05,-0.00077537075,-22.935547,-57.71922,0.73473454,0.0007763596
1.5757575,0.8080808,4.007481e-05,-0.00081038475,-22.572842,-57.014458,0.72157246,0.00081137504
1.5757575,0.8484849,4.0929765e-05,-0.0008449964,-22.213041,-56.30951,0.7075654,0.0008459871
1.5757575,0.8888889,4.1740015e-05,-0.0008792039,-21.856197,-55.604595,0.692761,0.00088019413
1.5757575,0.9292929,4.2499974e-05,-0.0009129979,-21.502344,-54.899887,0.6772013,0.0009139865
1.5757575,0.969697,4.320778e-05,-0.0009463895,-21.151459,-54.19549,0.66092575,0.0009473753
1.5757575,1.010101,4.3880194e-05,-0.0009793732,-20.803556,-53.49152,0.64396805,0.0009803558
1.5757575,1.050505,4.4494867e-05,-0.0010119546,-20.458546,-52.78788,0.6263715,0.0010129323
1.5757575,1.0909091,4.5057386e-05,-0.0010441225,-20.116356,-52.084526,0.60818607,0.0010450942
1.5757575,1.1313131,4.5577064e-05,-0.0010758787,-19.776854,-51.38119,0.58944327,0.0010768437
1.5757575,1.1717172,4.6035275e-05,-0.0011072289,-19.439854,-50.677525,0.5701977,0.0011081855
1.5757575,1.2121212,4.6443194e-05,-0.0011381581,-19.105215,-49.973244,0.55048704,0.0011391053
1.5757575,1.2525252,4.681945e-05,-0.0011686962,-18.7728,-49.268017,0.53035146,0.0011696337
1.5757575,1.2929293,4.7126785e-05,-0.0011988096,-18.44251,-48.56159,0.5098211,0.0011997356
1.5757575,1.3333334,4.7378242e-05,-0.0012285244,-18.114311,-47.85372,0.48892525,0.0012294377
1.5757575,1.3737373,4.759617e-05,-0.0012578182,-17.788317,-47.1445,0.46767083,0.0012587184
1.5757575,1.4141414,4.7745183e-05,-0.0012867153,-17.46479,-46.434174,0.44608402,0.0012876008
1.5757575,1.4545455,4.7858804e-05,-0.0013152044,-17.144157,-45.723186,0.42416883,0.0013160749
1.5757575,1.4949495,4.7903508e-05,-0.0013432913,-16.826965,-45.01202,0.40197212,0.0013441452
1.5757575,1.5353535,4.7903508e-05,-0.0013710149,-16.513975,-44.301228,0.37955892,0.0013718515
1.5757575,1.5757576,4.7868118e-05,-0.0013983697,-16.20598,-43.590942,0.35702932,0.0013991887
1.5757575,1.6161616,4.777126e-05,-0.0014253836,-15.903954,-42.880947,0.3345222,0.001426184
1.5757575,1.6565657,4.762411e-05,-0.0014521014,-15.609103,-42.17051,0.31219134,0.0014528821
1.5757575,1.6969697,4.7435984e-05,-0.0014785808,-15.323031,-41.458614,0.29017028,0.0014793414
1.5757575,1.7373737,4.7212467e-05,-0.0015049037,-15.048087,-40.7444,0.26851463,0.0015056441
1.5757575,1.7777778,4.694797e-05,-0.0015311912,-14.787543,-40.02777,0.24725322,0.0015319107
1.5757575,1.8181819,4.6642497e-05,-0.0015576091,-14.545439,-39.309605,0.22635877,0.0015583072
1.5757575,1.8585858,4.6297908e-05,-0.0015843734,-14.325548,-38.591152,0.20592046,0.0015850497
1.5757575,1.8989899,4.5938417e-05,-0.0016117934,-14.129677,-37.873123,0.1862076,0.0016124479
1.5757575,1.939394,4.555285e-05,-0.001640223,-13.955678,-37.15496,0.16761741,0.0016408555
1.5757575,1.979798,4.5139343e-05,-0.0016700998,-13.796607,-36.435543,0.15045427,0.0016707097
1.5757575,2.020202,4.4723973e-05,-0.0017018355,-13.641913,-35.714767,0.13462505,0.0017024231
1.5757575,2.060606,4.4289976e-05,-0.0017357823,-13.480267,-34.994087,0.119659945,0.0017363472
1.5757575,2.10101,4.3846667e-05,-0.0017721001,-13.302199,-34.274532,0.105085455,0.0017726425
1.5757575,2.1414142,4.338473e-05,-0.001810737,-13.101698,-33.554855,0.09088496,0.0018112566
1.5757575,2.1818182,4.2881817e-05,-0.0018513892,-12.877082,-32.83302,0.07748286,0.0018518857
1.5757575,2.2222223,4.2358413e-05,-0.0018935967,-12.630881,-32.109066,0.065216415,0.0018940704
1.5757575,2.2626262,4.1788444e-05,-0.0019368101,-12.368051,-31.385038,0.053824063,0.0019372609
1.5757575,2.3030303,4.1164458e-05,-0.0019805208,-12.093751,-30.66293,0.042522024,0.0019809485
1.5757575,2.3434343,4.0493906e-05,-0.0020243097,-11.811688,-29.942537,0.03050948,0.0020247146
1.5757575,2.3838384,3.976561e-05,-0.00206781,-11.524157,-29.22218,0.017464994,0.0020681922
1.5757575,2.4242425,3.8987026e-05,-0.0021107793,-11.232549,-28.499872,0.0036077981,0.0021111392
1.5757575,2.4646466,3.8120896e-05,-0.0021530278,-10.937988,-27.77452,-0.010498754,0.0021533652
1.5757575,2.5050504,3.7197024e-05,-0.0021944419,-10.641621,-27.046207,-0.024260199,0.002194757
1.5757575,2.5454545,3.620051e-05,-0.0022349022,-10.344597,-26.315891,-0.037221238,0.0022351954
1.5757575,2.5858586,3.5148114e-05,-0.0022743717,-10.047977,-25.584858,-0.0491802,0.0022746434
1.5757575,2.6262627,3.403239e-05,-0.0023127962,-9.752585,-24.854233,-0.06013456,0.0023130465
1.5757575,2.6666667,3.2875687e-05,-0.0023501646,-9.458922,-24.124668,-0.07023504,0.0023503946
1.5757575,2.7070708,3.1668693e-05,-0.0023864452,-9.167179,-23.396267,-0.07969474,0.0023866552
1.5757575,2.7474747,3.041327e-05,-0.0024216473,-8.877314,-22.668737,-0.088749215,0.0024218382
1.5757575,2.7878788,2.912432e-05,-0.0024557486,-8.589112,-21.94149,-0.097584866,0.0024559211
1.5757575,2.8282828,2.7805567e-05,-0.0024887435,-8.302292,-21.213844,-0.106343545,0.0024888988
1.5757575,2.868687,2.644211e-05,-0.0025206376,-8.016575,-20.48524,-0.11509926,0.0025207764
1.5757575,2.909091,2.5052577e-05,-0.0025514122,-7.731714,-19.755245,-0.123845935,0.0025515351
1.5757575,2.9494948,2.361834e-05,-0.0025810786,-7.4475617,-19.023708,-0.13253278,0.0025811866
1.5757575,2.989899,2.2148713e-05,-0.0026096217,-7.1640043,-18.290628,-0.1410683,0.0026097158
1.5757575,3.030303,2.065301e-05,-0.0026370343,-6.881014,-17.556236,-0.14931776,0.002637115
1.5757575,3.070707,1.9114465e-05,-0.0026633218,-6.598573,-16.820843,-0.15713482,0.0026633902
1.5757575,3.1111112,1.7553568e-05,-0.0026884694,-6.316694,-16.084839,-0.16436444,0.0026885266
1.5757575,3.1515152,1.5955418e-05,-0.002712503,-6.0353847,-15.348644,-0.17085,0.00271255
1.5757575,3.191919,1.4357269e-05,-0.0027354024,-5.754654,-14.6126585,-0.17644504,0.0027354402
1.5757575,3.2323232,1.273118e-05,-0.0027571674,-5.474453,-13.877203,-0.18100944,0.0027571968
1.5757575,3.2727273,1.1088327e-05,-0.0027778018,-5.1947336,-13.142555,-0.1844223,0.002777824
1.5757575,3.3131313,9.4510615e-06,-0.0027973056,-4.9153886,-12.408859,-0.1865788,0.0027973214
1.5757575,3.3535354,7.800758e-06,-0.0028156713,-4.636273,-11.676175,-0.18739,0.002815682
1.5757575,3.3939395,6.167218e-06,-0.0028329305,-4.3572397,-10.944521,-0.18678662,0.0028329373
1.5757575,3.4343433,4.546717e-06,-0.0028490573,-4.078098,-10.213805,-0.18471538,0.002849061
1.5757575,3.4747474,2.9467046e-06,-0.0028640535,-3.7986407,-9.48387,-0.18113758,0.002864055
1.5757575,3.5151515,1.3764948e-06,-0.0028779414,-3.518654,-8.75453,-0.17602403,0.0028779416
1.5757575,3.5555556,-1.527369e-07,-0.0028906912,-3.237926,-8.0255575,-0.1693725,0.0028906912
1.5757575,3.5959597,-1.6372651e-06,-0.002902342,-2.9562566,-7.296761,-0.16118191,0.0029023425
1.5757575,3.6363637,-3.0845404e-06,-0.002912866,-2.6734462,-6.5679007,-0.15146436,0.0029128676
1.5757575,3.6767676,-4.45731e-06,-0.0029222798,-2.389344,-5.838827,-0.14024474,0.002922283
1.5757575,3.7171717,-5.7779253e-06,-0.0029305723,-2.1038175,-5.1094084,-0.12755431,0.002930578
1.5757575,3.7575758,-7.0314854e-06,-0.0029377453,-1.8167769,-4.3796105,-0.11343291,0.0029377537
1.5757575,3.7979798,-8.208677e-06,-0.002943812,-1.528196,-3.6494846,-0.097925365,0.0029438233
1.5757575,3.838384,-9.300187e-06,-0.002948761,-1.2381029,-2.9192102,-0.08109238,0.0029487757
1.5757575,3.878788,-1.0298565e-05,-0.0029525962,-0.94658273,-2.1890638,-0.062992334,0.002952614
1.5757575,3.9191918,-1.1218712e-05,-0.002955323,-0.65380144,-1.4594911,-0.043691035,0.0029553443
1.5757575,3.959596,-1.2032688e-05,-0.0029569305,-0.35998672,-0.7310712,-0.023258578,0.002956955
1.5757575,4.0,-1.2746081e-05,-0.0029574446,-0.06546571,-0.0045713168,-0.0017720596,0.002957472
1.7070707,0.04040404,1.7017126e-05,-7.739104e-05,-30.008875,-70.07908,0.8655927,7.9239864e-05
1.7070707,0.08080808,1.8760562e-05,-0.00011928007,-29.583725,-69.3956,0.8777071,0.0001207464
1.7070707,0.121212125,2.0479783e-05,-0.00016080216,-29.162146,-68.71023,0.8884527,0.00016210106
1.7070707,0.16161616,2.2171065e-05,-0.00020194799,-28.744392,-68.02368,0.89759624,0.00020316138
1.7070707,0.2020202,2.3839995e-05,-0.00024272874,-28.33044,-67.33609,0.9049582,0.00024389668
1.7070707,0.24242425,2.549775e-05,-0.00028312393,-27.920362,-66.64782,0.9104307,0.00028426974
1.7070707,0.28282827,2.7116388e-05,-0.0003231503,-27.514044,-65.9588,0.9139598,0.00032428603
1.7070707,0.32323232,2.8697774e-05,-0.00036280043,-27.111427,-65.26912,0.91555554,0.00036393365
1.7070707,0.36363637,3.0254945e-05,-0.00040205382,-26.712362,-64.578606,0.91523623,0.00040319058
1.7070707,0.4040404,3.1773e-05,-0.0004409328,-26.31671,-63.887188,0.9130615,0.0004420761
1.7070707,0.44444445,3.325008e-05,-0.00047942437,-25.92434,-63.194706,0.90914154,0.000480576
1.7070707,0.4848485,3.4691766e-05,-0.00051753037,-25.535116,-62.501057,0.9035595,0.00051869184
1.7070707,0.5252525,3.6086887e-05,-0.00055524893,-25.148949,-61.80617,0.8964335,0.00055642036
1.7070707,0.56565654,3.743358e-05,-0.0005925745,-24.765741,-61.109997,0.88787305,0.0005937557
1.7070707,0.6060606,3.8739294e-05,-0.0006295163,-24.38547,-60.412613,0.8779866,0.0006307072
1.7070707,0.64646465,3.9992854e-05,-0.0006660558,-24.008093,-59.714058,0.86687475,0.00066725543
1.7070707,0.68686867,4.1212887e-05,-0.00070220046,-23.633595,-59.014416,0.85463196,0.00070340885
1.7070707,0.72727275,4.2364e-05,-0.0007379558,-23.262037,-58.31394,0.8413343,0.0007391708
1.7070707,0.7676768,4.3472275e-05,-0.0007732976,-22.893421,-57.612766,0.8270726,0.0007745186
1.7070707,0.8080808,4.4526532e-05,-0.0008082539,-22.527802,-56.911125,0.811896,0.00080947945
1.7070707,0.8484849,4.5523047e-05,-0.00084279664,-22.165236,-56.20927,0.7958658,0.00084402517
1.7070707,0.8888889,4.6471134e-05,-0.0008769408,-21.805767,-55.507385,0.7790285,0.0008781712
1.7070707,0.9292929,4.7359616e-05,-0.0009106938,-21.449417,-54.80566,0.7614383,0.0009119244
1.7070707,0.969697,4.8190355e-05,-0.0009440314,-21.096199,-54.10422,0.74313617,0.00094526063
1.7070707,1.010101,4.8970804e-05,-0.0009769723,-20.746061,-53.40307,0.7241571,0.0009781988
1.7070707,1.050505,4.970096e-05,-0.0010095052,-20.398985,-52.702248,0.7045651,0.001010728
1.7070707,1.0909091,5.0364062e-05,-0.0010416228,-20.054857,-52.001614,0.68438935,0.0010428397
1.7070707,1.1313131,5.097501e-05,-0.0010733418,-19.713535,-51.300907,0.6636861,0.0010745516
1.7070707,1.1717172,5.151704e-05,-0.0011046529,-19.374903,-50.59992,0.64250183,0.0011058536
1.7070707,1.2121212,5.2014366e-05,-0.001135556,-19.038786,-49.898296,0.62087303,0.0011367467
1.7070707,1.2525252,5.2463263e-05,-0.0011660513,-18.705048,-49.19572,0.598848,0.0011672309
1.7070707,1.2929293,5.2835792e-05,-0.0011961441,-18.37356,-48.491886,0.57644796,0.0011973105
1.7070707,1.3333334,5.315803e-05,-0.0012258198,-18.044334,-47.786667,0.5536915,0.0012269719
1.7070707,1.3737373,5.3420663e-05,-0.0012550931,-17.71745,-47.080093,0.53059185,0.0012562295
1.7070707,1.4141414,5.363673e-05,-0.0012839604,-17.39318,-46.372406,0.507148,0.0012850802
1.7070707,1.4545455,5.378574e-05,-0.0013124347,-17.071877,-45.66391,0.48337322,0.0013135363
1.7070707,1.4949495,5.387515e-05,-0.0013405085,-16.75412,-44.95513,0.45929867,0.0013415907
1.7070707,1.5353535,5.391799e-05,-0.001368206,-16.440632,-44.246548,0.43497035,0.0013692679
1.7070707,1.5757576,5.3895637e-05,-0.0013955329,-16.132235,-43.538303,0.41049618,0.0013965731
1.7070707,1.6161616,5.3824857e-05,-0.0014225394,-15.829945,-42.83023,0.38600594,0.0014235573
1.7070707,1.6565657,5.3698197e-05,-0.0014492404,-15.534998,-42.121613,0.3616581,0.0014502349
1.7070707,1.6969697,5.3519383e-05,-0.0014757197,-15.249088,-41.411503,0.33759773,0.0014766898
1.7070707,1.7373737,5.3290278e-05,-0.001502024,-14.974692,-40.69922,0.31391045,0.0015029691
1.7070707,1.7777778,5.3025782e-05,-0.0015283041,-14.715137,-39.984623,0.29063475,0.0015292236
1.7070707,1.8181819,5.2716583e-05,-0.0015547089,-14.474559,-39.268612,0.26778108,0.0015556024
1.7070707,1.8585858,5.2364543e-05,-0.001581464,-14.256771,-38.552387,0.2454541,0.0015823307
1.7070707,1.8989899,5.1993877e-05,-0.0016088765,-14.063606,-37.836647,0.22392954,0.0016097164
1.7070707,1.939394,5.1593408e-05,-0.0016373061,-13.892812,-37.12073,0.20361395,0.0016381188
1.7070707,1.979798,5.117245e-05,-0.0016671792,-13.737338,-36.403656,0.18480591,0.0016679643
1.7070707,2.020202,5.073659e-05,-0.0016989075,-13.586347,-35.685215,0.16741821,0.0016996649
1.7070707,2.060606,5.0300732e-05,-0.0017328393,-13.428152,-34.96671,0.15095754,0.0017335692
1.7070707,2.10101,4.984252e-05,-0.0017691497,-13.252931,-34.248924,0.13493645,0.0017698517
1.7070707,2.1414142,4.9365684e-05,-0.0018077809,-13.054544,-33.53062,0.11931348,0.0018084549
1.7070707,2.1818182,4.887022e-05,-0.0018484276,-12.83143,-32.810078,0.104471974,0.0018490735
1.7070707,2.2222223,4.832819e-05,-0.0018906295,-12.586275,-32.08755,0.09071194,0.0018912471
1.7070707,2.2626262,4.774891e-05,-0.0019338448,-12.324201,-31.36522,0.077740245,0.0019344342
1.7070707,2.3030303,4.7113746e-05,-0.0019775573,-12.050343,-30.644772,0.06475951,0.0019781184
1.7070707,2.3434343,4.6430156e-05,-0.0020213388,-11.768431,-29.925804,0.05097524,0.002021872
1.7070707,2.3838384,4.5668334e-05,-0.002064854,-11.480768,-29.206472,0.036084782,0.002065359
1.7070707,2.4242425,4.483573e-05,-0.0021078344,-11.188877,-28.484936,0.020331474,0.0021083113
1.7070707,2.4646466,4.392676e-05,-0.0021500904,-10.8940325,-27.76034,0.0042912452,0.002150539
1.7070707,2.5050504,4.2928383e-05,-0.0021914933,-10.597495,-27.032934,-0.011426972,0.0021919135
1.7070707,2.5454545,4.18555e-05,-0.0022319723,-10.3005295,-26.303852,-0.026385918,0.0022323646
1.7070707,2.5858586,4.0711835e-05,-0.0022714548,-10.004233,-25.574427,-0.04037808,0.0022718196
1.7070707,2.6262627,3.950298e-05,-0.002309898,-9.709425,-24.84571,-0.053405244,0.0023102358
1.7070707,2.6666667,3.8240105e-05,-0.0023472868,-9.416575,-24.118254,-0.06561037,0.0023475983
1.7070707,2.7070708,3.69139e-05,-0.0023835935,-9.125831,-23.392025,-0.07720192,0.0023838792
1.7070707,2.7474747,3.553368e-05,-0.002418818,-8.837108,-22.666586,-0.08839705,0.002419079
1.7070707,2.7878788,3.4106895e-05,-0.002452951,-8.550167,-21.941269,-0.099365994,0.002453188
1.7070707,2.8282828,3.263913e-05,-0.002485985,-8.264707,-21.215332,-0.11022845,0.0024861991
1.7070707,2.868687,3.1115487e-05,-0.0025179032,-7.980466,-20.488222,-0.121028215,0.0025180955
1.7070707,2.909091,2.9545277e-05,-0.002548715,-7.69722,-19.759535,-0.13174377,0.0025488865
1.7070707,2.9494948,2.7928501e-05,-0.0025784168,-7.414833,-19.029129,-0.14230175,0.0025785682
1.7070707,2.989899,2.6274472e-05,-0.002606988,-7.1332364,-18.297085,-0.1525815,0.0026071204
1.7070707,3.030303,2.4581328e-05,-0.0026344396,-6.852412,-17.56365,-0.16243114,0.0026345544
1.7070707,3.070707,2.2854656e-05,-0.0026607718,-6.5723777,-16.829187,-0.17169175,0.00266087
1.7070707,3.1111112,2.1072105e-05,-0.0026859604,-6.2931705,-16.094133,-0.18018793,0.002686043
1.7070707,3.1515152,1.9282103e-05,-0.002710024,-6.0147943,-15.358905,-0.18775724,0.0027100926
1.7070707,3.191919,1.7462298e-05,-0.0027329493,-5.737257,-14.623905,-0.19423734,0.0027330052
1.7070707,3.2323232,1.5612692e-05,-0.0027547479,-5.4605165,-13.889446,-0.1994942,0.002754792
1.7070707,3.2727273,1.3753772e-05,-0.0027754176,-5.1844926,-13.155773,-0.20339808,0.0027754516
1.7070707,3.3131313,1.1881813e-05,-0.002794955,-4.9090767,-12.423031,-0.20584157,0.00279498
1.7070707,3.3535354,1.0021031e-05,-0.0028133541,-4.634113,-11.691257,-0.20674229,0.0028133718
1.7070707,3.3939395,8.171424e-06,-0.0028306395,-4.3594112,-10.960424,-0.20602912,0.0028306514
1.7070707,3.4343433,6.3274056e-06,-0.0028467886,-4.084764,-10.2304125,-0.20365392,0.0028467956
1.7070707,3.4747474,4.52064e-06,-0.0028618164,-3.809929,-9.501029,-0.19958282,0.00286182
1.7070707,3.5151515,2.7380884e-06,-0.002875723,-3.5346763,-8.77208,-0.19379756,0.002875724
1.7070707,3.5555556,1.007691e-06,-0.0028885007,-3.2587652,-8.043326,-0.18629189,0.002888501
1.7070707,3.5959597,-6.891787e-07,-0.0029001553,-2.9819555,-7.314524,-0.17707953,0.0029001555
1.7070707,3.6363637,-2.304092e-06,-0.0029106848,-2.7040246,-6.5854263,-0.1661814,0.0029106857
1.7070707,3.6767676,-3.868714e-06,-0.0029201116,-2.4247997,-5.8558865,-0.15362412,0.0029201142
1.7070707,3.7171717,-5.3737313e-06,-0.0029284116,-2.14411,-5.125747,-0.13945399,0.0029284165
1.7070707,3.7575758,-6.793067e-06,-0.0029355772,-1.8618485,-4.3949633,-0.12371919,0.002935585
1.7070707,3.7979798,-8.121133e-06,-0.002941627,-1.5779656,-3.6635997,-0.10647545,0.0029416385
1.7070707,3.838384,-9.369105e-06,-0.002946563,-1.2924583,-2.9318087,-0.08779189,0.002946578
1.7070707,3.878788,-1.0510907e-05,-0.0029503722,-1.0053947,-2.1998847,-0.06773762,0.0029503908
1.7070707,3.9191918,-1.1565164e-05,-0.0029530711,-0.7169171,-1.4682642,-0.046388905,0.0029530937
1.7070707,3.959596,-1.2494624e-05,-0.0029546488,-0.42724642,-0.73754424,-0.023832722,0.0029546754
1.7070707,4.0,-1.3349578e-05,-0.002955107,-0.13669187,-0.008502677,-0.00015222143,0.002955137
1.8383838,0.04040404,1.6940758e-05,-7.719919e-05,-30.037048,-69.87534,1.0125293,7.9036094e-05
1.8383838,0.08080808,1.9008294e-05,-0.00011893734,-29.606167,-69.19792,1.0215541,0.0001204467
1.8383838,0.121212125,2.1038577e-05,-0.00016031042,-29.179144,-68.51848,1.0293189,0.00016168503
1.8383838,0.16161616,2.3042783e-05,-0.00020131469,-28.756077,-67.837395,1.0355794,0.00020262915
1.8383838,0.2020202,2.5002286e-05,-0.00024195015,-28.337053,-67.15511,1.0401686,0.00024323855
1.8383838,0.24242425,2.6928261e-05,-0.00028222427,-27.922043,-66.4718,1.0429887,0.00028350603
1.8383838,0.28282827,2.8830022e-05,-0.00032212026,-27.510973,-65.78754,1.0439684,0.00032340785
1.8383838,0.32323232,3.067404e-05,-0.00036163256,-27.103699,-65.10224,1.043107,0.00036293114
1.8383838,0.36363637,3.2486394e-05,-0.0004007779,-26.700144,-64.416,1.0404229,0.0004020924
1.8383838,0.4040404,3.4254044e-05,-0.000439547,-26.300165,-63.728706,1.0359725,0.0004408797
1.8383838,0.44444445,3.5965815e-05,-0.00047792867,-25.903578,-63.04016,1.0298227,0.00047928005
1.8383838,0.4848485,3.763102e-05,-0.00051592477,-25.510296,-62.350388,1.022068,0.0005172953
1.8383838,0.5252525,3.924407e-05,-0.0005535446,-25.120235,-61.659378,1.0128067,0.00055493397
1.8383838,0.56565654,4.0804967e-05,-0.00059077516,-24.733265,-60.967014,1.0021272,0.0005921827
1.8383838,0.6060606,4.2311847e-05,-0.0006276239,-24.349392,-60.27344,0.990135,0.0006290485
1.8383838,0.64646465,4.376471e-05,-0.00066407584,-23.96856,-59.578705,0.9769185,0.0006655164
1.8383838,0.68686867,4.515797e-05,-0.00070013106,-23.590738,-58.88286,0.9625698,0.0007015859
1.8383838,0.72727275,4.6484172e-05,-0.00073579885,-23.216007,-58.186184,0.9471674,0.00073726574
1.8383838,0.7676768,4.7767535e-05,-0.00077107735,-22.844355,-57.488777,0.93077534,0.00077255553
1.8383838,0.8080808,4.8978254e-05,-0.0008059498,-22.475859,-56.79091,0.9134637,0.00080743665
1.8383838,0.8484849,5.0133094e-05,-0.0008404404,-22.110542,-56.09275,0.8952806,0.00084193435
1.8383838,0.8888889,5.1219016e-05,-0.0008745175,-21.748453,-55.394485,0.8762907,0.0008760161
1.8383838,0.9292929,5.2239746e-05,-0.00090819225,-21.38959,-54.696228,0.8565401,0.0009096935
1.8383838,0.969697,5.321391e-05,-0.0009414721,-21.034002,-53.99817,0.83607715,0.0009429748
1.8383838,1.010101,5.4121017e-05,-0.00097435527,-20.681643,-53.30031,0.81495076,0.0009758572
1.8383838,1.050505,5.4949895e-05,-0.0010068323,-20.332457,-52.60261,0.79321015,0.0010083307
1.8383838,1.0909091,5.5726618e-05,-0.001038909,-19.986364,-51.904976,0.7709079,0.0010404025
1.8383838,1.1313131,5.6436285e-05,-0.0010705739,-19.643267,-51.20724,0.74809575,0.0010720604
1.8383838,1.1717172,5.7090074e-05,-0.0011018347,-19.30298,-50.509068,0.7248212,0.0011033127
1.8383838,1.2121212,5.766377e-05,-0.001132695,-18.965382,-49.81022,0.7011343,0.0011341618
1.8383838,1.2525252,5.818531e-05,-0.0011631548,-18.630337,-49.110386,0.677067,0.0011646092
1.8383838,1.2929293,5.8637932e-05,-0.0011932049,-18.297733,-48.409283,0.652643,0.0011946448
1.8383838,1.3333334,5.9034675e-05,-0.0012228489,-17.967556,-47.706776,0.6278858,0.001224273
1.8383838,1.3737373,5.9349462e-05,-0.0012520906,-17.6399,-47.002922,0.6027948,0.0012534964
1.8383838,1.4141414,5.962327e-05,-0.0012809262,-17.314976,-46.297844,0.5773652,0.0012823131
1.8383838,1.4545455,5.9824437e-05,-0.0013093632,-16.993176,-45.591938,0.55159503,0.0013107292
1.8383838,1.4949495,5.996041e-05,-0.0013374127,-16.67506,-44.885708,0.52550083,0.0013387562
1.8383838,1.5353535,6.0033053e-05,-0.0013650786,-16.36128,-44.179462,0.49913093,0.0013663981
1.8383838,1.5757576,6.0049817e-05,-0.001392398,-16.052725,-43.47346,0.47257987,0.0013936923
1.8383838,1.6161616,5.9997663e-05,-0.0014193691,-15.750384,-42.767464,0.4459658,0.0014206367
1.8383838,1.6565657,5.988963e-05,-0.001446059,-15.4555435,-42.060825,0.419465,0.0014472987
1.8383838,1.6969697,5.9723854e-05,-0.0014725141,-15.169998,-41.35275,0.39321232,0.0014737248
1.8383838,1.7373737,5.9498474e-05,-0.0014988035,-14.89627,-40.64253,0.36732122,0.001499984
1.8383838,1.7777778,5.923584e-05,-0.0015250687,-14.637832,-39.9302,0.34184435,0.0015262186
1.8383838,1.8181819,5.892478e-05,-0.0015514586,-14.398852,-39.216595,0.31682503,0.0015525772
1.8383838,1.8585858,5.8570877e-05,-0.0015782006,-14.183224,-38.502895,0.2923809,0.0015792871
1.8383838,1.8989899,5.818717e-05,-0.0016055983,-13.99277,-37.789776,0.26881057,0.0016066523
1.8383838,1.939394,5.7773665e-05,-0.0016340073,-13.825206,-37.07659,0.24653578,0.0016350284
1.8383838,1.979798,5.7352707e-05,-0.0016638655,-13.673309,-36.362293,0.2258466,0.0016648537
1.8383838,2.020202,5.690381e-05,-0.0016955789,-13.525968,-35.646606,0.20666614,0.0016965335
1.8383838,2.060606,5.6466088e-05,-0.0017294958,-13.37113,-34.930637,0.18848632,0.0017304174
1.8383838,2.10101,5.6000426e-05,-0.0017657969,-13.1986885,-34.215046,0.17080261,0.0017666846
1.8383838,2.1414142,5.553849e-05,-0.0018044133,-13.002369,-33.498573,0.15353823,0.0018052679
1.8383838,2.1818182,5.503744e-05,-0.0018450506,-12.780668,-32.779713,0.13704392,0.0018458713
1.8383838,2.2222223,5.450286e-05,-0.0018872395,-12.536486,-32.05907,0.12158694,0.0018880264
1.8383838,2.2626262,5.3916126e-05,-0.0019304417,-12.275052,-31.338808,0.10683971,0.0019311944
1.8383838,2.3030303,5.327724e-05,-0.0019741468,-12.00152,-30.620388,0.09199262,0.0019748656
1.8383838,2.3434343,5.2563846e-05,-0.0020179246,-11.719646,-29.903227,0.07626061,0.002018609
1.8383838,2.3838384,5.1781535e-05,-0.002061434,-11.431772,-29.185373,0.059357643,0.0020620842
1.8383838,2.4242425,5.091168e-05,-0.002104411,-11.139545,-28.465109,0.04155009,0.0021050267
1.8383838,2.4646466,4.995428e-05,-0.0021466725,-10.844373,-27.741764,0.023416981,0.0021472536
1.8383838,2.5050504,4.890375e-05,-0.0021880995,-10.54766,-27.015823,0.0055699395,0.002188646
1.8383838,2.5454545,4.775822e-05,-0.0022285823,-10.250748,-26.288515,-0.011554804,0.002229094
1.8383838,2.5858586,4.65326e-05,-0.002268074,-9.954764,-25.561174,-0.02775871,0.0022685514
1.8383838,2.6262627,4.5232475e-05,-0.0023065303,-9.660522,-24.83481,-0.04304035,0.0023069738
1.8383838,2.6666667,4.385598e-05,-0.002343936,-9.368457,-24.109827,-0.0575375,0.0023443461
1.8383838,2.7070708,4.2403117e-05,-0.0023802817,-9.078668,-23.386055,-0.07145338,0.0023806593
1.8383838,2.7474747,4.0899962e-05,-0.002415521,-8.7910385,-22.662962,-0.08498734,0.0024158673
1.8383838,2.7878788,3.933534e-05,-0.0024496857,-8.505292,-21.939756,-0.098294616,0.0024500014
1.8383838,2.8282828,3.77018e-05,-0.002482744,-8.221143,-21.21572,-0.111471996,0.0024830303
1.8383838,2.868687,3.6027282e-05,-0.0025147088,-7.938331,-20.49025,-0.12454006,0.0025149668
1.8383838,2.909091,3.4270808e-05,-0.0025455635,-7.6566653,-19.763004,-0.13745034,0.0025457942
1.8383838,2.9494948,3.247708e-05,-0.002575297,-7.3760333,-19.033875,-0.15010594,0.0025755016
1.8383838,2.989899,3.061816e-05,-0.002603909,-7.096404,-18.302988,-0.16236475,0.002604089
1.8383838,3.030303,2.872385e-05,-0.002631409,-6.817786,-17.570633,-0.17405584,0.0026315658
1.8383838,3.070707,2.6773661e-05,-0.002657771,-6.540238,-16.837238,-0.18499699,0.002657906
1.8383838,3.1111112,2.4786219e-05,-0.0026830025,-6.2637935,-16.103235,-0.19499885,0.002683117
1.8383838,3.1515152,2.2755936e-05,-0.0027071051,-5.9884915,-15.369078,-0.20388505,0.0027072008
1.8383838,3.191919,2.069585e-05,-0.0027300697,-5.714337,-14.635156,-0.21148674,0.0027301481
1.8383838,3.2323232,1.8624589e-05,-0.0027519055,-5.4412766,-13.901763,-0.21765326,0.0027519686
1.8383838,3.2727273,1.6525388e-05,-0.002772607,-5.169238,-13.169138,-0.22225624,0.0027726563
1.8383838,3.3131313,1.44112855e-05,-0.0027921814,-4.8980837,-12.43739,-0.22518827,0.0027922185
1.8383838,3.3535354,1.2310222e-05,-0.002810629,-4.627654,-11.706545,-0.22635624,0.002810656
1.8383838,3.3939395,1.0211021e-05,-0.002827935,-4.357729,-10.976524,-0.2256968,0.0028279535
1.8383838,3.4343433,8.136034e-06,-0.0028441176,-4.0880847,-10.247206,-0.22315916,0.0028441292
1.8383838,3.4747474,6.0796738e-06,-0.0028591715,-3.818456,-9.518366,-0.21871448,0.002859178
1.8383838,3.5151515,4.068017e-06,-0.002873093,-3.54858,-8.78978,-0.21234922,0.0028730957
1.8383838,3.5555556,2.1010637e-06,-0.0028858967,-3.2781882,-8.061184,-0.20406286,0.0028858974
1.8383838,3.5959597,1.8440187e-07,-0.0028975755,-3.0070176,-7.33233,-0.19387485,0.0028975755
1.8383838,3.6363637,-1.6763806e-06,-0.0029081237,-2.7348218,-6.602965,-0.18181185,0.0029081241
1.8383838,3.6767676,-3.4552068e-06,-0.0029175356,-2.4613814,-5.8729005,-0.16791378,0.0029175375
1.8383838,3.7171717,-5.150214e-06,-0.0029258225,-2.1865227,-5.1420155,-0.15223043,0.002925827
1.8383838,3.7575758,-6.770715e-06,-0.0029329956,-1.9100921,-4.4102297,-0.13482453,0.0029330032
1.8383838,3.7979798,-8.311123e-06,-0.0029390343,-1.6320162,-3.6776052,-0.11576392,0.002939046
1.8383838,3.838384,-9.730458e-06,-0.0029439423,-1.352265,-2.944306,-0.095122896,0.0029439584
1.8383838,3.878788,-1.1054799e-05,-0.0029477384,-1.0708805,-2.2106133,-0.07298683,0.002947759
1.8383838,3.9191918,-1.2278557e-05,-0.0029503815,-0.78798664,-1.4769865,-0.04944906,0.002950407
1.8383838,3.959596,-1.3381243e-05,-0.002951922,-0.50378186,-0.7440283,-0.024602182,0.0029519524
1.8383838,4.0,-1.4377758e-05,-0.0029523317,-0.21855384,-0.012515331,0.0014497626,0.0029523666
1.969697,0.04040404,1.658313e-05,-7.7068806e-05,-30.054655,-69.648186,1.1766115,7.883274e-05
1.969697,0.08080808,1.899898e-05,-0.000118635595,-29.61845,-68.97668,1.1820143,0.00012014727
1.969697,0.121212125,2.1358952e-05,-0.0001598373,-29.186277,-68.302895,1.186272,0.00016125808
1.969697,0.16161616,2.3685396e-05,-0.00020068884,-28.758263,-67.62735,1.189173,0.00020208169
1.969697,0.2020202,2.5967136e-05,-0.00024117716,-28.334444,-66.95036,1.1905558,0.00024257104
1.969697,0.24242425,2.819486e-05,-0.00028129295,-27.914745,-66.27208,1.1903073,0.00028270244
1.969697,0.28282827,3.0376017e-05,-0.0003210418,-27.499117,-65.59262,1.1883595,0.00032247565
1.969697,0.32323232,3.2503158e-05,-0.0003604293,-27.087431,-64.912025,1.1847104,0.00036189187
1.969697,0.36363637,3.4587458e-05,-0.0003994424,-26.679567,-64.23029,1.1793553,0.00040093705
1.969697,0.4040404,3.6604702e-05,-0.0004380755,-26.275402,-63.5474,1.1723394,0.00043960215
1.969697,0.44444445,3.8577244e-05,-0.00047633424,-25.874762,-62.86324,1.1637118,0.00047789383
1.969697,0.4848485,4.0471554e-05,-0.0005142167,-25.477543,-62.177765,1.153562,0.00051580695
1.969697,0.5252525,4.2324886e-05,-0.0005517211,-25.083681,-61.491062,1.1419569,0.00055334216
1.969697,0.56565654,4.41093e-05,-0.00058884174,-24.693062,-60.803055,1.1289734,0.0005904915
1.969697,0.6060606,4.582666e-05,-0.0006255768,-24.305647,-60.11382,1.1147109,0.0006272531
1.969697,0.64646465,4.748255e-05,-0.0006619375,-23.92142,-59.423428,1.0992433,0.00066363835
1.969697,0.68686867,4.906766e-05,-0.0006978996,-23.540342,-58.73197,1.082644,0.0006996224
1.969697,0.72727275,5.058758e-05,-0.00073347427,-23.162483,-58.03967,1.0649909,0.00073521666
1.969697,0.7676768,5.2044168e-05,-0.0007686559,-22.787836,-57.346622,1.0463442,0.0007704158
1.969697,0.8080808,5.3435564e-05,-0.0008034427,-22.416447,-56.65303,1.0267667,0.00080521766
1.969697,0.8484849,5.474128e-05,-0.00083784387,-22.048376,-55.95909,1.0063171,0.00083963026
1.969697,0.8888889,5.5991113e-05,-0.0008718502,-21.683628,-55.264885,0.9850452,0.00087364623
1.969697,0.9292929,5.7162717e-05,-0.0009054616,-21.322252,-54.570606,0.9630066,0.0009072642
1.969697,0.969697,5.827099e-05,-0.00093866885,-20.964266,-53.876366,0.9402556,0.0009404758
1.969697,1.010101,5.930476e-05,-0.00097148493,-20.609642,-53.182163,0.9168406,0.0009732934
1.969697,1.050505,6.0265884e-05,-0.001003895,-20.258322,-52.48795,0.8928234,0.0010057023
1.969697,1.0909091,6.115064e-05,-0.0010359101,-19.91026,-51.793697,0.86825216,0.0010377134
1.969697,1.1313131,6.197579e-05,-0.0010675248,-19.565292,-51.099075,0.8431918,0.0010693223
1.969697,1.1717172,6.27283e-05,-0.0010987353,-19.22335,-50.40399,0.8176886,0.0011005244
1.969697,1.2121212,6.340444e-05,-0.001129549,-18.88427,-49.70812,0.79178995,0.0011313271
1.969697,1.2525252,6.4013526e-05,-0.0011599492,-18.547903,-49.01113,0.76553607,0.0011617142
1.969697,1.2929293,6.454997e-05,-0.0011899527,-18.214197,-48.312878,0.73895043,0.0011917022
1.969697,1.3333334,6.501563e-05,-0.0012195557,-17.883121,-47.613216,0.71205395,0.0012212875
1.969697,1.3737373,6.541237e-05,-0.0012487527,-17.55475,-46.91213,0.68483007,0.0012504648
1.969697,1.4141414,6.5730885e-05,-0.0012775529,-17.229301,-46.20984,0.65727574,0.0012792428
1.969697,1.4545455,6.598048e-05,-0.0013059545,-16.907125,-45.506626,0.62938315,0.0013076202
1.969697,1.4949495,6.6168606e-05,-0.0013339669,-16.588783,-44.80299,0.60115445,0.0013356069
1.969697,1.5353535,6.628595e-05,-0.0013616122,-16.274944,-44.099323,0.5726263,0.0013632248
1.969697,1.5757576,6.632693e-05,-0.0013888888,-15.966431,-43.39575,0.54387814,0.0013904716
1.969697,1.6161616,6.630272e-05,-0.0014158301,-15.664267,-42.69206,0.5150381,0.0014173818
1.969697,1.6565657,6.6224486e-05,-0.0014424957,-15.369786,-41.987682,0.48625222,0.0014440151
1.969697,1.6969697,6.606616e-05,-0.0014689304,-15.08483,-41.28186,0.45767978,0.0014704153
1.969697,1.7373737,6.586313e-05,-0.00149519,-14.811987,-40.573982,0.42944482,0.0014966399
1.969697,1.7777778,6.560236e-05,-0.0015214309,-14.5548525,-39.86419,0.40161467,0.0015228447
1.969697,1.8181819,6.527454e-05,-0.0015477948,-14.317617,-39.153236,0.37425405,0.0015491706
1.969697,1.8585858,6.491691e-05,-0.0015745107,-14.104275,-38.44243,0.34750912,0.0015758484
1.969697,1.8989899,6.452575e-05,-0.001601886,-13.9166155,-37.732258,0.32168993,0.0016031851
1.969697,1.939394,6.411411e-05,-0.0016302727,-13.752331,-37.02216,0.29722992,0.0016315329
1.969697,1.979798,6.367266e-05,-0.0016601142,-13.604011,-36.31098,0.27444,0.0016613348
1.969697,2.020202,6.324053e-05,-0.0016918052,-13.460302,-35.598427,0.25323087,0.0016929867
1.969697,2.060606,6.2787905e-05,-0.0017257016,-13.30879,-34.885384,0.23310316,0.0017268435
1.969697,2.10101,6.2344596e-05,-0.0017619748,-13.139068,-34.172337,0.21351816,0.0017630775
1.969697,2.1414142,6.1886385e-05,-0.0018005725,-12.944756,-33.458126,0.19437945,0.0018016357
1.969697,2.1818182,6.14021e-05,-0.0018411875,-12.724446,-32.741474,0.17600419,0.0018422111
1.969697,2.2222223,6.087497e-05,-0.0018833485,-12.481157,-32.023136,0.15862331,0.001884332
1.969697,2.2626262,6.029941e-05,-0.0019265376,-12.220254,-31.305317,0.14188604,0.001927481
1.969697,2.3030303,5.966425e-05,-0.0019702408,-11.946938,-30.589323,0.124969654,0.001971144
1.969697,2.3434343,5.895458e-05,-0.002014,-11.664963,-29.874315,0.10710991,0.0020148626
1.969697,2.3838384,5.8138743e-05,-0.0020574983,-11.376795,-29.158394,0.088023975,0.0020583195
1.969697,2.4242425,5.7244673e-05,-0.0021004733,-11.084178,-28.439924,0.06800021,0.0021012533
1.969697,2.4646466,5.6231394e-05,-0.0021427348,-10.788648,-27.718372,0.047618918,0.0021434724
1.969697,2.5050504,5.513616e-05,-0.0021841545,-10.491756,-26.994455,0.027481634,0.0021848502
1.969697,2.5454545,5.3934753e-05,-0.0022246484,-10.194896,-26.269453,0.008029473,0.0022253022
1.969697,2.5858586,5.2619725e-05,-0.0022641476,-9.89923,-25.54469,-0.010548291,0.002264759
1.969697,2.6262627,5.123578e-05,-0.0023026336,-9.605541,-24.821072,-0.02824362,0.0023032036
1.969697,2.6666667,4.9745664e-05,-0.0023400523,-9.314224,-24.098873,-0.04520367,0.002340581
1.969697,2.7070708,4.8188493e-05,-0.0023764074,-9.02536,-23.377836,-0.06161166,0.0023768959
1.969697,2.7474747,4.6551228e-05,-0.0024116952,-8.738782,-22.657288,-0.077658676,0.0024121443
1.969697,2.7878788,4.4837594e-05,-0.0024458878,-8.454198,-21.936382,-0.09348072,0.0024462987
1.969697,2.8282828,4.3051317e-05,-0.0024789888,-8.171328,-21.214363,-0.109160885,0.0024793628
1.969697,2.868687,4.1196123e-05,-0.0025109872,-7.8899274,-20.490665,-0.12468643,0.002511325
1.969697,2.909091,3.9270148e-05,-0.002541868,-7.6098323,-19.764963,-0.13999738,0.0025421714
1.969697,2.9494948,3.7273392e-05,-0.0025716498,-7.3309593,-19.03719,-0.15496747,0.00257192
1.969697,2.989899,3.523007e-05,-0.0026003066,-7.053323,-18.30754,-0.16942666,0.0026005453
1.969697,3.030303,3.3104792e-05,-0.0026278459,-6.7769675,-17.576359,-0.18319221,0.0026280542
1.969697,3.070707,3.0931085e-05,-0.0026542526,-6.5019684,-16.84408,-0.19604965,0.0026544328
1.969697,3.1111112,2.8710812e-05,-0.0026795305,-6.228391,-16.111174,-0.20780134,0.0026796844
1.969697,3.1515152,2.6440248e-05,-0.0027036741,-5.956291,-15.37811,-0.21825567,0.0027038034
1.969697,3.191919,2.4130568e-05,-0.002726689,-5.685678,-14.645269,-0.22722173,0.0027267956
1.969697,3.2323232,2.1791086e-05,-0.0027485657,-5.4165173,-13.912961,-0.23454735,0.0027486521
1.969697,3.2727273,1.9431114e-05,-0.0027693026,-5.1487136,-13.181368,-0.2400944,0.0027693708
1.969697,3.3131313,1.7059967e-05,-0.002788918,-4.8821282,-12.450588,-0.24374466,0.0027889702
1.969697,3.3535354,1.4685094e-05,-0.0028073825,-4.6165905,-11.720631,-0.24540499,0.002807421
1.969697,3.3939395,1.2317672e-05,-0.0028247274,-4.3518667,-10.991382,-0.24500707,0.0028247545
1.969697,3.4343433,9.972602e-06,-0.0028409436,-4.087717,-10.262707,-0.24250041,0.002840961
1.969697,3.4747474,7.648021e-06,-0.0028560217,-3.8238425,-9.534336,-0.23785768,0.002856032
1.969697,3.5151515,5.364418e-06,-0.0028699748,-3.5599718,-8.806041,-0.23106217,0.0028699797
1.969697,3.5555556,3.1143427e-06,-0.002882788,-3.2958066,-8.077558,-0.2221239,0.0028827896
1.969697,3.5959597,9.369105e-07,-0.0028944742,-3.0310593,-7.348597,-0.21106097,0.0028944742
1.969697,3.6363637,-1.180917e-06,-0.0029050354,-2.7654595,-6.618922,-0.19790836,0.0029050356
1.969697,3.6767676,-3.2112002e-06,-0.0029144585,-2.4987607,-5.8883286,-0.18271483,0.0029144601
1.969697,3.7171717,-5.1613897e-06,-0.002922751,-2.230754,-5.156682,-0.16553769,0.0029227554
1.969697,3.7575758,-7.0314854e-06,-0.002929911,-1.9612627,-4.4239264,-0.14644639,0.0029299194
1.969697,3.7979798,-8.786097e-06,-0.0029359255,-1.6901786,-3.6900954,-0.1255254,0.0029359388
1.969697,3.838384,-1.0460615e-05,-0.002940802,-1.4174492,-2.9553683,-0.10286325,0.0029408205
1.969697,3.878788,-1.199916e-05,-0.0029445589,-1.1430897,-2.2200472,-0.07855524,0.0029445833
1.969697,3.9191918,-1.3433397e-05,-0.0029471703,-0.8671902,-1.4845791,-0.052706104,0.0029472008
1.969697,3.959596,-1.47316605e-05,-0.0029486455,-0.589922,-0.7495751,-0.025427781,0.0029486823
1.969697,4.0,-1.5905127e-05,-0.0029490031,-0.311548,-0.01582921,0.0031580036,0.002949046
2.10101,0.04040404,1.5955418e-05,-7.692166e-05,-30.061275,-69.39927,1.3582152,7.8559e-05
2.10101,0.08080808,1.8736348e-05,-0.000118304044,-29.62013,-68.73338,1.3594953,0.00011977854
2.10101,0.121212125,2.145581e-05,-0.00015933812,-29.183176,-68.06511,1.3597873,0.0001607762
2.10101,0.16161616,2.4111941e-05,-0.00020000711,-28.750502,-67.39486,1.358883,0.00020145529
2.10101,0.2020202,2.6714057e-05,-0.00024033524,-28.322119,-66.72299,1.356633,0.00024181536
2.10101,0.24242425,2.9269606e-05,-0.0002802927,-27.89798,-66.049675,1.352925,0.00028181678
2.10101,0.28282827,3.1752512e-05,-0.00031988882,-27.478031,-65.37513,1.3476962,0.00032146086
2.10101,0.32323232,3.4175813e-05,-0.00035912357,-27.062117,-64.699295,1.3409135,0.00036074608
2.10101,0.36363637,3.6541373e-05,-0.00039798766,-26.650127,-64.02224,1.3325766,0.0003996617
2.10101,0.4040404,3.883429e-05,-0.00043647736,-26.241917,-63.34394,1.3227117,0.00043820153
2.10101,0.44444445,4.1069463e-05,-0.00047460385,-25.837372,-62.664413,1.3113537,0.0004763775
2.10101,0.4848485,4.321523e-05,-0.00051235035,-25.436375,-61.983616,1.2985597,0.0005141697
2.10101,0.5252525,4.5310706e-05,-0.0005497299,-25.038816,-61.301556,1.2843944,0.0005515941
2.10101,0.56565654,4.7339126e-05,-0.0005867258,-24.644632,-60.618248,1.2689159,0.0005886324
2.10101,0.6060606,4.9280003e-05,-0.00062334724,-24.253775,-59.93375,1.2521998,0.0006252922
2.10101,0.64646465,5.11501e-05,-0.000659585,-23.866215,-59.24814,1.2343062,0.00066156534
2.10101,0.68686867,5.2956864e-05,-0.00069543906,-23.481924,-58.56147,1.2153052,0.0006974524
2.10101,0.72727275,5.467236e-05,-0.0007309094,-23.10099,-57.874004,1.1952549,0.0007329513
2.10101,0.7676768,5.631335e-05,-0.00076599047,-22.723356,-57.18572,1.174214,0.00076805765
2.10101,0.8080808,5.7881698e-05,-0.0008006878,-22.349112,-56.496857,1.1522385,0.00080277724
2.10101,0.8484849,5.9371814e-05,-0.00083499774,-21.97825,-55.807465,1.1293781,0.0008371059
2.10101,0.8888889,6.0779974e-05,-0.00086891465,-21.610874,-55.1178,1.1056956,0.0008710378
2.10101,0.9292929,6.210618e-05,-0.00090244226,-21.246971,-54.427887,1.0812367,0.0009045768
2.10101,0.969697,6.338023e-05,-0.00093556754,-20.886549,-53.737793,1.0560591,0.0009377119
2.10101,1.010101,6.454438e-05,-0.0009683091,-20.529621,-53.047577,1.0302222,0.0009704579
2.10101,1.050505,6.563589e-05,-0.0010006502,-20.176126,-52.357162,1.0037875,0.0010028005
2.10101,1.0909091,6.666407e-05,-0.0010325965,-19.826002,-51.666454,0.9768091,0.0010347462
2.10101,1.1313131,6.759539e-05,-0.0010641441,-19.47917,-50.975307,0.9493532,0.0010662888
2.10101,1.1717172,6.8455935e-05,-0.0010952912,-19.135502,-50.28347,0.9214735,0.0010974284
2.10101,1.2121212,6.924011e-05,-0.0011260454,-18.794882,-49.590717,0.8932235,0.0011281722
2.10101,1.2525252,6.9942325e-05,-0.001156399,-18.457193,-48.896812,0.8646434,0.0011585123
2.10101,1.2929293,7.0557e-05,-0.0011863448,-18.12235,-48.201527,0.83575696,0.0011884411
2.10101,1.3333334,7.110275e-05,-0.0012158919,-17.790358,-47.50479,0.80657613,0.0012179691
2.10101,1.3737373,7.1575865e-05,-0.0012450404,-17.461287,-46.806618,0.7770921,0.0012470961
2.10101,1.4141414,7.195212e-05,-0.0012737904,-17.135347,-46.107212,0.74729174,0.0012758209
2.10101,1.4545455,7.226691e-05,-0.0013021491,-16.812897,-45.4069,0.7171615,0.0013041529
2.10101,1.4949495,7.250346e-05,-0.0013301279,-16.49446,-44.706116,0.6866848,0.0013321026
2.10101,1.5353535,7.266179e-05,-0.0013577212,-16.180674,-44.00519,0.65589577,0.0013596641
2.10101,1.5757576,7.2743744e-05,-0.0013849642,-15.872385,-43.304295,0.6248611,0.0013868733
2.10101,1.6161616,7.2738156e-05,-0.0014118701,-15.570613,-42.603214,0.59369314,0.0014137425
2.10101,1.6565657,7.267855e-05,-0.0014384985,-15.276706,-41.90141,0.56254536,0.0014403333
2.10101,1.6969697,7.2548166e-05,-0.0014648847,-14.992574,-41.19821,0.53157055,0.0014666801
2.10101,1.7373737,7.2350726e-05,-0.0014911257,-14.720858,-40.49304,0.5008925,0.0014928799
2.10101,1.7777778,7.208437e-05,-0.0015173238,-14.465203,-39.786045,0.47060728,0.0015190351
2.10101,1.8181819,7.1773306e-05,-0.0015436634,-14.229953,-39.078197,0.44078532,0.0015453311
2.10101,1.8585858,7.1413815e-05,-0.0015703477,-14.01903,-38.370525,0.41160235,0.0015719706
2.10101,1.8989899,7.101707e-05,-0.0015976932,-13.834298,-37.663654,0.38338017,0.0015992707
2.10101,1.939394,7.0596114e-05,-0.0016260613,-13.673374,-36.956936,0.3565625,0.0016275931
2.10101,1.979798,7.015839e-05,-0.0016558655,-13.528693,-36.2492,0.33147213,0.0016573512
2.10101,2.020202,6.9729984e-05,-0.0016875267,-13.388616,-35.540024,0.30802763,0.0016889668
2.10101,2.060606,6.929785e-05,-0.0017213952,-13.240442,-34.830242,0.28572148,0.0017227894
2.10101,2.10101,6.886572e-05,-0.0017576348,-13.073431,-34.120117,0.2640129,0.0017589835
2.10101,2.1414142,6.842613e-05,-0.001796199,-12.881122,-33.40859,0.24276866,0.0017975018
2.10101,2.1818182,6.795861e-05,-0.001836786,-12.66215,-32.694534,0.22227879,0.0018380428
2.10101,2.2222223,6.745383e-05,-0.0018789116,-12.419721,-31.978966,0.20274271,0.001880122
2.10101,2.2626262,6.690435e-05,-0.0019220766,-12.15926,-31.263996,0.18379702,0.0019232407
2.10101,2.3030303,6.628223e-05,-0.0019657519,-11.88604,-30.550766,0.1646181,0.001966869
2.10101,2.3434343,6.5568835e-05,-0.002009496,-11.603883,-29.838346,0.14444605,0.0020105655
2.10101,2.3838384,6.476045e-05,-0.0020529814,-11.315333,-29.124788,0.12301794,0.0020540026
2.10101,2.4242425,6.384589e-05,-0.0020959433,-11.02227,-28.408573,0.10062108,0.0020969156
2.10101,2.4646466,6.281026e-05,-0.002138203,-10.726381,-27.689384,0.07783838,0.0021391253
2.10101,2.5050504,6.165914e-05,-0.0021796096,-10.429296,-26.967993,0.055269096,0.0021804816
2.10101,2.5454545,6.039068e-05,-0.0022201147,-10.132495,-26.245775,0.033344176,0.002220936
2.10101,2.5858586,5.901791e-05,-0.0022596288,-9.837131,-25.523985,0.012256758,0.0022603993
2.10101,2.6262627,5.7527795e-05,-0.0022981185,-9.543994,-24.80347,-0.007997263,0.0022988385
2.10101,2.6666667,5.595945e-05,-0.002335567,-9.253433,-24.084366,-0.027552275,0.0023362373
2.10101,2.7070708,5.4279342e-05,-0.0023719408,-8.965487,-23.36628,-0.046587482,0.0023725617
2.10101,2.7474747,5.2511692e-05,-0.0024072472,-8.67996,-22.64846,-0.06528636,0.00240782
2.10101,2.7878788,5.0654635e-05,-0.0024414733,-8.396557,-21.930014,-0.08376871,0.0024419986
2.10101,2.8282828,4.8711896e-05,-0.0024746116,-8.114991,-21.210154,-0.10209477,0.002475091
2.10101,2.868687,4.6683475e-05,-0.0025066491,-7.8350296,-20.48833,-0.12024056,0.0025070838
2.10101,2.909091,4.4565648e-05,-0.0025375765,-7.5565476,-19.76425,-0.13812056,0.0025379676
2.10101,2.9494948,4.237704e-05,-0.0025673937,-7.2795086,-19.037928,-0.15558352,0.0025677434
2.10101,2.989899,4.0106475e-05,-0.0025960896,-7.003944,-18.30959,-0.17244273,0.0025963993
2.10101,3.030303,3.7763268e-05,-0.002623668,-6.729943,-17.579615,-0.18848385,0.0026239397
2.10101,3.070707,3.5351142e-05,-0.002650125,-6.457604,-16.848486,-0.20348758,0.0026503608
2.10101,3.1111112,3.2879412e-05,-0.0026754495,-6.1870337,-16.116703,-0.21722786,0.0026756516
2.10101,3.1515152,3.0351803e-05,-0.002699634,-5.9182997,-15.384739,-0.22949065,0.0026998047
2.10101,3.191919,2.7766451e-05,-0.0027226787,-5.651423,-14.652976,-0.24008566,0.0027228203
2.10101,3.2323232,2.515316e-05,-0.0027445983,-5.3863683,-13.921686,-0.24883504,0.0027447136
2.10101,3.2727273,2.2508204e-05,-0.0027653873,-5.123058,-13.191077,-0.25559136,0.002765479
2.10101,3.3131313,1.9842759e-05,-0.0027850308,-4.861352,-12.4612055,-0.2602292,0.0027851015
2.10101,3.3535354,1.7171726e-05,-0.002803538,-4.6010585,-11.732047,-0.26264858,0.0028035906
2.10101,3.3939395,1.4504418e-05,-0.0028209053,-4.3419423,-11.003482,-0.26277354,0.0028209426
2.10101,3.4343433,1.1852011e-05,-0.002837155,-4.0837464,-10.275335,-0.26054746,0.0028371797
2.10101,3.4747474,9.216368e-06,-0.0028522555,-3.826177,-9.5473585,-0.2559408,0.0028522701
2.10101,3.5151515,6.623566e-06,-0.0028662235,-3.5689309,-8.819288,-0.24893782,0.002866231
2.10101,3.5555556,4.0866435e-06,-0.0028790552,-3.3116853,-8.09083,-0.23954222,0.002879058
2.10101,3.5959597,1.5925616e-06,-0.0028907582,-3.0541477,-7.3617206,-0.2277825,0.0028907587
2.10101,3.6363637,-8.2328916e-07,-0.0029013231,-2.7960126,-6.6317015,-0.21368852,0.0029013234
2.10101,3.6767676,-3.164634e-06,-0.0029107332,-2.5370162,-5.9005904,-0.19731918,0.0029107349
2.10101,3.7171717,-5.42216e-06,-0.002919007,-2.276913,-5.1682234,-0.17873858,0.002919012
2.10101,3.7575758,-7.5716525e-06,-0.0029261466,-2.0155158,-4.434572,-0.15802816,0.0029261564
2.10101,3.7979798,-9.6187e-06,-0.0029321443,-1.7526729,-3.6996737,-0.13527569,0.0029321602
2.10101,3.838384,-1.1550263e-05,-0.002936991,-1.4882998,-2.9636953,-0.1105884,0.0029370137
2.10101,3.878788,-1.33719295e-05,-0.0029406901,-1.2223791,-2.2269537,-0.084072016,0.0029407206
2.10101,3.9191918,-1.5053898e-05,-0.0029432531,-0.9549851,-1.4899206,-0.05585249,0.0029432916
2.10101,3.959596,-1.6614795e-05,-0.0029446706,-0.68624836,-0.7532042,-0.02605529,0.0029447176
2.10101,4.0,-1.8030405e-05,-0.002944935,-0.41640317,-0.017610742,0.0051840637,0.0029449903
2.2323232,0.04040404,1.5072525e-05,-7.670373e-05,-30.056505,-69.13052,1.5575593,7.81706e-05
2.2323232,0.08080808,1.821667e-05,-0.00011789426,-29.610779,-68.46988,1.554278,0.000119293356
2.2323232,0.121212125,2.1310523e-05,-0.00015874393,-29.169367,-67.80676,1.5501845,0.00016016795
2.2323232,0.16161616,2.4313107e-05,-0.00019923225,-28.732313,-67.14156,1.5450743,0.00020071029
2.2323232,0.2020202,2.7269125e-05,-0.00023937598,-28.299658,-66.47467,1.5388098,0.00024092419
2.2323232,0.24242425,3.0154362e-05,-0.00027916394,-27.871325,-65.80624,1.5312827,0.00028078782
2.2323232,0.28282827,3.2965094e-05,-0.00031858124,-27.44724,-65.136444,1.5224209,0.0003202822
2.2323232,0.32323232,3.5692006e-05,-0.0003576614,-27.027275,-64.46535,1.5121876,0.0003594379
2.2323232,0.36363637,3.8353726e-05,-0.00039635412,-26.611324,-63.792995,1.5005678,0.00039820548
2.2323232,0.4040404,4.0939078e-05,-0.00043469854,-26.199245,-63.119442,1.4875721,0.00043662207
2.2323232,0.44444445,4.343316e-05,-0.00047267228,-25.790937,-62.444683,1.4732193,0.0004746636
2.2323232,0.4848485,4.586391e-05,-0.00051028095,-25.386261,-61.76869,1.4575475,0.0005123379
2.2323232,0.5252525,4.8218295e-05,-0.00054751895,-24.985132,-61.09148,1.4405955,0.00054963806
2.2323232,0.56565654,5.0490722e-05,-0.00058437884,-24.587502,-60.41313,1.422408,0.000586556
2.2323232,0.6060606,5.2670017e-05,-0.0006208662,-24.193293,-59.73363,1.4030436,0.00062309625
2.2323232,0.64646465,5.477853e-05,-0.0006569885,-23.802486,-59.05306,1.3825493,0.0006592682
2.2323232,0.68686867,5.6786463e-05,-0.000692714,-23.41508,-58.371506,1.3609693,0.0006950377
2.2323232,0.72727275,5.8723614e-05,-0.0007280763,-23.031078,-57.68905,1.3383595,0.00073044066
2.2323232,0.7676768,6.057322e-05,-0.00076304376,-22.650518,-57.005802,1.3147633,0.00076544425
2.2323232,0.8080808,6.2329695e-05,-0.00079762936,-22.273434,-56.321922,1.290239,0.000800061
2.2323232,0.8484849,6.4006075e-05,-0.0008318331,-21.899855,-55.63745,1.2648264,0.000834292
2.2323232,0.8888889,6.56005e-05,-0.0008656606,-21.52983,-54.95252,1.2385837,0.0008681427
2.2323232,0.9292929,6.710552e-05,-0.00089908764,-21.163374,-54.267166,1.2115611,0.0009015885
2.2323232,0.969697,6.852113e-05,-0.0009321254,-20.800518,-53.58149,1.1838183,0.0009346405
2.2323232,1.010101,6.9843605e-05,-0.0009647757,-20.441248,-52.895454,1.1554149,0.0009673005
2.2323232,1.050505,7.10804e-05,-0.0009970367,-20.085535,-52.209026,1.1264158,0.0009995672
2.2323232,1.0909091,7.222965e-05,-0.0010289066,-19.733355,-51.522156,1.0968835,0.0010314387
2.2323232,1.1313131,7.329881e-05,-0.0010603815,-19.384579,-50.83459,1.0668873,0.0010629119
2.2323232,1.1717172,7.4272975e-05,-0.0010914542,-19.039154,-50.14622,1.0364932,0.0010939783
2.2323232,1.2121212,7.515773e-05,-0.0011221357,-18.69694,-49.456768,1.0057486,0.0011246498
2.2323232,1.2525252,7.596426e-05,-0.0011524241,-18.357868,-48.76607,0.9746972,0.0011549251
2.2323232,1.2929293,7.667579e-05,-0.0011823084,-18.021852,-48.073944,0.94337034,0.0011847921
2.2323232,1.3333334,7.73035e-05,-0.0012117922,-17.688898,-47.380287,0.91178286,0.0012142555
2.2323232,1.3737373,7.7843666e-05,-0.0012408849,-17.359098,-46.685184,0.8799092,0.0012433241
2.2323232,1.4141414,7.829629e-05,-0.0012695827,-17.032675,-45.988857,0.847745,0.0012719947
2.2323232,1.4545455,7.867254e-05,-0.0012978856,-16.709948,-45.291603,0.81526196,0.0013002678
2.2323232,1.4949495,7.89538e-05,-0.0013258029,-16.391441,-44.593872,0.7824452,0.0013281517
2.2323232,1.5353535,7.9160556e-05,-0.001353357,-16.077785,-43.89594,0.74930346,0.0013556702
2.2323232,1.5757576,7.926859e-05,-0.001380546,-15.76983,-43.198032,0.71590614,0.0013828198
2.2323232,1.6161616,7.9322606e-05,-0.0014074165,-15.468563,-42.499878,0.682352,0.0014096501
2.2323232,1.6565657,7.928163e-05,-0.0014339909,-15.175402,-41.801033,0.64878285,0.0014361808
2.2323232,1.6969697,7.9160556e-05,-0.0014603455,-14.892265,-41.100815,0.615352,0.0014624894
2.2323232,1.7373737,7.8968704e-05,-0.0014865398,-14.621861,-40.398727,0.5821896,0.0014886358
2.2323232,1.7777778,7.872842e-05,-0.00151271,-14.367936,-39.695065,0.5493954,0.0015147574
2.2323232,1.8181819,7.8413635e-05,-0.0015390012,-14.134792,-38.990555,0.5170561,0.0015409975
2.2323232,1.8585858,7.805042e-05,-0.0015656557,-13.92648,-38.286427,0.48535812,0.0015676
2.2323232,1.8989899,7.765554e-05,-0.0015929677,-13.744816,-37.583157,0.4546364,0.0015948593
2.2323232,1.939394,7.724017e-05,-0.0016212873,-13.587359,-36.88007,0.42534685,0.0016231262
2.2323232,1.979798,7.681735e-05,-0.0016510542,-13.446389,-36.176003,0.39781806,0.0016528403
2.2323232,2.020202,7.638149e-05,-0.0016826745,-13.31001,-35.470463,0.37196365,0.0016844072
2.2323232,2.060606,7.597543e-05,-0.0017165076,-13.165186,-34.764156,0.34729564,0.0017181882
2.2323232,2.10101,7.5574964e-05,-0.0017527174,-13.00093,-34.05729,0.32325393,0.0017543461
2.2323232,2.1414142,7.516891e-05,-0.0017912295,-12.81065,-33.348827,0.29968682,0.0017928061
2.2323232,2.1818182,7.4736774e-05,-0.0018317681,-12.593043,-32.63783,0.27686137,0.0018332921
2.2323232,2.2222223,7.4280426e-05,-0.0018738694,-12.351413,-31.92537,0.25495252,0.0018753412
2.2323232,2.2626262,7.376075e-05,-0.0019169953,-12.091327,-31.213602,0.23359202,0.0019184138
2.2323232,2.3030303,7.3160976e-05,-0.0019606259,-11.818111,-30.503483,0.21196097,0.0019619905
2.2323232,2.3434343,7.246621e-05,-0.0020043422,-11.535685,-29.794018,0.18931586,0.0020056516
2.2323232,2.3838384,7.166527e-05,-0.0020477995,-11.246691,-29.083237,0.16539522,0.002049053
2.2323232,2.4242425,7.074326e-05,-0.0020907484,-10.95315,-28.36975,0.14049208,0.002091945
2.2323232,2.4646466,6.968528e-05,-0.0021329895,-10.656874,-27.65336,0.11518286,0.0021341275
2.2323232,2.5050504,6.85025e-05,-0.0021743998,-10.359609,-26.934967,0.090062045,0.0021754785
2.2323232,2.5454545,6.7189336e-05,-0.00221489,-10.062862,-26.21592,0.065547936,0.0022159088
2.2323232,2.5858586,6.574206e-05,-0.0022544079,-9.767828,-25.497488,0.041834835,0.0022553662
2.2323232,2.6262627,6.418675e-05,-0.0022929087,-9.475254,-24.780357,0.018915322,0.002293807
2.2323232,2.6666667,6.2499195e-05,-0.0023303758,-9.185477,-24.064583,-0.003338938,0.0023312138
2.2323232,2.7070708,6.0718507e-05,-0.002366772,-8.898479,-23.349644,-0.02510681,0.0023675505
2.2323232,2.7474747,5.882047e-05,-0.0024021007,-8.614062,-22.634727,-0.04655005,0.0024028206
2.2323232,2.7878788,5.6816265e-05,-0.0024363585,-8.331908,-21.918879,-0.06779216,0.002437021
2.2323232,2.8282828,5.470775e-05,-0.002469521,-8.051737,-21.201307,-0.08887175,0.0024701268
2.2323232,2.868687,5.2500516e-05,-0.002501592,-7.7733316,-20.481466,-0.10975163,0.002502143
2.2323232,2.909091,5.0196424e-05,-0.0025325585,-7.4966073,-19.759148,-0.13032228,0.0025330558
2.2323232,2.9494948,4.7801062e-05,-0.0025624204,-7.2215376,-19.034367,-0.15041949,0.0025628663
2.2323232,2.989899,4.529953e-05,-0.0025911573,-6.9482093,-18.307411,-0.16983497,0.0025915531
2.2323232,3.030303,4.272349e-05,-0.0026187748,-6.6767454,-17.578741,-0.18833542,0.0026191233
2.2323232,3.070707,4.0065497e-05,-0.0026452634,-6.407266,-16.84883,-0.20567869,0.0026455668
2.2323232,3.1111112,3.7323684e-05,-0.0026706327,-6.139917,-16.118223,-0.22162141,0.0026708934
2.2323232,3.1515152,3.4512952e-05,-0.002694849,-5.874767,-15.387362,-0.23593746,0.0026950699
2.2323232,3.191919,3.1637028e-05,-0.0027179457,-5.6118784,-14.656683,-0.24841423,0.00271813
2.2323232,3.2323232,2.873689e-05,-0.0027398951,-5.351205,-13.926407,-0.25886217,0.0027400458
2.2323232,3.2727273,2.5780872e-05,-0.0027607158,-5.092688,-13.196731,-0.26712033,0.0027608362
2.2323232,3.3131313,2.2793189e-05,-0.0027803946,-4.836189,-12.467709,-0.27304706,0.002780488
2.2323232,3.3535354,1.979433e-05,-0.0027989354,-4.58151,-11.739269,-0.27653572,0.0027990052
2.2323232,3.3939395,1.678057e-05,-0.002816338,-4.3284326,-11.011314,-0.2774951,0.0028163882
2.2323232,3.4343433,1.3796613e-05,-0.0028326046,-4.0766816,-10.283634,-0.27586254,0.002832638
2.2323232,3.4747474,1.0810792e-05,-0.0028477143,-3.8259542,-9.555956,-0.27159947,0.0028477348
2.2323232,3.5151515,7.880852e-06,-0.0028617028,-3.575939,-8.828026,-0.26468676,0.0028617138
2.2323232,3.5555556,4.9788505e-06,-0.002874544,-3.326312,-8.0995455,-0.25512525,0.002874548
2.2323232,3.5959597,2.142042e-06,-0.0028862432,-3.0767567,-7.370253,-0.24293092,0.0028862439
2.2323232,3.6363637,-6.277114e-07,-0.002896795,-2.8269558,-6.6398945,-0.22814606,0.002896795
2.2323232,3.6767676,-3.3266842e-06,-0.0029062014,-2.5766215,-5.9082847,-0.21082394,0.0029062033
2.2323232,3.7171717,-5.925074e-06,-0.0029144585,-2.325492,-5.1752853,-0.19103645,0.0029144646
2.2323232,3.7575758,-8.421019e-06,-0.0029215645,-2.0733433,-4.4408593,-0.16886863,0.0029215766
2.2323232,3.7979798,-1.080893e-05,-0.0029275212,-1.8200095,-3.7050686,-0.14442208,0.002927541
2.2323232,3.838384,-1.3081357e-05,-0.0029323213,-1.5653746,-2.9680989,-0.11780806,0.0029323504
2.2323232,3.878788,-1.5225261e-05,-0.0029359683,-1.3093851,-2.2302601,-0.08915156,0.0029360077
2.2323232,3.9191918,-1.7233193e-05,-0.002938453,-1.0520765,-1.492043,-0.05858948,0.0029385036
2.2323232,3.959596,-1.9095838e-05,-0.0029397923,-0.7935527,-0.754065,-0.026269343,0.0029398543
2.2323232,4.0,-2.0816922e-05,-0.0029399786,-0.53401536,-0.017159065,0.007657386,0.0029400522
2.3636363,0.04040404,1.3910234e-05,-7.635169e-05,-30.03983,-68.84379,1.7746457,7.760847e-05
2.3636363,0.08080808,1.7462298e-05,-0.00011733733,-29.589916,-68.18809,1.7664503,0.00011862959
2.3636363,0.121212125,2.092868e-05,-0.0001579877,-29.144337,-67.52975,1.7576072,0.00015936789
2.3636363,0.16161616,2.4320558e-05,-0.0001982823,-28.703186,-66.86929,1.747954,0.00019976827
2.3636363,0.2020202,2.7634203e-05,-0.00023823418,-28.26651,-66.20713,1.7373465,0.00023983156
2.3636363,0.24242425,3.084913e-05,-0.00027784333,-27.83418,-65.54334,1.7256702,0.00027955067
2.3636363,0.28282827,3.3997e-05,-0.00031709485,-27.40619,-64.87824,1.7128762,0.00031891212
2.3636363,0.32323232,3.7057325e-05,-0.00035597943,-26.982359,-64.211754,1.6989006,0.00035790305
2.3636363,0.36363637,4.0013343e-05,-0.0003945101,-26.562637,-63.544125,1.6837121,0.0003965341
2.3636363,0.4040404,4.2907894e-05,-0.00043269247,-26.146849,-62.87528,1.6673216,0.00043481475
2.3636363,0.44444445,4.5711175e-05,-0.0004705023,-25.734907,-62.205288,1.6497178,0.0004727176
2.3636363,0.4848485,4.841201e-05,-0.00050795637,-25.326687,-61.534126,1.6309266,0.00051025813
2.3636363,0.5252525,5.1036477e-05,-0.0005450379,-24.922134,-60.861893,1.6109571,0.0005474222
2.3636363,0.56565654,5.3569674e-05,-0.00058175623,-24.521152,-60.188538,1.5898508,0.0005842174
2.3636363,0.6060606,5.600229e-05,-0.00061810575,-24.1237,-59.514122,1.5676361,0.00062063755
2.3636363,0.64646465,5.8351085e-05,-0.0006540753,-23.729744,-58.838684,1.5443382,0.0006566729
2.3636363,0.68686867,6.059371e-05,-0.00068967976,-23.339281,-58.16228,1.5200006,0.0006923364
2.3636363,0.72727275,6.2767416e-05,-0.00072490424,-22.952345,-57.485016,1.4946535,0.0007276166
2.3636363,0.7676768,6.4829364e-05,-0.0007597562,-22.568918,-56.806934,1.468338,0.0007625171
2.3636363,0.8080808,6.678887e-05,-0.00079422817,-22.189049,-56.128082,1.4411016,0.00079703145
2.3636363,0.8484849,6.866641e-05,-0.00082831644,-21.812782,-55.44857,1.4129739,0.0008311577
2.3636363,0.8888889,7.044524e-05,-0.0008620303,-21.44015,-54.768467,1.3840165,0.00086490397
2.3636363,0.9292929,7.212348e-05,-0.0008953549,-21.07119,-54.087826,1.3542774,0.0008982551
2.3636363,0.969697,7.370487e-05,-0.0009282995,-20.70593,-53.406673,1.323817,0.0009312209
2.3636363,1.010101,7.519685e-05,-0.00096084736,-20.344337,-52.724934,1.2926928,0.00096378534
2.3636363,1.050505,7.6590106e-05,-0.0009930134,-19.986425,-52.042637,1.2609854,0.0009959626
2.3636363,1.0909091,7.788092e-05,-0.0010247938,-19.632145,-51.359673,1.2287565,0.0010277489
2.3636363,1.1313131,7.908419e-05,-0.0010561869,-19.28143,-50.675865,1.1960813,0.0010591435
2.3636363,1.1717172,8.017197e-05,-0.0010871757,-18.934187,-49.991013,1.1630192,0.0010901277
2.3636363,1.2121212,8.119084e-05,-0.0011177808,-18.590347,-49.305023,1.1296393,0.0011207255
2.3636363,1.2525252,8.20905e-05,-0.0011479799,-18.249844,-48.61767,1.095985,0.0011509112
2.3636363,1.2929293,8.290261e-05,-0.001177799,-17.912586,-47.928783,1.0620834,0.0011807131
2.3636363,1.3333334,8.3623454e-05,-0.0012072138,-17.578629,-47.23839,1.0279497,0.0012101067
2.3636363,1.3737373,8.423999e-05,-0.0012362357,-17.248041,-46.546516,0.9935778,0.0012391026
2.3636363,1.4141414,8.4772706e-05,-0.0012648664,-16.92105,-45.85339,0.9589338,0.0012677041
2.3636363,1.4545455,8.521415e-05,-0.001293106,-16.598001,-45.159397,0.9239983,0.0012959107
2.3636363,1.4949495,8.555129e-05,-0.0013209675,-16.2794,-44.46492,0.8887468,0.0013237349
2.3636363,1.5353535,8.5806474e-05,-0.0013484545,-15.965857,-43.770252,0.8531872,0.0013511818
2.3636363,1.5757576,8.59648e-05,-0.0013755914,-15.658232,-43.075603,0.8173619,0.0013782749
2.3636363,1.6161616,8.603744e-05,-0.0014024042,-15.35755,-42.380764,0.7813761,0.0014050408
2.3636363,1.6565657,8.6026266e-05,-0.001428932,-15.065219,-41.685272,0.7453565,0.0014315192
2.3636363,1.6969697,8.5927546e-05,-0.0014552288,-14.783174,-40.988445,0.7094503,0.0014577635
2.3636363,1.7373737,8.575432e-05,-0.0014813785,-14.514223,-40.289913,0.67379546,0.0014838584
2.3636363,1.7777778,8.5517764e-05,-0.0015074946,-14.262111,-39.58987,0.63848907,0.0015099182
2.3636363,1.8181819,8.521229e-05,-0.0015337486,-14.031246,-38.889175,0.6036295,0.0015361139
2.3636363,1.8585858,8.48528e-05,-0.0015603546,-13.8256645,-38.188892,0.5694094,0.0015626601
2.3636363,1.8989899,8.4461644e-05,-0.0015876163,-13.647179,-37.48949,0.5361638,0.0015898613
2.3636363,1.939394,8.405559e-05,-0.0016158968,-13.49328,-36.790245,0.5043472,0.0016180816
2.3636363,1.979798,8.364208e-05,-0.0016456172,-13.356086,-36.089973,0.47428346,0.0016477415
2.3636363,2.020202,8.322485e-05,-0.0016771927,-13.2234535,-35.3882,0.4459094,0.0016792563
2.3636363,2.060606,8.2843006e-05,-0.0017109625,-13.082053,-34.685577,0.41872162,0.001712967
2.3636363,2.10101,8.248724e-05,-0.0017471258,-12.920626,-33.982273,0.3921759,0.0017490719
2.3636363,2.1414142,8.21352e-05,-0.0017855857,-12.73243,-33.27722,0.3660996,0.0017874738
2.3636363,2.1818182,8.1744045e-05,-0.0018260758,-12.516211,-32.56965,0.34074172,0.0018279045
2.3636363,2.2222223,8.13324e-05,-0.001868112,-12.275386,-31.860687,0.316271,0.0018698816
2.3636363,2.2626262,8.087233e-05,-0.0019111857,-12.0156145,-31.152422,0.29231364,0.001912896
2.3636363,2.3030303,8.031167e-05,-0.001954781,-11.742334,-30.445734,0.26807058,0.00195643
2.3636363,2.3434343,7.964671e-05,-0.0019984543,-11.459546,-29.739498,0.24280651,0.0020000408
2.3636363,2.3838384,7.886998e-05,-0.0020418838,-11.170054,-29.031862,0.21627586,0.0020434065
2.3636363,2.4242425,7.795729e-05,-0.002084801,-10.875997,-28.321466,0.18875816,0.002086258
2.3636363,2.4646466,7.689372e-05,-0.0021270066,-10.579333,-27.608292,0.16082518,0.0021283962
2.3636363,2.5050504,7.5688586e-05,-0.002168404,-10.281869,-26.893229,0.13305885,0.0021697246
2.3636363,2.5454545,7.4321404e-05,-0.0022088923,-9.98519,-26.177689,0.10587155,0.0022101423
2.3636363,2.5858586,7.2821975e-05,-0.0022483915,-9.690494,-25.462847,0.07945183,0.0022495706
2.3636363,2.6262627,7.117726e-05,-0.0022868887,-9.398513,-24.749321,0.05379169,0.002287996
2.3636363,2.6666667,6.941892e-05,-0.0023243632,-9.10956,-24.03705,0.028773293,0.0023253995
2.3636363,2.7070708,6.7513436e-05,-0.0023607686,-8.823599,-23.32543,0.004214641,0.0023617337
2.3636363,2.7474747,6.549619e-05,-0.0023961253,-8.540374,-22.613522,-0.020037467,0.0023970203
2.3636363,2.7878788,6.333925e-05,-0.002430398,-8.259601,-21.900408,-0.044096395,0.0024312232
2.3636363,2.8282828,6.107427e-05,-0.0024635792,-7.98098,-21.185257,-0.067988604,0.002464336
2.3636363,2.868687,5.869195e-05,-0.0024956875,-7.7043324,-20.467573,-0.09166789,0.0024963776
2.3636363,2.909091,5.6182966e-05,-0.0025266837,-7.429573,-19.747152,-0.11501441,0.0025273082
2.3636363,2.9494948,5.3569674e-05,-0.0025565661,-7.1567283,-19.024086,-0.13784221,0.0025571273
2.3636363,2.989899,5.0850213e-05,-0.002585344,-6.8859067,-18.298702,-0.15993096,0.0025858441
2.3636363,3.030303,4.8015267e-05,-0.0026130043,-6.617258,-17.57147,-0.18103205,0.0026134455
2.3636363,3.070707,4.5079738e-05,-0.002639519,-6.350944,-16.842926,-0.20088013,0.002639904
2.3636363,3.1111112,4.2065978e-05,-0.002664918,-6.0871167,-16.113613,-0.21922743,0.00266525
2.3636363,3.1515152,3.8951635e-05,-0.0026891753,-5.825889,-15.384,-0.23582213,0.0026894573
2.3636363,3.191919,3.5773963e-05,-0.0027123,-5.5673122,-14.654472,-0.2504342,0.002712536
2.3636363,3.2323232,3.2538548e-05,-0.0027342774,-5.3113737,-13.925271,-0.26286638,0.0027344709
2.3636363,3.2727273,2.9241666e-05,-0.0027551241,-5.0580273,-13.196587,-0.27293298,0.0027552792
2.3636363,3.3131313,2.5911257e-05,-0.0027748346,-4.8071303,-12.468432,-0.28048444,0.0027749557
2.3636363,3.3535354,2.2549182e-05,-0.002793394,-4.558504,-11.740746,-0.2853954,0.002793485
2.3636363,3.3939395,1.9175932e-05,-0.0028108116,-4.311921,-11.013383,-0.28756076,0.002810877
2.3636363,3.4343433,1.5800819e-05,-0.0028270893,-4.067126,-10.286147,-0.28690815,0.0028271335
2.3636363,3.4747474,1.2444332e-05,-0.002842227,-3.823801,-9.558755,-0.28338265,0.0028422542
2.3636363,3.5151515,9.102747e-06,-0.0028562117,-3.581646,-8.83095,-0.27695465,0.0028562262
2.3636363,3.5555556,5.815178e-06,-0.002869049,-3.3403347,-8.102455,-0.26761374,0.002869055
2.3636363,3.5959597,2.5704503e-06,-0.0028807353,-3.099535,-7.3729925,-0.2553767,0.0028807365
2.3636363,3.6363637,-6.146729e-07,-0.0028912723,-2.8589303,-6.64235,-0.24027137,0.0028912723
2.3636363,3.6767676,-3.7048012e-06,-0.002900647,-2.6182103,-5.910329,-0.22234982,0.0029006493
2.3636363,3.7171717,-6.7166984e-06,-0.0029088743,-2.3771102,-5.1768265,-0.20168772,0.002908882
2.3636363,3.7575758,-9.614974e-06,-0.0029159356,-2.1353812,-4.441823,-0.17836522,0.0029159514
2.3636363,3.7979798,-1.2410805e-05,-0.002921842,-1.8928303,-3.7053916,-0.15249306,0.0029218683
2.3636363,3.838384,-1.5074387e-05,-0.0029265862,-1.649318,-2.967741,-0.1241938,0.002926625
2.3636363,3.878788,-1.761131e-05,-0.0029301532,-1.4047617,-2.2292054,-0.093602315,0.002930206
2.3636363,3.9191918,-2.0001084e-05,-0.0029325616,-1.1591576,-1.4902695,-0.060867026,0.0029326298
2.3636363,3.959596,-2.2256747e-05,-0.0029338114,-0.91258574,-0.7515964,-0.026149318,0.002933896
2.3636363,4.0,-2.435781e-05,-0.0029338934,-0.6652031,-0.014017947,0.010375516,0.0029339944
2.4949496,0.04040404,1.251325e-05,-7.578917e-05,-30.010645,-68.540825,2.009257,7.681523e-05
2.4949496,0.08080808,1.6467646e-05,-0.000116566196,-29.55684,-67.88958,1.9958645,0.00011772366
2.4949496,0.121212125,2.0340085e-05,-0.00015699677,-29.107445,-67.23577,1.9820005,0.00015830889
2.4949496,0.16161616,2.4111941e-05,-0.00019710511,-28.662493,-66.57982,1.9675212,0.00019857445
2.4949496,0.2020202,2.7788803e-05,-0.00023684837,-28.222013,-65.92208,1.9522955,0.00023847299
2.4949496,0.24242425,3.137812e-05,-0.00027626194,-27.785944,-65.26278,1.9362185,0.0002780382
2.4949496,0.28282827,3.4866855e-05,-0.00031531602,-27.354225,-64.602104,1.9192165,0.0003172379
2.4949496,0.32323232,3.826432e-05,-0.00035402924,-26.926735,-63.94015,1.9012312,0.00035609107
2.4949496,0.36363637,4.15612e-05,-0.00039239042,-26.503393,-63.277065,1.8822327,0.0003945853
2.4949496,0.4040404,4.4753775e-05,-0.0004303921,-26.08406,-62.612846,1.8621912,0.00043271267
2.4949496,0.44444445,4.7860667e-05,-0.0004680287,-25.668653,-61.947567,1.8411049,0.00047046947
2.4949496,0.4848485,5.0853938e-05,-0.0005053133,-25.257067,-61.281235,1.8189591,0.00050786574
2.4949496,0.5252525,5.3767115e-05,-0.0005422365,-24.849205,-60.61386,1.7957585,0.0005448957
2.4949496,0.56565654,5.6575984e-05,-0.00057879277,-24.445,-59.94544,1.7715136,0.0005815513
2.4949496,0.6060606,5.9282407e-05,-0.0006149858,-24.044424,-59.276035,1.7462353,0.00061783654
2.4949496,0.64646465,6.1878935e-05,-0.0006508175,-23.64745,-58.60567,1.7199433,0.0006537526
2.4949496,0.68686867,6.438047e-05,-0.0006862767,-23.254057,-57.93437,1.6926527,0.0006892899
2.4949496,0.72727275,6.6779554e-05,-0.0007213652,-22.864258,-57.262173,1.6643881,0.0007244497
2.4949496,0.7676768,6.9061294e-05,-0.00075608306,-22.478067,-56.58912,1.6351764,0.0007592306
2.4949496,0.8080808,7.124804e-05,-0.00079041533,-22.095541,-55.915295,1.6050547,0.00079362
2.4949496,0.8484849,7.3343515e-05,-0.0008243881,-21.716679,-55.240696,1.57405,0.00082764425
2.4949496,0.8888889,7.5314194e-05,-0.00085797533,-21.341541,-54.56538,1.5422194,0.00086127454
2.4949496,0.9292929,7.7180564e-05,-0.00089118816,-20.97015,-53.889355,1.509607,0.00089452404
2.4949496,0.969697,7.895194e-05,-0.00092402287,-20.602524,-53.21265,1.4762832,0.0009273897
2.4949496,1.010101,8.0604106e-05,-0.0009564627,-20.238686,-52.535225,1.4422967,0.00095985306
2.4949496,1.050505,8.2159415e-05,-0.000988517,-19.878624,-51.85706,1.4077325,0.0009919254
2.4949496,1.0909091,8.360483e-05,-0.0010202006,-19.522287,-51.178005,1.3726624,0.0010236205
2.4949496,1.1313131,8.494221e-05,-0.0010514893,-19.169647,-50.49798,1.3371677,0.0010549146
2.4949496,1.1717172,8.6180866e-05,-0.0010823943,-18.820623,-49.816803,1.3013092,0.0010858197
2.4949496,1.2121212,8.730963e-05,-0.00111291,-18.475155,-49.134327,1.2651604,0.0011163295
2.4949496,1.2525252,8.832477e-05,-0.0011430215,-18.13316,-48.45035,1.2287713,0.001146429
2.4949496,1.2929293,8.924864e-05,-0.0011727493,-17.79465,-47.764877,1.1921724,0.0011761404
2.4949496,1.3333334,9.004958e-05,-0.0012020841,-17.459606,-47.077824,1.1553814,0.0012054523
2.4949496,1.3737373,9.076856e-05,-0.0012310259,-17.128155,-46.3893,1.1183909,0.0012343677
2.4949496,1.4141414,9.137392e-05,-0.0012595821,-16.800537,-45.699593,1.0811703,0.001262892
2.4949496,1.4545455,9.1876835e-05,-0.0012877397,-16.477074,-45.00899,1.0436891,0.0012910132
2.4949496,1.4949495,9.2279166e-05,-0.0013155397,-16.158281,-44.31796,1.0059304,0.0013187722
2.4949496,1.5353535,9.259023e-05,-0.0013429634,-15.844802,-43.62681,0.96788037,0.0013461515
2.4949496,1.5757576,9.278953e-05,-0.0013700221,-15.537458,-42.9357,0.92958283,0.0013731607
2.4949496,1.6161616,9.290129e-05,-0.0013967715,-15.237335,-42.244526,0.8911292,0.0013998576
2.4949496,1.6565657,9.292178e-05,-0.0014232434,-14.94578,-41.552635,0.85264206,0.0014262736
2.4949496,1.6969697,9.284727e-05,-0.0014494788,-14.664852,-40.859596,0.8142727,0.0014524495
2.4949496,1.7373737,9.269826e-05,-0.001475567,-14.397392,-40.165005,0.7761416,0.0014784759
2.4949496,1.7777778,9.246543e-05,-0.0015016273,-14.147149,-39.46897,0.73835707,0.0015044715
2.4949496,1.8181819,9.2165545e-05,-0.0015278179,-13.918623,-38.772415,0.70102155,0.0015305954
2.4949496,1.8585858,9.182468e-05,-0.0015543774,-13.715846,-38.076294,0.66431487,0.0015570873
2.4949496,1.8989899,9.1440976e-05,-0.001581585,-13.540594,-37.38094,0.62857044,0.0015842263
2.4949496,1.939394,9.102747e-05,-0.0016098134,-13.390291,-36.685635,0.59422565,0.0016123849
2.4949496,1.979798,9.063259e-05,-0.001639463,-13.256913,-35.98923,0.5615971,0.0016419663
2.4949496,2.020202,9.025261e-05,-0.0016709734,-13.128084,-35.291313,0.53061897,0.0016734089
2.4949496,2.060606,8.9906156e-05,-0.0017047022,-12.990166,-34.59251,0.5008153,0.0017070713
2.4949496,2.10101,8.9595094e-05,-0.0017407779,-12.831632,-33.892975,0.4716324,0.001743082
2.4949496,2.1414142,8.930452e-05,-0.0017791819,-12.645588,-33.19163,0.44289657,0.0017814217
2.4949496,2.1818182,8.89916e-05,-0.0018196013,-12.430803,-32.487797,0.41484544,0.0018217762
2.4949496,2.2222223,8.865073e-05,-0.001861576,-12.190775,-31.782623,0.3876402,0.0018636857
2.4949496,2.2626262,8.825213e-05,-0.0019045845,-11.931268,-31.078112,0.36094037,0.001906628
2.4949496,2.3030303,8.77548e-05,-0.0019481201,-11.657847,-30.37507,0.33395678,0.0019500955
2.4949496,2.3434343,8.715689e-05,-0.0019917376,-11.374643,-29.67236,0.305968,0.0019936436
2.4949496,2.3838384,8.6398795e-05,-0.0020351093,-11.0845785,-28.968098,0.2767349,0.0020369426
2.4949496,2.4242425,8.5512176e-05,-0.0020779744,-10.7899685,-28.261108,0.24653107,0.0020797332
2.4949496,2.4646466,8.4456056e-05,-0.0021201503,-10.492871,-27.551388,0.21591312,0.0021218318
2.4949496,2.5050504,8.3230436e-05,-0.002161527,-10.1952,-26.839931,0.18544154,0.002163129
2.4949496,2.5454545,8.1850216e-05,-0.0022019688,-9.898582,-26.128103,0.15552385,0.0022034894
2.4949496,2.5858586,8.029118e-05,-0.002241455,-9.604236,-25.417046,0.12634845,0.0022428925
2.4949496,2.6262627,7.859245e-05,-0.0022799466,-9.31286,-24.707218,0.09791118,0.0022813007
2.4949496,2.6666667,7.672608e-05,-0.00231741,-9.024773,-23.99854,0.070087895,0.0023186796
2.4949496,2.7070708,7.471815e-05,-0.0023538172,-8.739904,-23.290298,0.0427127,0.0023550028
2.4949496,2.7474747,7.2568655e-05,-0.002389174,-8.458001,-22.581524,0.015626587,0.0023902757
2.4949496,2.7878788,7.02776e-05,-0.002423454,-8.178763,-21.871265,-0.011268038,0.002424473
2.4949496,2.8282828,6.7837536e-05,-0.0024566576,-7.901894,-21.158691,-0.037996855,0.002457594
2.4949496,2.868687,6.52615e-05,-0.0024887677,-7.627246,-20.44335,-0.06451098,0.0024896234
2.4949496,2.909091,6.2555075e-05,-0.0025197808,-7.354738,-19.725054,-0.090672016,0.0025205573
2.4949496,2.9494948,5.9718266e-05,-0.0025496893,-7.0844355,-19.003952,-0.116292104,0.0025503885
2.4949496,2.989899,5.6743622e-05,-0.002578482,-6.816473,-18.280403,-0.14113623,0.0025791063
2.4949496,3.030303,5.3642318e-05,-0.0026061554,-6.551013,-17.554905,-0.16494955,0.0026067074
2.4949496,3.070707,5.044043e-05,-0.0026327036,-6.2882586,-16.82803,-0.18745404,0.0026331868
2.4949496,3.1111112,4.7106296e-05,-0.0026581157,-6.0283637,-16.100285,-0.20837885,0.0026585332
2.4949496,3.1515152,4.3682754e-05,-0.0026824027,-5.7714643,-15.372177,-0.22746943,0.0026827585
2.4949496,3.191919,4.016608e-05,-0.0027055368,-5.517641,-14.644065,-0.24447843,0.002705835
2.4949496,3.2323232,3.6580488e-05,-0.002727542,-5.266888,-13.916194,-0.25918803,0.0027277875
2.4949496,3.2727273,3.2918528e-05,-0.0027484093,-5.0191526,-13.188693,-0.27140337,0.0027486065
2.4949496,3.3131313,2.9210001e-05,-0.0027681347,-4.7743325,-12.461598,-0.280956,0.0027682886
2.4949496,3.3535354,2.544932e-05,-0.0027866978,-4.5322447,-11.73481,-0.2876992,0.002786814
2.4949496,3.3939395,2.1664426e-05,-0.0028041322,-4.292688,-11.0082035,-0.29151395,0.0028042158
2.4949496,3.4343433,1.7873943e-05,-0.0028204136,-4.055386,-10.281526,-0.29231277,0.0028204701
2.4949496,3.4747474,1.4074147e-05,-0.00283554,-3.8200674,-9.554545,-0.29001647,0.002835575
2.4949496,3.5151515,1.0296702e-05,-0.002849521,-3.5864184,-8.82699,-0.28458315,0.0028495397
2.4949496,3.5555556,6.5583736e-06,-0.0028623454,-3.3541212,-8.098582,-0.27598825,0.0028623529
2.4949496,3.5959597,2.855435e-06,-0.0028740168,-3.1228545,-7.3690867,-0.26423076,0.0028740182
2.4949496,3.6363637,-7.841736e-07,-0.0028845184,-2.8922951,-6.638293,-0.24932797,0.0028845184
2.4949496,3.6767676,-4.3530017e-06,-0.002893867,-2.6621401,-5.90604,-0.23132376,0.0028938702
2.4949496,3.7171717,-7.832423e-06,-0.002902031,-2.4321132,-5.1722646,-0.21028702,0.0029020414
2.4949496,3.7575758,-1.1200085e-05,-0.0029090438,-2.201948,-4.43695,-0.18629485,0.0029090655
2.4949496,3.7979798,-1.446344e-05,-0.0029148757,-1.9714355,-3.7002053,-0.15945597,0.0029149116
2.4949496,3.838384,-1.7615035e-05,-0.0029195417,-1.7404184,-2.962269,-0.12989289,0.0029195948
2.4949496,3.878788,-2.0610169e-05,-0.0029230304,-1.508791,-2.2234936,-0.09775227,0.002923103
2.4949496,3.9191918,-2.3467466e-05,-0.002925342,-1.2765228,-1.4844114,-0.06319166,0.0029254362
2.4949496,3.959596,-2.6186928e-05,-0.002926467,-1.043644,-0.74567026,-0.026388053,0.002926584
2.4949496,4.0,-2.8721988e-05,-0.0029264372,-0.8102857,-0.00814753,0.012472726,0.0029265783
2.6262627,0.04040404,1.0877848e-05,-7.493794e-05,-29.968193,-68.22313,2.260918,7.572333e-05
2.6262627,0.08080808,1.5271828e-05,-0.0001154989,-29.510859,-67.576035,2.242116,0.00011650418
2.6262627,0.121212125,1.9535422e-05,-0.000155719,-29.057926,-66.926384,2.2230384,0.0001569396
2.6262627,0.16161616,2.3713335e-05,-0.00019560754,-28.609444,-66.27463,2.2035272,0.00019703967
2.6262627,0.2020202,2.7773902e-05,-0.00023516268,-28.165434,-65.62111,2.1834755,0.00023679712
2.6262627,0.24242425,3.1732023e-05,-0.00027436577,-27.725853,-64.966064,2.1627822,0.00027619468
2.6262627,0.28282827,3.558956e-05,-0.00031322427,-27.29063,-64.30967,2.1413617,0.00031523968
2.6262627,0.32323232,3.9333478e-05,-0.0003517419,-26.859688,-63.652092,2.1191564,0.0003539343
2.6262627,0.36363637,4.2965636e-05,-0.00038990937,-26.432907,-62.99337,2.0961277,0.0003922695
2.6262627,0.4040404,4.6493486e-05,-0.0004277248,-26.010218,-62.333633,2.0722256,0.00043024428
2.6262627,0.44444445,4.991889e-05,-0.00046519376,-25.591507,-61.672894,2.0474317,0.00046786445
2.6262627,0.4848485,5.323626e-05,-0.00050230697,-25.176674,-61.011147,2.0217159,0.00050512014
2.6262627,0.5252525,5.644001e-05,-0.00053905696,-24.765652,-60.348442,1.9950683,0.00054200354
2.6262627,0.56565654,5.9518963e-05,-0.00057544746,-24.358393,-59.684807,1.967478,0.0005785173
2.6262627,0.6060606,6.251037e-05,-0.0006114822,-23.954844,-59.020203,1.9389418,0.00061466906
2.6262627,0.64646465,6.5378845e-05,-0.00064715,-23.55499,-58.354694,1.9094548,0.00065044407
2.6262627,0.68686867,6.81337e-05,-0.0006824564,-23.158798,-57.688255,1.8790263,0.00068584905
2.6262627,0.72727275,7.077679e-05,-0.0007173903,-22.766308,-57.02094,1.8476615,0.00072087324
2.6262627,0.7676768,7.330999e-05,-0.0007519629,-22.377504,-56.35271,1.815377,0.000755528
2.6262627,0.8080808,7.571839e-05,-0.0007861685,-21.992418,-55.683613,1.7821983,0.0007898064
2.6262627,0.8484849,7.802807e-05,-0.00081999414,-21.611107,-55.01369,1.7481604,0.00082369824
2.6262627,0.8888889,8.021295e-05,-0.00085345283,-21.233597,-54.342945,1.7132988,0.000857214
2.6262627,0.9292929,8.228421e-05,-0.0008865353,-20.859898,-53.67137,1.6776667,0.0008903457
2.6262627,0.969697,8.4230676e-05,-0.00091923773,-20.490072,-52.99899,1.6413276,0.00092308875
2.6262627,1.010101,8.607842e-05,-0.00095156394,-20.124098,-52.325726,1.604342,0.00095544936
2.6262627,1.050505,8.780323e-05,-0.0009835139,-19.761982,-51.651558,1.5667975,0.0009874254
2.6262627,1.0909091,8.940883e-05,-0.0010150783,-19.4037,-50.97637,1.5287573,0.0010190082
2.6262627,1.1313131,9.089522e-05,-0.0010462571,-19.049212,-50.300083,1.4903159,0.001050198
2.6262627,1.1717172,9.226985e-05,-0.0010770522,-18.698473,-49.622547,1.4515411,0.0010809974
2.6262627,1.2121212,9.353086e-05,-0.0011074618,-18.351404,-48.943596,1.4125113,0.0011114043
2.6262627,1.2525252,9.46708e-05,-0.0011374801,-18.007978,-48.263134,1.373282,0.001141413
2.6262627,1.2929293,9.570271e-05,-0.0011671111,-17.668175,-47.581097,1.3338828,0.0011710282
2.6262627,1.3333334,9.661168e-05,-0.0011963565,-17.33204,-46.897503,1.2943362,0.001200251
2.6262627,1.3737373,9.741634e-05,-0.0012252033,-16.999683,-46.21245,1.2546332,0.0012290699
2.6262627,1.4141414,9.8109245e-05,-0.0012536701,-16.671339,-45.526226,1.2147528,0.0012575032
2.6262627,1.4545455,9.8679215e-05,-0.001281742,-16.347383,-44.839207,1.1746563,0.0012855349
2.6262627,1.4949495,9.915605e-05,-0.0013094526,-16.028297,-44.151764,1.1343176,0.0013132014
2.6262627,1.5353535,9.951368e-05,-0.0013368055,-15.714749,-43.464283,1.0937245,0.0013405044
2.6262627,1.5757576,9.976886e-05,-0.0013637878,-15.407587,-42.776928,1.0529226,0.0013674323
2.6262627,1.6161616,9.9917874e-05,-0.001390459,-15.107874,-42.08953,1.011985,0.0013940444
2.6262627,1.6565657,9.997375e-05,-0.0014168527,-14.81705,-41.401608,0.97102785,0.0014203753
2.6262627,1.6969697,9.991415e-05,-0.0014430154,-14.537179,-40.712643,0.93020725,0.0014464704
2.6262627,1.7373737,9.97968e-05,-0.0014690422,-14.271132,-40.022232,0.88964653,0.0014724281
2.6262627,1.7777778,9.957142e-05,-0.0014950372,-14.022756,-39.330532,0.849438,0.0014983492
2.6262627,1.8181819,9.9292025e-05,-0.0015211608,-13.796553,-38.63836,0.80968636,0.001524398
2.6262627,1.8585858,9.8947436e-05,-0.0015476532,-13.596541,-37.946526,0.7705679,0.001550813
2.6262627,1.8989899,9.858236e-05,-0.0015747938,-13.424533,-37.255363,0.7323911,0.0015778764
2.6262627,1.939394,9.820238e-05,-0.0016029589,-13.277816,-36.564037,0.6955513,0.0016059641
2.6262627,1.979798,9.782985e-05,-0.0016325414,-13.148255,-35.871494,0.66036385,0.00163547
2.6262627,2.020202,9.747408e-05,-0.0016639829,-13.023226,-35.177364,0.6267502,0.0016668354
2.6262627,2.060606,9.718351e-05,-0.0016976185,-12.888806,-34.482395,0.5942539,0.0017003979
2.6262627,2.10101,9.693019e-05,-0.0017336234,-12.733215,-33.786755,0.56233484,0.0017363311
2.6262627,2.1414142,9.6708536e-05,-0.0017719306,-12.549407,-33.08939,0.5308234,0.0017745678
2.6262627,2.1818182,9.649992e-05,-0.0018122662,-12.336086,-32.389538,0.49994954,0.0018148336
2.6262627,2.2222223,9.623729e-05,-0.0018541515,-12.096829,-31.688326,0.46988922,0.0018566473
2.6262627,2.2626262,9.593181e-05,-0.0018970817,-11.837556,-30.98777,0.44032267,0.0018995057
2.6262627,2.3030303,9.551458e-05,-0.0019405186,-11.563923,-30.288534,0.4104984,0.0019428679
2.6262627,2.3434343,9.4976276e-05,-0.0019840728,-11.280212,-29.589462,0.37971416,0.0019863448
2.6262627,2.3838384,9.4285235e-05,-0.00202737,-10.989523,-28.888792,0.34773144,0.0020295614
2.6262627,2.4242425,9.343773e-05,-0.0020701773,-10.694296,-28.185379,0.3148029,0.002072285
2.6262627,2.4646466,9.238161e-05,-0.0021122862,-10.396726,-27.479294,0.28145927,0.0021143053
2.6262627,2.5050504,9.116717e-05,-0.0021536034,-10.098799,-26.771563,0.24825774,0.0021555321
2.6262627,2.5454545,8.975528e-05,-0.0021940097,-9.802203,-26.063541,0.21558501,0.002195845
2.6262627,2.5858586,8.817203e-05,-0.002233455,-9.508154,-25.356274,0.18363403,0.0022351947
2.6262627,2.6262627,8.6398795e-05,-0.002271913,-9.217382,-24.650204,0.15239881,0.0022735551
2.6262627,2.6666667,8.4456056e-05,-0.0023093447,-8.930164,-23.945124,0.121764824,0.0023108886
2.6262627,2.7070708,8.2341954e-05,-0.0023457333,-8.6464405,-23.240288,0.09156855,0.002347178
2.6262627,2.7474747,8.006208e-05,-0.0023810714,-8.365948,-22.534714,0.061656747,0.0023824172
2.6262627,2.7878788,7.762574e-05,-0.0024153404,-8.088373,-21.827412,0.03192722,0.0024165874
2.6262627,2.8282828,7.5004995e-05,-0.0024485383,-7.8134604,-21.117598,0.0023594236,0.0024496869
2.6262627,2.868687,7.2244555e-05,-0.0024806447,-7.5410466,-20.404833,-0.026988043,0.0024816964
2.6262627,2.909091,6.93202e-05,-0.0025116596,-7.271092,-19.688976,-0.05598374,0.002512616
2.6262627,2.9494948,6.6237524e-05,-0.0025415681,-7.0036745,-18.97021,-0.084436096,0.002542431
2.6262627,2.989899,6.301701e-05,-0.002570359,-6.7389364,-18.24891,-0.11210146,0.0025711313
2.6262627,3.030303,5.963072e-05,-0.0025980398,-6.4770756,-17.525587,-0.13872272,0.002598724
2.6262627,3.070707,5.612895e-05,-0.0026245937,-6.218301,-16.800823,-0.16401431,0.0026251937
2.6262627,3.1111112,5.2478164e-05,-0.0026500113,-5.9627957,-16.075151,-0.18769996,0.002650531
2.6262627,3.1515152,4.871562e-05,-0.0026742984,-5.7107043,-15.349032,-0.2095085,0.0026747421
2.6262627,3.191919,4.4843182e-05,-0.0026974473,-5.4621067,-14.622823,-0.22918521,0.00269782
2.6262627,3.2323232,4.0864572e-05,-0.00271946,-5.2170253,-13.896735,-0.24650246,0.0027197672
2.6262627,3.2727273,3.681518e-05,-0.0027403217,-4.975416,-13.170887,-0.2612447,0.002740569
2.6262627,3.3131313,3.267452e-05,-0.0027600415,-4.737188,-12.445275,-0.27322614,0.002760235
2.6262627,3.3535354,2.8489158e-05,-0.0027786177,-4.502174,-11.719803,-0.28228644,0.0027787636
2.6262627,3.3939395,2.425909e-05,-0.002796039,-4.2701793,-10.994302,-0.28828096,0.0027961442
2.6262627,3.4343433,1.9995496e-05,-0.0028123073,-4.040963,-10.268556,-0.2911033,0.0028123783
2.6262627,3.4747474,1.5713274e-05,-0.0028274283,-3.8142552,-9.542306,-0.29065382,0.002827472
2.6262627,3.5151515,1.1455268e-05,-0.0028413776,-3.5897686,-8.815309,-0.28686383,0.0028414007
2.6262627,3.5555556,7.200986e-06,-0.0028541759,-3.3671906,-8.087299,-0.27968934,0.002854185
2.6262627,3.5959597,2.9839575e-06,-0.002865808,-3.1462164,-7.358061,-0.2691093,0.0028658097
2.6262627,3.6363637,-1.1790544e-06,-0.0028762687,-2.9265435,-6.6274242,-0.25512055,0.0028762692
2.6262627,3.6767676,-5.275011e-06,-0.0028855614,-2.7078688,-5.8952622,-0.2377519,0.0028855663
2.6262627,3.7171717,-9.290874e-06,-0.0028936788,-2.4899077,-5.1615295,-0.21704899,0.0028936937
2.6262627,3.7575758,-1.3221055e-05,-0.0029006153,-2.2724128,-4.4262667,-0.19308579,0.0029006454
2.6262627,3.7979798,-1.7024577e-05,-0.0029063728,-2.055157,-3.689622,-0.1659641,0.0029064228
2.6262627,3.838384,-2.072379e-05,-0.0029109437,-1.8379713,-2.9518726,-0.13579702,0.0029110173
2.6262627,3.878788,-2.4277717e-05,-0.0029143281,-1.6207287,-2.2133942,-0.102733165,0.0029144292
2.6262627,3.9191918,-2.7684495e-05,-0.002916526,-1.4033751,-1.4747592,-0.06693646,0.0029166574
2.6262627,3.959596,-3.0936673e-05,-0.0029175393,-1.1859189,-0.73665255,-0.028586566,0.0029177032
2.6262627,4.0,-3.40268e-05,-0.0029173698,-0.9684502,2.81143e-05,0.012114918,0.0029175682
2.7575758,0.04040404,9.035692e-06,-7.374212e-05,-29.911564,-67.89185,2.5288618,7.429363e-05
2.7575758,0.08080808,1.3852492e-05,-0.00011407398,-29.451035,-67.24858,2.5045476,0.000114911985
2.7575758,0.121212125,1.8544495e-05,-0.000154078,-28.994873,-66.60285,2.4801197,0.00015518999
2.7575758,0.16161616,2.3135915e-05,-0.00019375421,-28.543169,-65.95508,2.4554539,0.00019513063
2.7575758,0.2020202,2.759695e-05,-0.00023308396,-28.095884,-65.30553,2.4304256,0.000234712
2.7575758,0.24242425,3.1946227e-05,-0.00027208962,-27.653042,-64.654526,2.4049559,0.0002739586
2.7575758,0.28282827,3.6161393e-05,-0.00031074136,-27.214546,-64.002205,2.3789558,0.00031283835
2.7575758,0.32323232,4.02797e-05,-0.00034905598,-26.78035,-63.348755,2.3523567,0.00035137235
2.7575758,0.36363637,4.4260174e-05,-0.00038702972,-26.35036,-62.694237,2.325107,0.00038955227
2.7575758,0.4040404,4.8134476e-05,-0.00042465702,-25.924498,-62.03875,2.2971666,0.0004273763
2.7575758,0.44444445,5.188398e-05,-0.00046192482,-25.502663,-61.38231,2.2684724,0.00046482953
2.7575758,0.4848485,5.551614e-05,-0.0004988592,-25.084793,-60.72496,2.2389958,0.0005019388
2.7575758,0.5252525,5.9025362e-05,-0.00053542294,-24.6708,-60.06667,2.2087123,0.0005386666
2.7575758,0.56565654,6.24191e-05,-0.0005716458,-24.260649,-59.407497,2.1775825,0.0005750435
2.7575758,0.6060606,6.5688044e-05,-0.0006075036,-23.85428,-58.747356,2.1455998,0.0006110446
2.7575758,0.64646465,6.883405e-05,-0.00064300746,-23.451723,-58.086372,2.1127307,0.0006466813
2.7575758,0.68686867,7.1857125e-05,-0.00067815,-23.052898,-57.424416,2.0789752,0.00068194635
2.7575758,0.72727275,7.476844e-05,-0.0007129349,-22.65786,-56.761555,2.0443301,0.0007168448
2.7575758,0.7676768,7.7554956e-05,-0.0007473547,-22.266636,-56.097813,2.0088084,0.00075136794
2.7575758,0.8080808,8.0201775e-05,-0.00078139454,-21.879196,-55.4331,1.9724181,0.0007854997
2.7575758,0.8484849,8.273497e-05,-0.00081508607,-21.495613,-54.76752,1.9351836,0.0008192743
2.7575758,0.8888889,8.514151e-05,-0.0008483995,-21.115906,-54.100986,1.897151,0.000852661
2.7575758,0.9292929,8.7426975e-05,-0.00088134035,-20.740105,-53.433556,1.8583649,0.000885666
2.7575758,0.969697,8.9582056e-05,-0.00091391243,-20.368248,-52.76523,1.8188884,0.0009182924
2.7575758,1.010101,9.161048e-05,-0.0009461008,-20.000317,-52.095886,1.7787886,0.00095052575
2.7575758,1.050505,9.350665e-05,-0.0009779222,-19.63631,-51.425503,1.7381462,0.0009823826
2.7575758,1.0909091,9.528361e-05,-0.0010093618,-19.276245,-50.754066,1.6970367,0.0010138492
2.7575758,1.1313131,9.694137e-05,-0.001040427,-18.920061,-50.081398,1.6555611,0.0010449335
2.7575758,1.1717172,9.84557e-05,-0.0010710973,-18.56772,-49.407425,1.6137849,0.0010756128
2.7575758,1.2121212,9.985268e-05,-0.0011013895,-18.219162,-48.731983,1.571791,0.0011059067
2.7575758,1.2525252,0.00010112673,-0.0011312999,-17.874376,-48.055023,1.529643,0.0011358107
2.7575758,1.2929293,0.00010227412,-0.0011608265,-17.533339,-47.376457,1.4873694,0.0011653232
2.7575758,1.3333334,0.00010329299,-0.0011899583,-17.196121,-46.696358,1.4450024,0.001194433
2.7575758,1.3737373,0.00010418892,-0.0012187045,-16.862825,-46.014824,1.4025273,0.0012231501
2.7575758,1.4141414,0.00010497123,-0.0012470726,-16.533743,-45.332214,1.3599272,0.0012514828
2.7575758,1.4545455,0.00010562688,-0.0012750458,-16.209194,-44.648796,1.3171629,0.0012794135
2.7575758,1.4949495,0.000106172636,-0.0013026632,-15.889738,-43.96509,1.2742084,0.0013069828
2.7575758,1.5353535,0.00010659173,-0.00132991,-15.576005,-43.281376,1.2310443,0.0013341748
2.7575758,1.5757576,0.00010689534,-0.0013568103,-15.268878,-42.597866,1.1877131,0.0013610147
2.7575758,1.6161616,0.00010709092,-0.0013833959,-14.969461,-41.914436,1.144284,0.0013875348
2.7575758,1.6565657,0.00010718219,-0.0014097039,-14.679219,-41.23057,1.1008735,0.0014137727
2.7575758,1.6969697,0.00010716356,-0.0014357921,-14.400273,-40.545826,1.0576326,0.0014397857
2.7575758,1.7373737,0.00010704808,-0.0014617294,-14.135564,-39.859795,1.0146803,0.0014656439
2.7575758,1.7777778,0.00010685623,-0.0014876425,-13.888961,-39.17259,0.9721188,0.0014914753
2.7575758,1.8181819,0.00010658428,-0.0015136935,-13.664966,-38.48485,0.930036,0.0015174414
2.7575758,1.8585858,0.00010625087,-0.0015401021,-13.467673,-37.79742,0.8885881,0.0015437629
2.7575758,1.8989899,0.000105896965,-0.0015671626,-13.298811,-37.110394,0.84804714,0.0015707363
2.7575758,1.939394,0.00010554306,-0.0015952475,-13.155623,-36.42295,0.8087723,0.0015987351
2.7575758,1.979798,0.00010520592,-0.0016247425,-13.029795,-35.73408,0.77104604,0.0016281451
2.7575758,2.020202,0.0001049079,-0.0016561002,-12.908526,-35.043633,0.7347852,0.0016594195
2.7575758,2.060606,0.00010467507,-0.001689639,-12.777598,-34.35245,0.69955295,0.0016928782
2.7575758,2.10101,0.000104503706,-0.0017255377,-12.62497,-33.660748,0.66482466,0.0017286993
2.7575758,2.1414142,0.000104369596,-0.0017637517,-12.443401,-32.96742,0.6304471,0.0017668371
2.7575758,2.1818182,0.00010426529,-0.00180397,-12.23158,-32.271725,0.59665465,0.0018069806
2.7575758,2.2222223,0.000104116276,-0.0018457491,-11.993093,-31.574617,0.56364065,0.0018486833
2.7575758,2.2626262,0.00010391511,-0.001888562,-11.7339945,-30.878069,0.53112257,0.0018914187
2.7575758,2.3030303,0.00010359846,-0.0019318983,-11.460061,-30.182655,0.49838978,0.0019346741
2.7575758,2.3434343,0.00010314211,-0.0019753426,-11.175772,-29.487305,0.46477076,0.0019780335
2.7575758,2.3838384,0.0001025293,-0.0020185355,-10.88438,-28.790276,0.43001124,0.0020211379
2.7575758,2.4242425,0.000101720914,-0.0020612478,-10.588474,-28.09052,0.39434865,0.0020637563
2.7575758,2.4646466,0.00010071695,-0.0021032915,-10.290354,-27.388126,0.35828373,0.0021057015
2.7575758,2.5050504,9.9509954e-05,-0.0021445062,-9.992112,-26.684166,0.3223449,0.0021468136
2.7575758,2.5454545,9.809621e-05,-0.0021848474,-9.695457,-25.979927,0.28692284,0.0021870486
2.7575758,2.5858586,9.6468255e-05,-0.0022242386,-9.40164,-25.276413,0.2521952,0.0022263296
2.7575758,2.6262627,9.4641e-05,-0.0022626277,-9.111384,-24.573996,0.21817186,0.002264606
2.7575758,2.6666667,9.261817e-05,-0.0023000035,-8.824987,-23.872444,0.18473588,0.0023018676
2.7575758,2.7070708,9.040348e-05,-0.0023363475,-8.5423765,-23.170979,0.15173271,0.0023380958
2.7575758,2.7474747,8.798577e-05,-0.002371639,-8.263319,-22.46864,0.11900773,0.0023732707
2.7575758,2.7878788,8.540414e-05,-0.0024058744,-7.9874787,-21.76439,0.08646445,0.0024073897
2.7575758,2.8282828,8.26139e-05,-0.0024390426,-7.714638,-21.057543,0.05407778,0.0024404412
2.7575758,2.868687,7.965043e-05,-0.0024711192,-7.444631,-20.347645,0.021899179,0.0024724025
2.7575758,2.909091,7.65007e-05,-0.0025020987,-7.1774554,-19.634613,-0.009940694,0.0025032677
2.7575758,2.9494948,7.318333e-05,-0.0025319867,-6.913184,-18.918653,-0.04124842,0.0025330442
2.7575758,2.989899,6.967597e-05,-0.0025607552,-6.6519833,-18.200136,-0.071798235,0.002561703
2.7575758,3.030303,6.599538e-05,-0.0025884174,-6.3940763,-17.479633,-0.10131895,0.0025892586
2.7575758,3.070707,6.217137e-05,-0.0026149563,-6.1396666,-16.757671,-0.12953503,0.0026156954
2.7575758,3.1111112,5.818531e-05,-0.0026403498,-5.888949,-16.034775,-0.15616302,0.0026409908
2.7575758,3.1515152,5.4053962e-05,-0.002664622,-5.642081,-15.311389,-0.18093392,0.0026651702
2.7575758,3.191919,4.9790367e-05,-0.0026877597,-5.3991513,-14.587825,-0.20358445,0.002688221
2.7575758,3.2323232,4.5416877e-05,-0.0027097482,-5.1601944,-13.8642845,-0.22387174,0.002710129
2.7575758,3.2727273,4.0914863e-05,-0.0027306043,-4.92518,-13.140834,-0.24157166,0.0027309107
2.7575758,3.3131313,3.633462e-05,-0.0027503073,-4.6940217,-12.417438,-0.25648332,0.0027505474
2.7575758,3.3535354,3.1670555e-05,-0.0027688574,-4.466582,-11.693989,-0.2684232,0.0027690385
2.7575758,3.3939395,2.6943162e-05,-0.0027862657,-4.242668,-10.970288,-0.2772346,0.002786396
2.7575758,3.4343433,2.2180378e-05,-0.0028025042,-4.0220757,-10.246121,-0.28277156,0.002802592
2.7575758,3.4747474,1.7361715e-05,-0.002817586,-3.8045495,-9.521233,-0.28492066,0.0028176394
2.7575758,3.5151515,1.2552366e-05,-0.0028315168,-3.5898247,-8.795374,-0.2835837,0.0028315447
2.7575758,3.5555556,7.743016e-06,-0.0028442778,-3.3776214,-8.068325,-0.2786842,0.0028442882
2.7575758,3.5959597,2.9429793e-06,-0.0028558522,-3.167652,-7.3398833,-0.2701737,0.0028558539
2.7575758,3.6363637,-1.8104911e-06,-0.0028662644,-2.9596255,-6.6099067,-0.2580273,0.0028662651
2.7575758,3.6767676,-6.5285712e-06,-0.0028754957,-2.75327,-5.8783298,-0.24223746,0.0028755032
2.7575758,3.7171717,-1.11516565e-05,-0.002883533,-2.5483146,-5.1451488,-0.22283304,0.0028835547
2.7575758,3.7575758,-1.5694648e-05,-0.0028903894,-2.344517,-4.410455,-0.1998672,0.002890432
2.7575758,3.7979798,-2.013892e-05,-0.0028960668,-2.1416535,-3.67444,-0.17341696,0.0028961368
2.7575758,3.838384,-2.4458393e-05,-0.0029005315,-1.9395515,-2.9374185,-0.14359081,0.0029006347
2.7575758,3.878788,-2.8656796e-05,-0.002903808,-1.7380794,-2.1998525,-0.11052158,0.0029039492
2.7575758,3.9191918,-3.270805e-05,-0.002905881,-1.5371667,-1.4623282,-0.07436818,0.002906065
2.7575758,3.959596,-3.6606565e-05,-0.002906749,-1.3367851,-0.7255762,-0.03531487,0.0029069795
2.7575758,4.0,-4.0326267e-05,-0.0029064436,-1.137018,0.009452226,0.006433458,0.0029067232
2.8888888,0.04040404,6.9905072e-06,-7.210672e-05,-29.839735,-67.54782,2.81207,7.2444775e-05
2.8888888,0.08080808,1.225993e-05,-0.00011221692,-29.376339,-66.90813,2.7821887,0.00011288464
2.8888888,0.121212125,1.7389655e-05,-0.00015200116,-28.917301,-66.2661,2.752354,0.00015299265
2.8888888,0.16161616,2.238527e-05,-0.00019144453,-28.462639,-65.62205,2.722447,0.00019274882
2.8888888,0.2020202,2.7259812e-05,-0.0002305638,-28.012398,-64.97631,2.6923647,0.00023216968
2.8888888,0.24242425,3.2000244e-05,-0.00026934594,-27.566572,-64.32919,2.66201,0.00027124022
2.8888888,0.28282827,3.661588e-05,-0.0003078021,-27.125065,-63.68075,2.631316,0.00030997235
2.8888888,0.32323232,4.1104853e-05,-0.00034591556,-26.687878,-63.031242,2.6001961,0.00034834922
2.8888888,0.36363637,4.5444816e-05,-0.0003836807,-26.254885,-62.380642,2.5685947,0.00038636266
2.8888888,0.4040404,4.9676746e-05,-0.00042110495,-25.82608,-61.72917,2.536442,0.00042402497
2.8888888,0.44444445,5.376339e-05,-0.00045818463,-25.401342,-61.076748,2.503698,0.00046132813
2.8888888,0.4848485,5.773455e-05,-0.00049491227,-24.980618,-60.42342,2.4702923,0.0004982684
2.8888888,0.5252525,6.1562285e-05,-0.00053130277,-24.56385,-59.7692,2.43619,0.0005348575
2.8888888,0.56565654,6.526895e-05,-0.0005673375,-24.151005,-59.114063,2.401347,0.00057107955
2.8888888,0.6060606,6.883405e-05,-0.0006030239,-23.74205,-58.45803,2.365728,0.00060693984
2.8888888,0.64646465,7.227063e-05,-0.00063835084,-23.336948,-57.801037,2.3293076,0.0006424289
2.8888888,0.68686867,7.557683e-05,-0.000673322,-22.935715,-57.14313,2.29206,0.00067755027
2.8888888,0.72727275,7.875636e-05,-0.0007079374,-22.53837,-56.484303,2.2539773,0.00071230467
2.8888888,0.7676768,8.1792474e-05,-0.000742184,-22.144876,-55.824455,2.2150502,0.0007466774
2.8888888,0.8080808,8.470565e-05,-0.0007760804,-21.75531,-55.163685,2.1753,0.00078068936
2.8888888,0.8484849,8.747913e-05,-0.0008096043,-21.369677,-54.50195,2.134741,0.00081431674
2.8888888,0.8888889,9.011105e-05,-0.000842765,-20.988003,-53.839226,2.093409,0.00084756874
2.8888888,0.9292929,9.261258e-05,-0.0008755587,-20.610313,-53.175514,2.0513582,0.00088044314
2.8888888,0.969697,9.49651e-05,-0.0009079762,-20.23665,-52.510834,2.0086396,0.0009129289
2.8888888,1.010101,9.719841e-05,-0.000940023,-19.866987,-51.84509,1.9653374,0.0009450348
2.8888888,1.050505,9.928085e-05,-0.0009717066,-19.501343,-51.178288,1.9215202,0.0009767653
2.8888888,1.0909091,0.000101242214,-0.0010030083,-19.139713,-50.510357,1.8772804,0.001008105
2.8888888,1.1313131,0.000103052706,-0.0010339282,-18.782026,-49.841164,1.8327057,0.0010390512
2.8888888,1.1717172,0.00010473654,-0.0010644831,-18.428272,-49.17062,1.7878809,0.0010696233
2.8888888,1.2121212,0.00010627508,-0.0010946356,-18.07839,-48.498608,1.7428874,0.0010997825
2.8888888,1.2525252,0.00010767579,-0.0011244211,-17.732386,-47.825108,1.6977842,0.001129565
2.8888888,1.2929293,0.000108946115,-0.0011538211,-17.39022,-47.15,1.6526172,0.0011589532
2.8888888,1.3333334,0.00011008978,-0.0011828318,-17.05198,-46.47338,1.6074032,0.001187944
2.8888888,1.3737373,0.00011108443,-0.0012114644,-16.717802,-45.79542,1.5621432,0.0012165466
2.8888888,1.4141414,0.000111967325,-0.0012397114,-16.38796,-45.11639,1.5168065,0.0012447574
2.8888888,1.4545455,0.00011270493,-0.0012675878,-16.062813,-44.436676,1.4713665,0.0012725884
2.8888888,1.4949495,0.00011332333,-0.0012950934,-15.742894,-43.75668,1.4257863,0.001300042
2.8888888,1.5353535,0.000113805756,-0.0013222378,-15.428904,-43.076786,1.3800504,0.0013271264
2.8888888,1.5757576,0.0001141727,-0.0013490319,-15.121711,-42.39716,1.3341948,0.0013538548
2.8888888,1.6161616,0.000114418566,-0.0013755169,-14.822436,-41.71764,1.2882849,0.0013802674
2.8888888,1.6565657,0.00011453964,-0.0014017262,-14.532658,-41.037907,1.2424535,0.001406398
2.8888888,1.6969697,0.00011455268,-0.00142771,-14.2545185,-40.357414,1.1968306,0.0014322983
2.8888888,1.7373737,0.00011445768,-0.0014535561,-13.990982,-39.675724,1.1515408,0.0014580556
2.8888888,1.7777778,0.000114290044,-0.0014793761,-13.745992,-38.99296,1.1066893,0.0014837843
2.8888888,1.8181819,0.00011403859,-0.0015053377,-13.524131,-38.3097,1.0623538,0.0015096511
2.8888888,1.8585858,0.000113742426,-0.0015316587,-13.329417,-37.626507,1.0186576,0.0015358762
2.8888888,1.8989899,0.00011340715,-0.0015586168,-13.163565,-36.94341,0.9758311,0.0015627372
2.8888888,1.939394,0.00011308305,-0.001586603,-13.023772,-36.25964,0.9341811,0.0015906278
2.8888888,1.979798,0.00011277199,-0.0016160067,-12.901581,-35.574196,0.89393604,0.0016199368
2.8888888,2.020202,0.00011253543,-0.0016472507,-12.783958,-34.887177,0.8550247,0.0016510903
2.8888888,2.060606,0.00011238083,-0.0016806666,-12.656468,-34.199615,0.81701326,0.0016844197
2.8888888,2.10101,0.000112304464,-0.0017164443,-12.506783,-33.511787,0.77942634,0.0017201143
2.8888888,2.1414142,0.00011228956,-0.001754526,-12.327464,-32.822533,0.7421164,0.0017581157
2.8888888,2.1818182,0.000112298876,-0.0017946083,-12.117104,-32.130943,0.70532995,0.0017981185
2.8888888,2.2222223,0.000112283975,-0.0018362477,-11.879382,-31.437979,0.66928923,0.0018396776
2.8888888,2.2626262,0.000112200156,-0.0018789098,-11.620375,-30.74534,0.63376176,0.0018822568
2.8888888,2.3030303,0.00011200644,-0.0019221101,-11.346093,-30.053734,0.59808844,0.0019253708
2.8888888,2.3434343,0.00011166185,-0.0019654203,-11.061159,-29.36205,0.56161445,0.0019685896
2.8888888,2.3838384,0.000111136585,-0.0020084884,-10.768997,-28.668636,0.5240873,0.0020115608
2.8888888,2.4242425,0.0001104027,-0.002051076,-10.472345,-27.97249,0.48570395,0.002054045
2.8888888,2.4646466,0.00010944903,-0.002092978,-10.1736355,-27.273808,0.44693533,0.0020958376
2.8888888,2.5050504,0.000108262524,-0.0021341033,-9.874972,-26.573526,0.40829057,0.0021368477
2.8888888,2.5454545,0.000106846914,-0.0021743253,-9.578147,-25.872946,0.3701355,0.002176949
2.8888888,2.5858586,0.000105192885,-0.0022136196,-9.284432,-25.173035,0.33265877,0.0022161177
2.8888888,2.6262627,0.00010332838,-0.0022519175,-8.994582,-24.474155,0.29587,0.0022542868
2.8888888,2.6666667,0.00010123663,-0.0022892002,-8.708878,-23.775993,0.25965738,0.0022914375
2.8888888,2.7070708,9.891018e-05,-0.0023254696,-8.427288,-23.07784,0.22387506,0.0023275723
2.8888888,2.7474747,9.6369535e-05,-0.002360683,-8.149563,-22.378689,0.18837066,0.0023626492
2.8888888,2.7878788,9.362772e-05,-0.0023948364,-7.875436,-21.677645,0.15304656,0.002396666
2.8888888,2.8282828,9.066425e-05,-0.0024279319,-7.6046567,-20.973965,0.11786486,0.002429624
2.8888888,2.868687,8.748844e-05,-0.0024599452,-7.337111,-20.267296,0.082877345,0.0024615005
2.8888888,2.909091,8.411147e-05,-0.0024908688,-7.072787,-19.557556,0.048201345,0.0024922886
2.8888888,2.9494948,8.052029e-05,-0.0025206916,-6.8117957,-18.844986,0.014011549,0.0025219773
2.8888888,2.989899,7.672608e-05,-0.002549408,-6.5542946,-18.129974,-0.01946566,0.0025505621
2.8888888,3.030303,7.274933e-05,-0.0025770199,-6.3005233,-17.413069,-0.05197769,0.0025780464
2.8888888,3.070707,6.858818e-05,-0.0026035141,-6.050691,-16.694777,-0.08325262,0.0026044175
2.8888888,3.1111112,6.4231455e-05,-0.002628874,-5.8050027,-15.975612,-0.11301813,0.0026296587
2.8888888,3.1515152,5.9708953e-05,-0.002653094,-5.5636106,-15.255953,-0.14100236,0.0026537657
2.8888888,3.191919,5.5033714e-05,-0.002676187,-5.326627,-14.536089,-0.16694483,0.0026767529
2.8888888,3.2323232,5.021505e-05,-0.0026981458,-5.094083,-13.81615,-0.19059694,0.002698613
2.8888888,3.2727273,4.5260414e-05,-0.0027189646,-4.865954,-13.096158,-0.21172886,0.0027193413
2.8888888,3.3131313,4.018098e-05,-0.0027386304,-4.6421885,-12.376075,-0.23012397,0.0027389252
2.8888888,3.3535354,3.5008416e-05,-0.002757145,-4.4226413,-11.655693,-0.24558519,0.0027573674
2.8888888,3.3939395,2.9738992e-05,-0.0027745143,-4.2071714,-10.934839,-0.25792795,0.0027746735
2.8888888,3.4343433,2.4409965e-05,-0.0027907249,-3.9955828,-10.213272,-0.26698738,0.0027908315
2.8888888,3.4747474,1.9025058e-05,-0.0028057676,-3.7876515,-9.490716,-0.27261934,0.002805832
2.8888888,3.5151515,1.3614073e-05,-0.0028196536,-3.5831382,-8.766939,-0.27469257,0.0028196864
2.8888888,3.5555556,8.163974e-06,-0.002832355,-3.3817995,-8.041726,-0.2730999,0.0028323666
2.8888888,3.5959597,2.7287751e-06,-0.002843883,-3.1833773,-7.3149266,-0.26775408,0.002843884
2.8888888,3.6363637,-2.6859343e-06,-0.0028542299,-2.987618,-6.586424,-0.2585934,0.002854231
2.8888888,3.6767676,-8.074567e-06,-0.0028633866,-2.7942698,-5.856205,-0.24557926,0.002863398
2.8888888,3.7171717,-1.3392419e-05,-0.0028713588,-2.6030889,-5.1242933,-0.22870484,0.00287139
2.8888888,3.7575758,-1.864694e-05,-0.0028781313,-2.4138608,-4.390867,-0.20798834,0.0028781919
2.8888888,3.7979798,-2.3810193e-05,-0.0028836913,-2.2263756,-3.65617,-0.1834807,0.0028837896
2.8888888,3.838384,-2.8857961e-05,-0.0028880667,-2.0404577,-2.9205787,-0.15526272,0.002888211
2.8888888,3.878788,-3.3790246e-05,-0.0028912202,-1.8559974,-2.1846075,-0.123444915,0.0028914176
2.8888888,3.9191918,-3.856793e-05,-0.0028931703,-1.672895,-1.4489012,-0.0881742,0.0028934274
2.8888888,3.959596,-4.3205917e-05,-0.0028939117,-1.4911329,-0.71425885,-0.049619235,0.0028942341
2.8888888,4.0,-4.7676265e-05,-0.0028934404,-1.3107516,0.018338498,-0.007981278,0.0028938332
3.020202,0.04040404,4.7907233e-06,-6.999448e-05,-29.751593,-67.1916,3.1092339,7.015824e-05
3.020202,0.08080808,1.0501593e-05,-0.00010986999,-29.285707,-66.5553,3.0737925,0.000110370725
3.020202,0.121212125,1.608394e-05,-0.00014941953,-28.824102,-65.91675,3.038538,0.00015028269
3.020202,0.16161616,2.151914e-05,-0.00018864498,-28.366842,-65.27627,3.0033665,0.00018986837
3.020202,0.2020202,2.681464e-05,-0.00022754073,-27.913933,-64.63414,2.9681792,0.00022911528
3.020202,0.24242425,3.1959265e-05,-0.00026610307,-27.465422,-63.99068,2.9328918,0.0002680154
3.020202,0.28282827,3.696978e-05,-0.00030433387,-27.02121,-63.345932,2.8974185,0.00030657114
3.020202,0.32323232,4.1844323e-05,-0.0003422331,-26.581297,-62.700115,2.861682,0.00034478173
3.020202,0.36363637,4.6562403e-05,-0.00037979335,-26.145613,-62.05327,2.82561,0.00038263696
3.020202,0.4040404,5.1142648e-05,-0.00041701272,-25.714108,-61.405468,2.7891388,0.00042013708
3.020202,0.44444445,5.5588782e-05,-0.00045390613,-25.28672,-60.756733,2.752193,0.00045729737
3.020202,0.4848485,5.9893355e-05,-0.0004904289,-24.863403,-60.107067,2.7147136,0.00049407256
3.020202,0.5252525,6.4048916e-05,-0.0005266201,-24.4441,-59.456455,2.6766403,0.00053050066
3.020202,0.56565654,6.807968e-05,-0.0005624667,-24.028784,-58.804913,2.6379194,0.0005665718
3.020202,0.6060606,7.1955845e-05,-0.000597965,-23.617455,-58.152435,2.598515,0.0006022788
3.020202,0.64646465,7.569231e-05,-0.0006331019,-23.21007,-57.49897,2.558375,0.0006376107
3.020202,0.68686867,7.930212e-05,-0.0006679036,-22.806656,-56.844536,2.5174856,0.000672595
3.020202,0.72727275,8.274801e-05,-0.00070233643,-22.407211,-56.189106,2.4758065,0.0007071942
3.020202,0.7676768,8.6054206e-05,-0.0007364135,-22.011736,-55.532665,2.4333487,0.00074142445
3.020202,0.8080808,8.9222565e-05,-0.00077012926,-21.620262,-54.87521,2.390106,0.0007752804
3.020202,0.8484849,9.22475e-05,-0.0008034911,-21.232824,-54.216755,2.3461044,0.00080876914
3.020202,0.8888889,9.511411e-05,-0.0008364823,-20.849436,-53.55729,2.3013756,0.0008418725
3.020202,0.9292929,9.783916e-05,-0.0008691158,-20.470123,-52.896816,2.2559683,0.0008746055
3.020202,0.969697,0.000100418925,-0.0009013768,-20.09492,-52.23536,2.2099452,0.00090695324
3.020202,1.010101,0.00010285154,-0.00093326904,-19.723797,-51.572826,2.1633813,0.0009389193
3.020202,1.050505,0.00010512769,-0.0009647887,-19.356752,-50.90919,2.116354,0.0009704994
3.020202,1.0909091,0.00010727346,-0.0009959452,-18.993795,-50.244473,2.0689526,0.0010017058
3.020202,1.1313131,0.00010925904,-0.0010267254,-18.634869,-49.578503,2.0212753,0.0010325224
3.020202,1.1717172,0.00011109747,-0.0010571219,-18.279936,-48.91123,1.973398,0.0010629437
3.020202,1.2121212,0.000112790614,-0.0010871422,-17.928951,-48.24253,1.9254155,0.0010929775
3.020202,1.2525252,0.00011433847,-0.0011167843,-17.581903,-47.57237,1.877379,0.0011226222
3.020202,1.2929293,0.00011574477,-0.0011460464,-17.238787,-46.900677,1.8293351,0.0011518764
3.020202,1.3333334,0.00011699647,-0.0011749268,-16.899673,-46.22753,1.7813087,0.0011807375
3.020202,1.3737373,0.00011811219,-0.0012034252,-16.564737,-45.55314,1.7332959,0.0012092075
3.020202,1.4141414,0.00011908822,-0.0012315456,-16.234192,-44.87766,1.6852627,0.00123729
3.020202,1.4545455,0.000119924545,-0.0012592934,-15.90846,-44.201576,1.6371789,0.0012649909
3.020202,1.4949495,0.00012060627,-0.0012866687,-15.588092,-43.52528,1.589009,0.0012923089
3.020202,1.5353535,0.00012116879,-0.0013136938,-15.27377,-42.84909,1.5407467,0.00131927
3.020202,1.5757576,0.000121586025,-0.0013403762,-14.966415,-42.173214,1.4924092,0.0013458795
3.020202,1.6161616,0.000121882185,-0.001366742,-14.66723,-41.497597,1.4440675,0.0013721657
3.020202,1.6565657,0.000122051686,-0.0013928358,-14.377767,-40.821766,1.3958514,0.0013981732
3.020202,1.6969697,0.0001221057,-0.0014187172,-14.100285,-40.145355,1.3478967,0.0014239622
3.020202,1.7373737,0.00012204982,-0.0014444534,-13.837808,-39.46788,1.3003378,0.0014496006
3.020202,1.7777778,0.00012189895,-0.0014701635,-13.594342,-38.789413,1.2532665,0.0014752084
3.020202,1.8181819,0.00012167543,-0.001496017,-13.374431,-38.110336,1.2067538,0.001500957
3.020202,1.8585858,0.000121396035,-0.0015222207,-13.182164,-37.431152,1.1608835,0.0015270537
3.020202,1.8989899,0.00012109801,-0.0015490763,-13.019202,-36.75174,1.1158412,0.0015538025
3.020202,1.939394,0.00012079254,-0.0015769452,-12.882645,-36.071266,1.0718561,0.0015815647
3.020202,1.979798,0.00012054294,-0.0016062241,-12.763922,-35.388924,1.029117,0.0016107409
3.020202,2.020202,0.000120375305,-0.0016373359,-12.649824,-34.705006,0.98753417,0.0016417549
3.020202,2.060606,0.000120311975,-0.0016706139,-12.525646,-34.020782,0.9467152,0.0016749406
3.020202,2.10101,0.00012033619,-0.001706237,-12.378828,-33.33663,0.9062168,0.0017104752
3.020202,2.1414142,0.00012044236,-0.0017441493,-12.201721,-32.65132,0.86592174,0.0017483028
3.020202,2.1818182,0.000120593235,-0.0017840676,-11.992813,-31.963762,0.8260869,0.0017881388
3.020202,2.2222223,0.00012072548,-0.0018255208,-11.755782,-31.274733,0.78697026,0.0018295083
3.020202,2.2626262,0.000120790675,-0.0018680152,-11.496862,-30.585922,0.7483973,0.0018719163
3.020202,2.3030303,0.00012074225,-0.0019110367,-11.222174,-29.897915,0.70976746,0.0019148473
3.020202,2.3434343,0.00012052059,-0.00195417,-10.936566,-29.209778,0.67045236,0.001957883
3.020202,2.3838384,0.00012010336,-0.0019970722,-10.643604,-28.519855,0.63018125,0.0020006804
3.020202,2.4242425,0.000119453296,-0.0020394903,-10.346186,-27.827263,0.5891225,0.0020429855
3.020202,2.4646466,0.00011856668,-0.0020812396,-10.046804,-27.132105,0.54770005,0.0020846142
3.020202,2.5050504,0.000117432326,-0.002122203,-9.747672,-26.435396,0.50638986,0.0021254495
3.020202,2.5454545,0.00011600554,-0.002162274,-9.450575,-25.738316,0.46555218,0.0021653837
3.020202,2.5858586,0.00011435896,-0.002201423,-9.156835,-25.041836,0.42536998,0.0022043914
3.020202,2.6262627,0.000112453476,-0.002239585,-8.867215,-24.346273,0.38585752,0.0022424064
3.020202,2.6666667,0.00011027977,-0.0022767428,-8.582053,-23.651394,0.34692112,0.002279412
3.020202,2.7070708,0.00010786764,-0.00231288,-8.301309,-22.956444,0.3084124,0.002315394
3.020202,2.7474747,0.00010520406,-0.0023479778,-8.024772,-22.260534,0.27018675,0.0023503336
3.020202,2.7878788,0.000102292746,-0.0023820177,-7.7521873,-21.562765,0.2321364,0.002384213
3.020202,2.8282828,9.915233e-05,-0.0024150051,-7.483351,-20.862524,0.19421725,0.0024170398
3.020202,2.868687,9.576045e-05,-0.0024468973,-7.2181478,-20.15946,0.15646783,0.0024487705
3.020202,2.909091,9.214133e-05,-0.002477724,-6.9566007,-19.453558,0.11898806,0.0024794368
3.020202,2.9494948,8.827448e-05,-0.0025074482,-6.6988125,-18.745068,0.08193597,0.0025090016
3.020202,2.989899,8.4200874e-05,-0.002536079,-6.4449697,-18.034369,0.045516502,0.0025374764
3.020202,3.030303,7.989444e-05,-0.0025635976,-6.195299,-17.322004,0.009963526,0.0025648423
3.020202,3.070707,7.536821e-05,-0.0025900044,-5.9500146,-16.608437,-0.024466284,0.0025911008
3.020202,3.1111112,7.063709e-05,-0.0026152804,-5.7093267,-15.894135,-0.057516724,0.0026162341
3.020202,3.1515152,6.5710396e-05,-0.0026394408,-5.473402,-15.179439,-0.08892927,0.0026402588
3.020202,3.191919,6.058626e-05,-0.0026624668,-5.242344,-14.464553,-0.1184493,0.002663156
3.020202,3.2323232,5.5307522e-05,-0.002684364,-5.0161967,-13.749561,-0.14583227,0.0026849338
3.020202,3.2727273,4.984811e-05,-0.002705114,-4.7949667,-13.034436,-0.1708476,0.002705573
3.020202,3.3131313,4.424341e-05,-0.0027247276,-4.5785885,-12.319052,-0.19326895,0.0027250869
3.020202,3.3535354,3.8526952e-05,-0.002743192,-4.3669763,-11.60319,-0.2128875,0.0027434626
3.020202,3.3939395,3.2685697e-05,-0.0027605146,-4.1599803,-10.886599,-0.22950344,0.002760708
3.020202,3.4343433,2.6741996e-05,-0.0027766675,-3.9574533,-10.169019,-0.24292572,0.0027767962
3.020202,3.4747474,2.0727515e-05,-0.00279166,-3.7592027,-9.45017,-0.25297928,0.0027917367
3.020202,3.5151515,1.4651567e-05,-0.00280549,-3.5650318,-8.72981,-0.25950575,0.0028055282
3.020202,3.5555556,8.523464e-06,-0.0028181393,-3.3747315,-8.007731,-0.26235494,0.002818152
3.020202,3.5959597,2.3748726e-06,-0.0028296094,-3.188093,-7.2838097,-0.26140192,0.0028296104
3.020202,3.6363637,-3.7699938e-06,-0.002839893,-3.0048997,-6.557955,-0.2565428,0.0028398957
3.020202,3.6767676,-9.899959e-06,-0.0028489865,-2.8249447,-5.8301945,-0.24769498,0.0028490038
3.020202,3.7171717,-1.599826e-05,-0.0028568748,-2.648013,-5.1006217,-0.2348053,0.0028569195
3.020202,3.7575758,-2.203323e-05,-0.0028635636,-2.4739306,-4.3694615,-0.21785265,0.0028636483
3.020202,3.7979798,-2.8010458e-05,-0.0028690398,-2.3025105,-3.6370149,-0.19684438,0.0028691764
3.020202,3.838384,-3.3874065e-05,-0.002873307,-2.1336162,-2.9037542,-0.17182097,0.0028735069
3.020202,3.878788,-3.9635226e-05,-0.0028763507,-1.967123,-2.1702285,-0.14286679,0.0028766238
3.020202,3.9191918,-4.5266002e-05,-0.0028781854,-1.8029677,-1.4371823,-0.11008457,0.0028785411
3.020202,3.959596,-5.0745904e-05,-0.002878802,-1.6411107,-0.70546913,-0.07362766,0.0028792492
3.020202,4.0,-5.6071207e-05,-0.002878191,-1.48158,0.023872707,-0.033673804,0.0028787372
3.151515,0.04040404,2.4344772e-06,-6.732158e-05,-29.646048,-66.823685,3.4187832,6.736559e-05
3.151515,0.08080808,8.624047e-06,-0.00010695867,-29.178017,-66.19056,3.3778226,0.00010730579
3.151515,0.121212125,1.4659017e-05,-0.00014627911,-28.714197,-65.55526,3.3371668,0.00014701179
3.151515,0.16161616,2.0546839e-05,-0.00018528104,-28.254684,-64.91816,3.2967374,0.00018641683
3.151515,0.2020202,2.6255846e-05,-0.00022394583,-27.799492,-64.27951,3.256439,0.00022547971
3.151515,0.24242425,3.1817704e-05,-0.0002622865,-27.348614,-63.63947,3.2161822,0.00026420935
3.151515,0.28282827,3.7241727e-05,-0.00030030496,-26.902039,-62.99822,3.1758866,0.0003026054
3.151515,0.32323232,4.2494386e-05,-0.00033797696,-26.459723,-62.355835,3.1354675,0.00034063793
3.151515,0.36363637,4.7603622e-05,-0.0003753323,-26.02165,-61.7124,3.0948443,0.0003783391
3.151515,0.4040404,5.2558258e-05,-0.0004123319,-25.587757,-61.067947,3.0539436,0.0004156681
3.151515,0.44444445,5.736202e-05,-0.0004490167,-25.158007,-60.422493,3.012684,0.00045266587
3.151515,0.4848485,6.202236e-05,-0.00048534758,-24.732388,-59.77605,2.970997,0.0004892944
3.151515,0.5252525,6.651878e-05,-0.00052133575,-24.31082,-59.128574,2.9288228,0.00052556227
3.151515,0.56565654,7.087551e-05,-0.0005569849,-23.893343,-58.48013,2.8860917,0.0005614762
3.151515,0.6060606,7.5068325e-05,-0.0005922839,-23.47988,-57.830566,2.842748,0.0005970222
3.151515,0.64646465,7.912703e-05,-0.00062723644,-23.070505,-57.180046,2.7987568,0.0006322077
3.151515,0.68686867,8.301251e-05,-0.00066183135,-22.665152,-56.528435,2.7540722,0.0006670171
3.151515,0.72727275,8.6758286e-05,-0.0006960947,-22.26388,-55.875767,2.7086759,0.0007014804
3.151515,0.7676768,9.034015e-05,-0.0007299837,-21.866669,-55.222046,2.6625578,0.0007355525
3.151515,0.8080808,9.377301e-05,-0.0007635206,-21.47358,-54.567287,2.6157238,0.0007692575
3.151515,0.8484849,9.7053126e-05,-0.0007966943,-21.084602,-53.911484,2.568182,0.000802584
3.151515,0.8888889,0.00010016002,-0.0008295197,-20.6998,-53.254715,2.5199833,0.0008355447
3.151515,0.9292929,0.000103129074,-0.0008619707,-20.319141,-52.596905,2.4711657,0.00086811814
3.151515,0.969697,0.00010592677,-0.0008940585,-19.942661,-51.938107,2.4218,0.0009003116
3.151515,1.010101,0.00010857172,-0.00092578307,-19.570374,-51.278328,2.3719535,0.00093212776
3.151515,1.050505,0.00011104904,-0.00095714256,-19.202242,-50.617527,2.3217158,0.0009635631
3.151515,1.0909091,0.00011337176,-0.0009881295,-18.838238,-49.955627,2.2711747,0.0009946121
3.151515,1.1313131,0.00011554174,-0.001018744,-18.478348,-49.292618,2.2204227,0.0010252752
3.151515,1.1717172,0.00011754967,-0.0010489859,-18.122509,-48.62836,2.1695483,0.0010555517
3.151515,1.2121212,0.00011940487,-0.0010788478,-17.770674,-47.96278,2.1186333,0.0010854354
3.151515,1.2525252,0.00012109056,-0.0011083297,-17.422825,-47.2958,2.0677361,0.001114925
3.151515,1.2929293,0.00012263656,-0.0011374485,-17.078974,-46.62741,2.0169022,0.0011440406
3.151515,1.3333334,0.00012400746,-0.0011661798,-16.739178,-45.95763,1.9661461,0.0011727544
3.151515,1.3737373,0.00012524426,-0.0011945255,-16.403599,-45.286636,1.9154694,0.0012010734
3.151515,1.4141414,0.00012632273,-0.0012225043,-16.072502,-44.614662,1.8648291,0.0012290135
3.151515,1.4545455,0.00012724474,-0.0012501087,-15.746269,-43.942062,1.8141949,0.001256568
3.151515,1.4949495,0.00012802705,-0.001277348,-15.425479,-43.26926,1.7635323,0.001283748
3.151515,1.5353535,0.00012865849,-0.0013042353,-15.110863,-42.596638,1.7128174,0.0013105659
3.151515,1.5757576,0.00012915023,-0.0013307836,-14.803356,-41.924335,1.6620739,0.0013370358
3.151515,1.6161616,0.00012950599,-0.001357019,-14.504191,-41.252323,1.6113875,0.0013631845
3.151515,1.6565657,0.0001297202,-0.0013829898,-14.21502,-40.58023,1.5608654,0.0013890602
3.151515,1.6969697,0.00012981147,-0.0014087353,-13.938112,-39.90758,1.5106618,0.0014147036
3.151515,1.7373737,0.00012979098,-0.0014343392,-13.676608,-39.234013,1.4609083,0.0014401996
3.151515,1.7777778,0.00012967549,-0.0014599338,-13.434533,-38.559464,1.4116931,0.0014656816
3.151515,1.8181819,0.00012947991,-0.0014856551,-13.216479,-37.884243,1.3630782,0.0014912867
3.151515,1.8585858,0.00012923032,-0.0015117321,-13.026531,-37.208687,1.3151035,0.0015172457
3.151515,1.8989899,0.00012895465,-0.0015384592,-12.866307,-36.53256,1.2678963,0.0015438542
3.151515,1.939394,0.00012869388,-0.0015661828,-12.732817,-35.854965,1.2216102,0.0015714613
3.151515,1.979798,0.0001284983,-0.0015953146,-12.617377,-35.175266,1.1763742,0.0016004813
3.151515,2.020202,0.00012839586,-0.0016262699,-12.50661,-34.494038,1.1320986,0.0016313305
3.151515,2.060606,0.00012842938,-0.001659371,-12.385623,-33.812855,1.088436,0.0016643335
3.151515,2.10101,0.00012858212,-0.0016948171,-12.241546,-33.1321,1.0449905,0.0016996877
3.151515,2.1414142,0.00012882799,-0.0017325282,-12.066567,-32.450466,1.0016699,0.0017373114
3.151515,2.1818182,0.0001291465,-0.0017722417,-11.859059,-31.766708,0.9587502,0.001776941
3.151515,2.2222223,0.00012944639,-0.0018134788,-11.6227045,-31.081373,0.91652906,0.0018180929
3.151515,2.2626262,0.00012968108,-0.001855759,-11.363814,-30.39604,0.8748997,0.0018602845
3.151515,2.3030303,0.00012978539,-0.0018985607,-11.088729,-29.711412,0.83332014,0.0019029916
3.151515,2.3434343,0.00012970902,-0.0019414574,-10.802455,-29.02657,0.7911908,0.0019457856
3.151515,2.3838384,0.0001294259,-0.001984151,-10.508747,-28.340002,0.74823,0.0019883679
3.151515,2.4242425,0.00012887642,-0.0020263474,-10.210591,-27.650785,0.70455587,0.0020304415
3.151515,2.4646466,0.00012805872,-0.00206789,-9.910571,-26.959042,0.6605516,0.0020718514
3.151515,2.5050504,0.0001269728,-0.0021086503,-9.610942,-26.265713,0.6166558,0.0021124696
3.151515,2.5454545,0.00012559071,-0.0021485295,-9.31352,-25.571949,0.57320946,0.002152197
3.151515,2.5858586,0.00012393668,-0.0021874774,-9.019654,-24.878695,0.5303987,0.0021909857
3.151515,2.6262627,0.00012199208,-0.0022254381,-8.73015,-24.186287,0.48824772,0.0022287793
3.151515,2.6666667,0.00011976063,-0.0022624247,-8.44535,-23.494518,0.44667298,0.002265592
3.151515,2.7070708,0.000117242336,-0.00229837,-8.165261,-22.802713,0.4055344,0.0023013584
3.151515,2.7474747,0.000114459544,-0.0023332983,-7.8897142,-22.110058,0.36468753,0.002336104
3.151515,2.7878788,0.000111389905,-0.002367178,-7.6184735,-21.415747,0.3240194,0.0023697973
3.151515,2.8282828,0.00010806881,-0.0023999996,-7.3513565,-20.719206,0.28348044,0.0024024316
3.151515,2.868687,0.00010446645,-0.002431741,-7.088288,-20.020191,0.24308647,0.0024339838
3.151515,2.909091,0.000100601465,-0.002462415,-6.8292847,-19.318707,0.20291564,0.0024644693
3.151515,2.9494948,9.646267e-05,-0.0024919957,-6.5744605,-18.614998,0.16310306,0.002493862
3.151515,2.989899,9.207986e-05,-0.0025204998,-6.3240194,-17.909489,0.12382821,0.0025221813
3.151515,3.030303,8.742511e-05,-0.0025478788,-6.0781717,-17.20264,0.085293904,0.0025493782
3.151515,3.070707,8.253753e-05,-0.002574157,-5.8371534,-16.494942,0.04773166,0.00257548
3.151515,3.1111112,7.740781e-05,-0.0025993232,-5.601169,-15.786763,0.011376718,0.0026004754
3.151515,3.1515152,7.204339e-05,-0.0026233755,-5.3703794,-15.078378,-0.023539646,0.0026243646
3.151515,3.191919,6.6477805e-05,-0.0026462954,-5.1448903,-14.369921,-0.056774084,0.0026471303
3.151515,3.2323232,6.069988e-05,-0.0026681032,-4.924779,-13.661411,-0.0881018,0.0026687935
3.151515,3.2727273,5.4724514e-05,-0.002688773,-4.710051,-12.952759,-0.11729199,0.00268933
3.151515,3.3131313,4.8575923e-05,-0.0027082954,-4.5006685,-12.243737,-0.14412597,0.002708731
3.151515,3.3535354,4.226528e-05,-0.0027266927,-4.2965674,-11.534088,-0.16838816,0.0027270203
3.151515,3.3939395,3.5805628e-05,-0.002743939,-4.097647,-10.823512,-0.18986525,0.0027441725
3.151515,3.4343433,2.9217452e-05,-0.0027600285,-3.903787,-10.111697,-0.20835184,0.002760183
3.151515,3.4747474,2.251938e-05,-0.0027749613,-3.7148433,-9.398321,-0.22364794,0.0027750528
3.151515,3.5151515,1.5739352e-05,-0.0027887318,-3.5306692,-8.683139,-0.23556179,0.0027887763
3.151515,3.5555556,8.871779e-06,-0.0028013252,-3.3511093,-7.965939,-0.24390897,0.0028013394
3.151515,3.5959597,1.963228e-06,-0.0028127283,-3.176002,-7.2465873,-0.24852896,0.002812729
3.151515,3.6363637,-4.982576e-06,-0.002822956,-3.005195,-6.525035,-0.24926564,0.0028229605
3.151515,3.6767676,-1.1939555e-05,-0.0028319843,-2.838519,-5.801328,-0.245993,0.0028320095
3.151515,3.7171717,-1.8877909e-05,-0.0028398149,-2.675832,-5.0756135,-0.23860732,0.0028398777
3.151515,3.7575758,-2.579391e-05,-0.0028464273,-2.5169845,-4.3481503,-0.22703429,0.0028465441
3.151515,3.7979798,-3.2654032e-05,-0.0028518382,-2.3618574,-3.6193266,-0.21123001,0.0028520252
3.151515,3.838384,-3.943965e-05,-0.0028560162,-2.2103326,-2.8896587,-0.19118588,0.0028562886
3.151515,3.878788,-4.6141446e-05,-0.0028589703,-2.0623343,-2.1597989,-0.16693498,0.0028593426
3.151515,3.9191918,-5.2724034e-05,-0.0028607044,-1.9178032,-1.4305378,-0.13853917,0.0028611901
3.151515,3.959596,-5.917251e-05,-0.0028612148,-1.7767192,-0.70281255,-0.106109105,0.0028618267
3.151515,4.0,-6.546825e-05,-0.0028604902,-1.6391232,0.022258494,-0.06978169,0.0028612395
3.2828283,0.04040404,-2.0489097e-08,-6.404519e-05,-29.522013,-66.444435,3.738924,6.404519e-05
3.2828283,0.08080808,6.6440552e-06,-0.00010345131,-29.052189,-65.8142,3.6924756,0.000103664446
3.2828283,0.121212125,1.3135374e-05,-0.0001425296,-28.586525,-65.18193,3.6464622,0.0001431336
3.2828283,0.16161616,1.9460917e-05,-0.00018129498,-28.125116,-64.54797,3.6007931,0.00018233649
3.2828283,0.2020202,2.5622547e-05,-0.00021973997,-27.667997,-63.91251,3.555385,0.00022122878
3.2828283,0.24242425,3.1614676e-05,-0.00025785342,-27.215158,-63.275734,3.5101488,0.00025978428
3.2828283,0.28282827,3.744103e-05,-0.0002956353,-26.76658,-62.637657,3.4649963,0.00029799677
3.2828283,0.32323232,4.3114647e-05,-0.00033310056,-26.322247,-61.99842,3.4198408,0.00033587922
3.2828283,0.36363637,4.8607588e-05,-0.00037023425,-25.882153,-61.358063,3.3745983,0.00037341143
3.2828283,0.4040404,5.3931028e-05,-0.00040701963,-25.446238,-60.71658,3.3291788,0.00041057708
3.2828283,0.44444445,5.9120357e-05,-0.00044349022,-25.014503,-60.074005,3.2835126,0.00044741345
3.2828283,0.4848485,6.414205e-05,-0.00047961436,-24.5869,-59.43028,3.2375114,0.00048388442
3.2828283,0.5252525,6.8970025e-05,-0.00051539205,-24.163425,-58.78542,3.19111,0.0005199864
3.2828283,0.56565654,7.366575e-05,-0.0005508363,-23.74409,-58.139442,3.1442387,0.0005557403
3.2828283,0.6060606,7.819757e-05,-0.00058593415,-23.328857,-57.492287,3.0968418,0.0005911291
3.2828283,0.64646465,8.255616e-05,-0.0006206855,-22.917746,-56.84397,3.0488644,0.00062615174
3.2828283,0.68686867,8.6758286e-05,-0.0006550811,-22.510784,-56.194527,3.0002728,0.00066080125
3.2828283,0.72727275,9.079464e-05,-0.0006891433,-22.107985,-55.543945,2.9510467,0.00069509866
3.2828283,0.7676768,9.466335e-05,-0.00072284415,-21.709337,-54.89221,2.9011683,0.0007290163
3.2828283,0.8080808,9.8362565e-05,-0.0007561855,-21.314928,-54.239494,2.850654,0.00076255604
3.2828283,0.8484849,0.000101897866,-0.0007891748,-20.924728,-53.585693,2.799516,0.00079572614
3.2828283,0.8888889,0.00010526553,-0.0008218065,-20.538767,-52.930885,2.7477958,0.0008285208
3.2828283,0.9292929,0.00010845624,-0.0008540675,-20.15708,-52.27517,2.6955452,0.0008609263
3.2828283,0.969697,0.00011149794,-0.0008859765,-19.779648,-51.6185,2.6428242,0.0008929648
3.2828283,1.010101,0.000114355236,-0.00091752596,-19.406467,-50.96092,2.5897152,0.0009246248
3.2828283,1.050505,0.00011703558,-0.0009487048,-19.03752,-50.302402,2.5363011,0.00095589645
3.2828283,1.0909091,0.000119557604,-0.0009795018,-18.672787,-49.64296,2.4826753,0.0009867714
3.2828283,1.1313131,0.000121910125,-0.0010099467,-18.312227,-48.982513,2.4289322,0.001017278
3.2828283,1.1717172,0.00012410618,-0.001040006,-17.955755,-48.320942,2.3751557,0.0010473848
3.2828283,1.2121212,0.00012609921,-0.0010696985,-17.603354,-47.658203,2.321416,0.0010771053
3.2828283,1.2525252,0.00012794696,-0.0010990147,-17.25497,-46.99418,2.2677855,0.0011064374
3.2828283,1.2929293,0.00012962893,-0.0011279657,-16.910625,-46.328842,2.2142878,0.00113539
3.2828283,1.3333334,0.00013113394,-0.0011565238,-16.570385,-45.662235,2.160945,0.0011639345
3.2828283,1.3737373,0.00013248436,-0.0011847094,-16.234385,-44.994473,2.107739,0.0011920942
3.2828283,1.4141414,0.00013367459,-0.0012125298,-15.902908,-44.325775,2.054635,0.001219876
3.2828283,1.4545455,0.0001347065,-0.0012399778,-15.576353,-43.65649,2.0015934,0.0012472733
3.2828283,1.4949495,0.00013556704,-0.0012670625,-15.255282,-42.986988,1.9485732,0.0012742942
3.2828283,1.5353535,0.00013628416,-0.0012937989,-14.940456,-42.317604,1.8955429,0.0013009569
3.2828283,1.5757576,0.00013684109,-0.0013201889,-14.632849,-41.64855,1.8425318,0.0013272619
3.2828283,1.6161616,0.00013725273,-0.0013462789,-14.333749,-40.979794,1.7896128,0.0013532573
3.2828283,1.6565657,0.00013752468,-0.0013720933,-14.044851,-40.310963,1.7368999,0.0013789681
3.2828283,1.6969697,0.00013766624,-0.0013976954,-13.768515,-39.641674,1.6845512,0.0014044588
3.2828283,1.7373737,0.00013768114,-0.0014231652,-13.507942,-38.971535,1.6327,0.0014298096
3.2828283,1.7777778,0.00013758801,-0.0014486033,-13.267211,-38.300446,1.5814396,0.0014551227
3.2828283,1.8181819,0.00013742782,-0.0014741812,-13.050937,-37.62859,1.5307988,0.001480573
3.2828283,1.8585858,0.00013720617,-0.0015001073,-12.863184,-36.956154,1.4807987,0.001506369
3.2828283,1.8989899,0.00013697147,-0.0015266817,-12.705553,-36.282814,1.4314649,0.0015328139
3.2828283,1.939394,0.00013676472,-0.0015542433,-12.574964,-35.60763,1.3829018,0.0015602489
3.2828283,1.979798,0.00013663061,-0.0015832074,-12.462627,-34.930183,1.3351626,0.001589092
3.2828283,2.020202,0.00013660826,-0.0016139671,-12.355011,-34.251293,1.288176,0.0016197382
3.2828283,2.060606,0.0001367405,-0.0016468689,-12.236965,-33.572674,1.2416314,0.001652536
3.2828283,2.10101,0.0001370348,-0.0016820896,-12.095487,-32.894966,1.1952043,0.0016876623
3.2828283,2.1414142,0.00013744645,-0.0017195642,-11.922531,-32.21671,1.1488374,0.0017250485
3.2828283,2.1818182,0.00013792887,-0.0017590169,-11.716345,-31.536348,1.1028191,0.0017644162
3.2828283,2.2222223,0.00013840944,-0.0018000063,-11.480613,-30.854303,1.0574917,0.0018053198
3.2828283,2.2626262,0.00013883226,-0.0018420126,-11.2217865,-30.172134,1.0128138,0.0018472371
3.2828283,2.3030303,0.00013911352,-0.0018845331,-10.946358,-29.490538,0.96831226,0.0018896607
3.2828283,2.3434343,0.00013919733,-0.0019271616,-10.659517,-28.808725,0.9234279,0.0019321821
3.2828283,2.3838384,0.0001390595,-0.0019695777,-10.365164,-28.125254,0.8778508,0.0019744807
3.2828283,2.4242425,0.00013862923,-0.0020115115,-10.066408,-27.439247,0.83165574,0.0020162829
3.2828283,2.4646466,0.00013792329,-0.002052784,-9.76585,-26.750717,0.78517073,0.0020574122
3.2828283,2.5050504,0.00013688579,-0.0020932723,-9.465811,-26.060614,0.7387964,0.0020977433
3.2828283,2.5454545,0.00013555028,-0.0021328982,-9.168114,-25.370003,0.6928599,0.0021372011
3.2828283,2.5858586,0.00013389066,-0.0021715946,-8.874125,-24.679792,0.64754456,0.0021757183
3.2828283,2.6262627,0.00013191998,-0.0022093132,-8.584681,-23.99039,0.6028856,0.0022132483
3.2828283,2.6666667,0.00012962893,-0.0022460464,-8.300163,-23.301638,0.55881697,0.002249784
3.2828283,2.7070708,0.0001270324,-0.0022817664,-8.020605,-22.612923,0.51520514,0.0022852998
3.2828283,2.7474747,0.00012411922,-0.0023164582,-7.7458806,-21.923563,0.47191548,0.0023197809
3.2828283,2.7878788,0.000120902434,-0.002350118,-7.475803,-21.232864,0.42882624,0.0023532258
3.2828283,2.8282828,0.00011739135,-0.0023827031,-7.210189,-20.540312,0.3858831,0.0023855933
3.2828283,2.868687,0.00011357665,-0.0024142396,-6.9490023,-19.845747,0.34307593,0.0024169097
3.2828283,2.909091,0.000109467655,-0.0024447143,-6.6922493,-19.149199,0.3004606,0.002447164
3.2828283,2.9494948,0.000105045736,-0.0024740826,-6.4400816,-18.45096,0.25814614,0.0024763115
3.2828283,2.989899,0.00010033883,-0.0025023874,-6.1926765,-17.751444,0.21627371,0.0025043983
3.2828283,3.030303,9.535439e-05,-0.0025295913,-5.950244,-17.051067,0.17501898,0.0025313878
3.2828283,3.070707,9.009242e-05,-0.0025557075,-5.7130275,-16.350275,0.13457358,0.002557295
3.2828283,3.1111112,8.4552914e-05,-0.0025807042,-5.4812202,-15.649399,0.09514535,0.002582089
3.2828283,3.1515152,7.8758225e-05,-0.002604602,-5.25498,-14.94861,0.056929633,0.0026057924
3.2828283,3.191919,7.2702765e-05,-0.0026273876,-5.034438,-14.248009,0.020142067,0.0026283932
3.2828283,3.2323232,6.64182e-05,-0.002649054,-4.819667,-13.547517,-0.015009953,0.0026498865
3.2828283,3.2727273,5.990453e-05,-0.002669599,-4.610694,-12.846938,-0.048318844,0.0026702709
3.2828283,3.3131313,5.317852e-05,-0.0026890207,-4.4075193,-12.146022,-0.07957572,0.0026895464
3.2828283,3.3535354,4.6266243e-05,-0.0027073119,-4.210099,-11.444419,-0.108572274,0.0027077072
3.2828283,3.3939395,3.9163977e-05,-0.0027244631,-4.0183916,-10.741768,-0.13509345,0.0027247446
3.2828283,3.4343433,3.190525e-05,-0.0027404744,-3.8323085,-10.037696,-0.15892845,0.0027406602
3.2828283,3.4747474,2.4493784e-05,-0.0027553272,-3.6517775,-9.331858,-0.17986086,0.002755436
3.2828283,3.5151515,1.6951934e-05,-0.002769025,-3.4767027,-8.623966,-0.19768101,0.002769077
3.2828283,3.5555556,9.30205e-06,-0.002781555,-3.3069968,-7.913786,-0.21217729,0.0027815707
3.2828283,3.5959597,1.5720725e-06,-0.0027929079,-3.142568,-7.2011776,-0.2231474,0.0027929083
3.2828283,3.6363637,-6.2379986e-06,-0.0028030798,-2.9833343,-6.486091,-0.23040724,0.0028030868
3.2828283,3.6767676,-1.4062971e-05,-0.0028120559,-2.8291943,-5.768583,-0.23377664,0.002812091
3.2828283,3.7171717,-2.193451e-05,-0.0028198287,-2.6800773,-5.0488415,-0.23310658,0.002819914
3.2828283,3.7575758,-2.9796734e-05,-0.0028263945,-2.5359118,-4.3271513,-0.2282731,0.0028265514
3.2828283,3.7979798,-3.764592e-05,-0.0028317384,-2.3966322,-3.6039617,-0.21917078,0.0028319887
3.2828283,3.838384,-4.5431778e-05,-0.002835853,-2.262176,-2.8798287,-0.20574059,0.002836217
3.2828283,3.878788,-5.3163618e-05,-0.002838755,-2.1325142,-2.155458,-0.18795198,0.0028392528
3.2828283,3.9191918,-6.0793012e-05,-0.0028404333,-2.0076213,-1.4317175,-0.16581853,0.0028410838
3.2828283,3.959596,-6.8316236e-05,-0.0028408617,-1.8875282,-0.70962346,-0.13939346,0.002841683
3.2828283,4.0,-7.571839e-05,-0.0028400589,-1.7722722,0.009653624,-0.10876617,0.0028410682
3.4141414,0.04040404,-2.5518239e-06,-6.01355e-05,-29.378536,-66.05432,4.067616,6.0189617e-05
3.4141414,0.08080808,4.587695e-06,-9.929016e-05,-28.907259,-65.42662,4.015733,9.939609e-05
3.4141414,0.121212125,1.1559576e-05,-0.00013813563,-28.440128,-64.79708,3.9643865,0.00013861846
3.4141414,0.16161616,1.8339604e-05,-0.00017666258,-27.977222,-64.16596,3.9134989,0.00017761196
3.4141414,0.2020202,2.4938956e-05,-0.00021487102,-27.518574,-63.533394,3.8629808,0.00021631345
3.4141414,0.24242425,3.1366944e-05,-0.00025275163,-27.064169,-62.899487,3.8127465,0.00025469056
3.4141414,0.28282827,3.7621707e-05,-0.00029031374,-26.613995,-62.26425,3.7626963,0.0002927413
3.4141414,0.32323232,4.3690205e-05,-0.00032754987,-26.168083,-61.627827,3.7127626,0.00033045083
3.4141414,0.36363637,4.9583614e-05,-0.00036445446,-25.726366,-60.9901,3.6628325,0.00036781188
3.4141414,0.4040404,5.532056e-05,-0.00040103123,-25.288866,-60.35118,3.6128302,0.00040482887
3.4141414,0.44444445,6.0873106e-05,-0.00043728203,-24.855543,-59.710964,3.5626566,0.0004414987
3.4141414,0.4848485,6.6244975e-05,-0.0004731808,-24.426376,-59.069447,3.5122497,0.0004777954
3.4141414,0.5252525,7.145479e-05,-0.0005087536,-24.00138,-58.42662,3.4615214,0.000513747
3.4141414,0.56565654,7.64858e-05,-0.0005439762,-23.580555,-57.782486,3.4103951,0.000549327
3.4141414,0.6060606,8.135289e-05,-0.0005788673,-23.163908,-57.137028,3.3588269,0.0005845559
3.4141414,0.64646465,8.60244e-05,-0.00061341,-22.751461,-56.490303,3.3067641,0.00061941263
3.4141414,0.68686867,9.053387e-05,-0.00064761005,-22.343243,-55.84234,3.2541687,0.0006539076
3.4141414,0.72727275,9.487383e-05,-0.0006814562,-21.93924,-55.19309,3.2010224,0.00068802875
3.4141414,0.7676768,9.9031255e-05,-0.00071495585,-21.539524,-54.542717,3.1473174,0.00072178186
3.4141414,0.8080808,0.00010299869,-0.0007480886,-21.144102,-53.89125,3.0930617,0.00075514585
3.4141414,0.8484849,0.00010680966,-0.0007808879,-20.752975,-53.238712,3.0382822,0.00078815874
3.4141414,0.8888889,0.00011042133,-0.00081331655,-20.366207,-52.58527,2.9830198,0.0008207781
3.4141414,0.9292929,0.000113869086,-0.0008453857,-19.98376,-51.930904,2.927332,0.00085302
3.4141414,0.969697,0.00011712499,-0.0008770935,-19.605692,-51.275772,2.8712826,0.00088487926
3.4141414,1.010101,0.00012020394,-0.0009084325,-19.231947,-50.619812,2.8149574,0.00091635075
3.4141414,1.050505,0.00012310594,-0.0009394139,-18.862505,-49.963078,2.7584434,0.0009474458
3.4141414,1.0909091,0.00012581982,-0.0009700339,-18.497328,-49.305553,2.7018282,0.0009781597
3.4141414,1.1313131,0.00012836419,-0.0010002814,-18.136385,-48.647194,2.6452022,0.0010084842
3.4141414,1.1717172,0.00013070926,-0.0010301564,-17.7796,-47.987915,2.5886464,0.0010384156
3.4141414,1.2121212,0.0001328867,-0.0010596514,-17.426905,-47.327606,2.53224,0.0010679512
3.4141414,1.2525252,0.0001348909,-0.001088785,-17.078285,-46.666195,2.476027,0.001097109
3.4141414,1.2929293,0.00013671815,-0.0011175461,-16.73372,-46.003593,2.420047,0.001125878
3.4141414,1.3333334,0.00013835542,-0.0011459198,-16.393286,-45.33982,2.3642895,0.001154242
3.4141414,1.3737373,0.0001398325,-0.0011739414,-16.057127,-44.674976,2.3087468,0.0011822401
3.4141414,1.4141414,0.0001411289,-0.0012015738,-15.725513,-44.00923,2.2533665,0.0012098334
3.4141414,1.4545455,0.00014225952,-0.0012288447,-15.398834,-43.342896,2.1980994,0.0012370518
3.4141414,1.4949495,0.00014322624,-0.0012557562,-15.077671,-42.67628,2.1429012,0.0012638977
3.4141414,1.5353535,0.000144016,-0.0012823138,-14.76282,-42.009785,2.0877366,0.0012903757
3.4141414,1.5757576,0.00014466234,-0.0013085399,-14.45525,-41.343506,2.0326207,0.001316512
3.4141414,1.6161616,0.00014512613,-0.0013344605,-14.156338,-40.677517,1.9776288,0.0013423287
3.4141414,1.6565657,0.00014546141,-0.0013601165,-13.867808,-40.01146,1.9228797,0.0013678728
3.4141414,1.6969697,0.00014563836,-0.0013855435,-13.592122,-39.34498,1.8685229,0.0013931767
3.4141414,1.7373737,0.00014569052,-0.001410842,-13.33249,-38.677658,1.8146999,0.0014183444
3.4141414,1.7777778,0.00014564767,-0.0014361124,-13.093094,-38.009434,1.7615079,0.0014434792
3.4141414,1.8181819,0.00014551356,-0.0014615208,-12.878564,-37.34038,1.7089437,0.0014687468
3.4141414,1.8585858,0.0001453273,-0.0014872774,-12.692938,-36.670536,1.6569917,0.0014943607
3.4141414,1.8989899,0.00014513358,-0.0015136693,-12.53776,-35.99944,1.6056,0.0015206112
3.4141414,1.939394,0.00014497712,-0.0015410371,-12.409881,-35.326218,1.5547849,0.0015478417
3.4141414,1.979798,0.00014490262,-0.0015697908,-12.300402,-34.65054,1.5045522,0.0015764644
3.4141414,2.020202,0.00014498271,-0.0016003307,-12.195658,-33.973515,1.4548318,0.0016068846
3.4141414,2.060606,0.00014522858,-0.0016329996,-12.080344,-33.29716,1.4053892,0.0016394448
3.4141414,2.10101,0.00014565326,-0.001667954,-11.94125,-32.622105,1.3559715,0.0016743015
3.4141414,2.1414142,0.00014623068,-0.0017051604,-11.770153,-31.946781,1.3065547,0.0017114191
3.4141414,2.1818182,0.00014690123,-0.0017443094,-11.565197,-31.269405,1.2574595,0.0017504843
3.4141414,2.2222223,0.000147596,-0.001784984,-11.330063,-30.590185,1.2090476,0.0017910758
3.4141414,2.2626262,0.00014821626,-0.0018266644,-11.071329,-29.910683,1.1613566,0.0018326677
3.4141414,2.3030303,0.00014868937,-0.0018688478,-10.795653,-29.231714,1.1139946,0.0018747534
3.4141414,2.3434343,0.00014895387,-0.0019111428,-10.508418,-28.5526,1.066428,0.0019169388
3.4141414,2.3838384,0.00014896505,-0.00195322,-10.213643,-27.87198,1.0183377,0.0019588922
3.4141414,2.4242425,0.00014866889,-0.0019948184,-9.914509,-27.188951,0.96974057,0.0020003507
3.4141414,2.4646466,0.00014806353,-0.002035763,-9.613667,-26.503489,0.92091036,0.0020411403
3.4141414,2.5050504,0.00014711544,-0.002075933,-9.313423,-25.816435,0.8722088,0.0020811392
3.4141414,2.5454545,0.00014581345,-0.002115231,-9.015627,-25.128813,0.8239392,0.0021202508
3.4141414,2.5858586,0.00014417805,-0.0021535996,-8.721652,-24.441526,0.77629185,0.0021584204
3.4141414,2.6262627,0.00014218315,-0.0021910071,-8.43237,-23.755003,0.729321,0.0021956158
3.4141414,2.6666667,0.0001398474,-0.0022274368,-8.1481695,-23.069134,0.6829733,0.0022318226
3.4141414,2.7070708,0.00013716519,-0.0022628494,-7.8691626,-22.38351,0.6371334,0.0022670026
3.4141414,2.7474747,0.00013414212,-0.002297243,-7.5952334,-21.697475,0.59167045,0.002301156
3.4141414,2.7878788,0.00013077073,-0.0023305956,-7.3262267,-21.01047,0.5464731,0.0023342615
3.4141414,2.8282828,0.00012707897,-0.0023629162,-7.0620203,-20.322126,0.5014687,0.002366331
3.4141414,2.868687,0.00012304261,-0.0023941565,-6.802545,-19.632294,0.45663643,0.002397316
3.4141414,2.909091,0.00011867471,-0.0024243537,-6.5478506,-18.941092,0.41200456,0.0024272564
3.4141414,2.9494948,0.00011397153,-0.002453478,-6.2980614,-18.248806,0.36764923,0.0024561237
3.4141414,2.989899,0.000108974054,-0.0024815183,-6.0533504,-17.555836,0.3236824,0.00248391
3.4141414,3.030303,0.00010362826,-0.0025084764,-5.8139424,-16.862612,0.2802417,0.0025106159
3.4141414,3.070707,9.798445e-05,-0.0025343485,-5.580042,-16.169502,0.23747744,0.0025362421
3.4141414,3.1111112,9.204261e-05,-0.0025591385,-5.3518395,-15.476758,0.19555917,0.0025607932
3.4141414,3.1515152,8.57953e-05,-0.0025828145,-5.1295075,-14.784561,0.15465035,0.002584239
3.4141414,3.191919,7.927604e-05,-0.0026054047,-4.9131613,-14.092881,0.114927925,0.0026066105
3.4141414,3.2323232,7.247925e-05,-0.0026268922,-4.7028847,-13.401575,0.07656698,0.002627892
3.4141414,3.2727273,6.541982e-05,-0.002647264,-4.4987345,-12.710413,0.039746832,0.002648072
3.4141414,3.3131313,5.8112666e-05,-0.0026665404,-4.300745,-12.019047,0.00465159,0.0026671735
3.4141414,3.3535354,5.057454e-05,-0.0026846826,-4.1089077,-11.327075,-0.02852181,0.002685159
3.4141414,3.3939395,4.2805448e-05,-0.0027017072,-3.9232228,-10.634086,-0.05957842,0.0027020462
3.4141414,3.4343433,3.4837052e-05,-0.00271759,-3.7436762,-9.939657,-0.08831342,0.0027178132
3.4141414,3.4747474,2.668798e-05,-0.0027323477,-3.5702317,-9.243382,-0.11450728,0.002732478
3.4141414,3.5151515,1.8380582e-05,-0.002745958,-3.402909,-8.544971,-0.13794494,0.0027460195
3.4141414,3.5555556,9.9129975e-06,-0.0027584024,-3.2416701,-7.8441315,-0.15840246,0.00275842
3.4141414,3.5959597,1.3262033e-06,-0.0027696807,-3.086522,-7.1407213,-0.17566292,0.002769681
3.4141414,3.6363637,-7.374212e-06,-0.0027797874,-2.9374552,-6.4346743,-0.18950516,0.0027797972
3.4141414,3.6767676,-1.6154721e-05,-0.0027887113,-2.794475,-5.7260437,-0.19973154,0.0027887581
3.4141414,3.7171717,-2.5006011e-05,-0.0027964339,-2.6575978,-5.01502,-0.2061448,0.0027965459
3.4141414,3.7575758,-3.3887103e-05,-0.002802955,-2.5268319,-4.3019104,-0.20857842,0.0028031599
3.4141414,3.7979798,-4.2783096e-05,-0.0028082747,-2.4021869,-3.5871594,-0.20689185,0.0028086007
3.4141414,3.838384,-5.1667914e-05,-0.0028123613,-2.2837043,-2.871381,-0.2009671,0.0028128359
3.4141414,3.878788,-6.0519204e-05,-0.002815228,-2.1714149,-2.1553047,-0.19072054,0.0028158785
3.4141414,3.9191918,-6.930716e-05,-0.0028168578,-2.065367,-1.439839,-0.17610885,0.0028177102
3.4141414,3.959596,-7.800944e-05,-0.0028172582,-1.9656234,-0.7260367,-0.15713684,0.002818338
3.4141414,4.0,-8.6609274e-05,-0.0028164405,-1.8722743,-0.015123457,-0.13382435,0.0028177719
3.5454545,0.04040404,-5.112961e-06,-5.5534765e-05,-29.214777,-65.653854,4.402677,5.5769637e-05
3.5454545,0.08080808,2.5182962e-06,-9.4447285e-05,-28.742376,-65.02823,4.345365,9.448085e-05
3.5454545,0.121212125,9.946525e-06,-0.00013305806,-28.274172,-64.40104,4.288694,0.0001334293
3.5454545,0.16161616,1.718849e-05,-0.00017133914,-27.810162,-63.772305,4.2325745,0.00017219914
3.5454545,0.2020202,2.4238601e-05,-0.00020931475,-27.35039,-63.142204,4.1769276,0.0002107135
3.5454545,0.24242425,3.1113625e-05,-0.00024696812,-26.894873,-62.510773,4.121665,0.0002489203
3.5454545,0.28282827,3.7794933e-05,-0.00028429367,-26.443583,-61.87797,4.0666876,0.00028679494
3.5454545,0.32323232,4.42788e-05,-0.0003213063,-25.996527,-61.243843,4.011902,0.00032434295
3.5454545,0.36363637,5.0578266e-05,-0.00035798177,-25.553673,-60.60829,3.9572282,0.00036153715
3.5454545,0.4040404,5.6710094e-05,-0.0003943313,-25.115026,-59.971336,3.9025543,0.00039838825
3.5454545,0.44444445,6.264262e-05,-0.000430353,-24.680578,-59.33294,3.8478048,0.00043488824
3.5454545,0.4848485,6.8400055e-05,-0.00046604127,-24.250319,-58.693043,3.7928905,0.000471034
3.5454545,0.5252525,7.394701e-05,-0.0005013887,-23.824255,-58.05163,3.7377367,0.00050681236
3.5454545,0.56565654,7.933751e-05,-0.00053639896,-23.402407,-57.408726,3.6822762,0.0005422345
3.5454545,0.6060606,8.453056e-05,-0.00057106465,-22.984783,-56.764324,3.6264472,0.000577287
3.5454545,0.64646465,8.953735e-05,-0.0006053932,-22.571404,-56.11845,3.5702088,0.00061197864
3.5454545,0.68686867,9.436533e-05,-0.0006393716,-22.162329,-55.47124,3.51353,0.00064629776
3.5454545,0.72727275,9.8994e-05,-0.00067299977,-21.757544,-54.822655,3.456399,0.0006802415
3.5454545,0.7676768,0.000103445724,-0.00070628524,-21.35709,-54.172836,3.3988128,0.0007138206
3.5454545,0.8080808,0.000107692555,-0.00073921494,-20.961031,-53.521927,3.3407857,0.0007470184
3.5454545,0.8484849,0.00011176802,-0.0007717926,-20.569353,-52.87,3.2823455,0.00077984354
3.5454545,0.8888889,0.0001156386,-0.00080400705,-20.182087,-52.217148,3.223552,0.0008122805
3.5454545,0.9292929,0.00011932105,-0.000835862,-19.799252,-51.563515,3.1644545,0.0008443357
3.5454545,0.969697,0.00012282468,-0.00086735934,-19.420855,-50.90922,3.1051364,0.00087601267
3.5454545,1.010101,0.00012611598,-0.0008985009,-19.046839,-50.25424,3.0456693,0.0009073087
3.5454545,1.050505,0.0001292415,-0.0009292718,-18.677193,-49.59865,2.986146,0.0009382161
3.5454545,1.0909091,0.00013216212,-0.0009596702,-18.311913,-48.942513,2.9266558,0.00096872787
3.5454545,1.1313131,0.00013487786,-0.0009897109,-17.950893,-48.28572,2.8672907,0.0009988593
3.5454545,1.1717172,0.00013741665,-0.001019381,-17.594076,-47.628174,2.8081193,0.0010286014
3.5454545,1.2121212,0.00013975613,-0.0010486767,-17.241379,-46.96977,2.749209,0.0010579482
3.5454545,1.2525252,0.00014191493,-0.0010776017,-16.892836,-46.310505,2.69061,0.0010869063
3.5454545,1.2929293,0.00014387816,-0.0011061542,-16.548353,-45.65015,2.6323345,0.001115472
3.5454545,1.3333334,0.00014567561,-0.0011343416,-16.208035,-44.988743,2.5743756,0.0011436574
3.5454545,1.3737373,0.00014727376,-0.0011621453,-15.871998,-44.32635,2.5167038,0.0011714398
3.5454545,1.4141414,0.00014868565,-0.0011895932,-15.540519,-43.66307,2.4592624,0.0011988492
3.5454545,1.4545455,0.00014992431,-0.001216663,-15.21399,-42.99918,2.401993,0.0012258656
3.5454545,1.4949495,0.0001509767,-0.0012433846,-14.893014,-42.33496,2.3448262,0.0012525171
3.5454545,1.5353535,0.0001518596,-0.0012697484,-14.578356,-41.670757,2.2877278,0.0012787973
3.5454545,1.5757576,0.00015257299,-0.001295777,-14.271064,-41.0067,2.2307096,0.0013047286
3.5454545,1.6161616,0.0001531057,-0.0013215076,-13.972509,-40.34281,2.1738372,0.0013303473
3.5454545,1.6565657,0.00015349314,-0.0013469681,-13.684528,-39.67889,2.117228,0.0013556855
3.5454545,1.6969697,0.00015373342,-0.0013722088,-13.409574,-39.014477,2.0610363,0.0013807936
3.5454545,1.7373737,0.00015383027,-0.0013973117,-13.150991,-38.349323,2.0054038,0.0014057538
3.5454545,1.7777778,0.00015381351,-0.0014223941,-12.912965,-37.683247,1.9504066,0.0014306863
3.5454545,1.8181819,0.00015372224,-0.0014476087,-12.700157,-37.01632,1.8960514,0.0014557476
3.5454545,1.8585858,0.0001535695,-0.0014731586,-12.516598,-36.348495,1.8422484,0.0014811414
3.5454545,1.8989899,0.0001534149,-0.0014993418,-12.363738,-35.679157,1.7888807,0.0015071701
3.5454545,1.939394,0.00015330501,-0.0015264917,-12.238376,-35.007477,1.735867,0.0015341706
3.5454545,1.979798,0.00015331432,-0.0015550088,-12.13149,-34.33321,1.6831702,0.0015625485
3.5454545,2.020202,0.00015347078,-0.0015852936,-12.029299,-33.65772,1.6307333,0.0015927049
3.5454545,2.060606,0.00015383586,-0.0016176775,-11.916381,-32.983208,1.5784019,0.0016249757
3.5454545,2.10101,0.00015442446,-0.0016523264,-11.77937,-32.31038,1.5260139,0.001659527
3.5454545,2.1414142,0.0001551751,-0.0016891956,-11.60992,-31.637508,1.4735918,0.0016963081
3.5454545,2.1818182,0.0001560431,-0.0017279964,-11.406039,-30.962563,1.4214636,0.0017350276
3.5454545,2.2222223,0.00015694275,-0.0017683003,-11.171475,-30.28565,1.370026,0.0017752512
3.5454545,2.2626262,0.00015777722,-0.0018095877,-10.912888,-29.608309,1.3193933,0.001816453
3.5454545,2.3030303,0.00015845336,-0.0018513948,-10.637131,-28.931509,1.2692477,0.0018581632
3.5454545,2.3434343,0.00015891157,-0.0018932931,-10.349731,-28.254715,1.219104,0.0018999504
3.5454545,2.3838384,0.0001590848,-0.0019349474,-10.054845,-27.576656,1.1686251,0.0019414761
3.5454545,2.4242425,0.00015894137,-0.0019761436,-9.755676,-26.896389,1.1177763,0.0019825252
3.5454545,2.4646466,0.0001584515,-0.002016686,-9.454902,-26.213799,1.0667715,0.002022901
3.5454545,2.5050504,0.00015759096,-0.002056446,-9.154801,-25.529604,1.015929,0.0020624755
3.5454545,2.5454545,0.00015635602,-0.0020953454,-8.85723,-24.844818,0.96553403,0.002101171
3.5454545,2.5858586,0.00015472807,-0.002133336,-8.563569,-24.160295,0.9157894,0.0021389397
3.5454545,2.6262627,0.00015272759,-0.0021703579,-8.274697,-23.476498,0.86675787,0.0021757248
3.5454545,2.6666667,0.00015033782,-0.0022063963,-7.991068,-22.793453,0.8184169,0.002211512
3.5454545,2.7070708,0.00014757365,-0.0022414308,-7.712788,-22.110777,0.7706749,0.0022462835
3.5454545,2.7474747,0.0001444351,-0.0022754446,-7.4398212,-21.428022,0.7234144,0.0022800239
3.5454545,2.7878788,0.00014092773,-0.0023084302,-7.172021,-20.744722,0.6765292,0.002312728
3.5454545,2.8282828,0.00013704039,-0.0023403782,-6.9092875,-20.060577,0.62994325,0.0023443871
3.5454545,2.868687,0.00013279729,-0.0023712795,-6.6515765,-19.375544,0.58362603,0.002374995
3.5454545,2.909091,0.00012818165,-0.002401119,-6.3989224,-18.689764,0.5375861,0.002404538
3.5454545,2.9494948,0.00012321025,-0.002429897,-6.151442,-18.00355,0.49187243,0.0024330188
3.5454545,2.989899,0.00011789054,-0.0024576131,-5.909311,-17.317297,0.4465662,0.002460439
3.5454545,3.030303,0.000112205744,-0.0024842545,-5.6726875,-16.631372,0.40176356,0.0024867873
3.5454545,3.070707,0.000106193125,-0.0025098175,-5.4418087,-15.94615,0.3575868,0.0025120631
3.5454545,3.1111112,9.983592e-05,-0.0025343038,-5.216822,-15.261823,0.31415814,0.0025362694
3.5454545,3.1515152,9.3145296e-05,-0.0025577135,-4.997879,-14.57847,0.27160832,0.002559409
3.5454545,3.191919,8.6145476e-05,-0.0025800355,-4.7851157,-13.896081,0.230071,0.0025814732
3.5454545,3.2323232,7.884018e-05,-0.0026012678,-4.5786195,-13.214423,0.18969007,0.0026024624
3.5454545,3.2727273,7.1223825e-05,-0.0026214067,-4.3784566,-12.533235,0.15060706,0.002622374
3.5454545,3.3131313,6.332621e-05,-0.002640443,-4.1846876,-11.852122,0.11297795,0.0026412022
3.5454545,3.3535354,5.516596e-05,-0.002658382,-3.9973528,-11.17064,0.076967135,0.0026589544
3.5454545,3.3939395,4.6731904e-05,-0.0026752148,-3.8165016,-10.488362,0.04274933,0.002675623
3.5454545,3.4343433,3.805943e-05,-0.0026909318,-3.6421726,-9.804826,0.010514888,0.002691201
3.5454545,3.4747474,2.9157847e-05,-0.0027055219,-3.474432,-9.119629,-0.019540098,0.002705679
3.5454545,3.5151515,2.0051375e-05,-0.0027189814,-3.3133333,-8.432408,-0.047209006,0.0027190552
3.5454545,3.5555556,1.0751188e-05,-0.0027313083,-3.158971,-7.7429266,-0.0722702,0.0027313295
3.5454545,3.5959597,1.270324e-06,-0.0027424712,-3.0114248,-7.050982,-0.09450519,0.0027424716
3.5454545,3.6363637,-8.361414e-06,-0.0027524848,-2.8708053,-6.356518,-0.11369727,0.0027524976
3.5454545,3.6767676,-1.8108636e-05,-0.0027613137,-2.737213,-5.6595716,-0.12962432,0.002761373
3.5454545,3.7171717,-2.7982518e-05,-0.002768973,-2.610764,-4.960319,-0.14209038,0.0027691142
3.5454545,3.7575758,-3.791973e-05,-0.0027754381,-2.4915931,-4.2590837,-0.15089688,0.0027756973
3.5454545,3.7979798,-4.7929585e-05,-0.0027807,-2.3798077,-3.5563033,-0.15587755,0.0027811131
3.5454545,3.838384,-5.7963654e-05,-0.0027847588,-2.275555,-2.8525758,-0.15688589,0.002785362
3.5454545,3.878788,-6.801076e-05,-0.002787603,-2.178942,-2.148632,-0.15380725,0.0027884326
3.5454545,3.9191918,-7.8039244e-05,-0.0027892292,-2.090135,-1.4453967,-0.14655918,0.0027903207
3.5454545,3.959596,-8.8024884e-05,-0.0027896129,-2.0092773,-0.7439255,-0.13509092,0.0027910012
3.5454545,4.0,-9.7932294e-05,-0.0027887914,-1.9365052,-0.04543277,-0.11939746,0.0027905104
3.6767676,0.04040404,-7.685274e-06,-5.0241128e-05,-29.030064,-65.24374,4.741744,5.082553e-05
3.6767676,0.08080808,4.3399632e-07,-8.8913366e-05,-28.556921,-64.61969,4.678975,8.891442e-05
3.6767676,0.121212125,8.357689e-06,-0.00012728013,-28.087967,-63.994183,4.6169333,0.00012755425
3.6767676,0.16161616,1.6059726e-05,-0.00016532466,-27.623278,-63.36735,4.5555477,0.00016610285
3.6767676,0.2020202,2.3573637e-05,-0.00020305812,-27.162834,-62.739147,4.494719,0.00020442191
3.6767676,0.24242425,3.087707e-05,-0.0002404768,-26.706644,-62.109592,4.434369,0.00024245099
3.6767676,0.28282827,3.7994236e-05,-0.0002775751,-26.254719,-61.478657,4.374394,0.00028016334
3.6767676,0.32323232,4.4893473e-05,-0.00031434186,-25.807022,-60.846222,4.3147073,0.00031753146
3.6767676,0.36363637,5.1621348e-05,-0.00035078824,-25.363543,-60.21225,4.255194,0.00035456615
3.6767676,0.4040404,5.8127567e-05,-0.0003869068,-24.924276,-59.576675,4.195779,0.00039124888
3.6767676,0.44444445,6.4449385e-05,-0.00042269938,-24.489233,-58.93946,4.136356,0.00042758448
3.6767676,0.4848485,7.057935e-05,-0.00045815483,-24.0584,-58.300537,4.0768557,0.00046355938
3.6767676,0.5252525,7.6504424e-05,-0.00049327686,-23.631794,-57.65989,4.017198,0.00049917435
3.6767676,0.56565654,8.223392e-05,-0.00052805804,-23.209412,-57.01751,3.957315,0.00053442275
3.6767676,0.6060606,8.776598e-05,-0.00056250393,-22.7913,-56.373463,3.8971548,0.00056930975
3.6767676,0.64646465,9.310618e-05,-0.00059660524,-22.377476,-55.727768,3.8366835,0.0006038266
3.6767676,0.68686867,9.824149e-05,-0.00063035265,-21.967997,-55.080578,3.7758713,0.00063796225
3.6767676,0.72727275,0.00010318123,-0.0006637592,-21.562849,-54.431896,3.7147179,0.0006717311
3.6767676,0.7676768,0.000107925385,-0.00069681555,-21.16213,-53.782013,3.653223,0.000705124
3.6767676,0.8080808,0.00011245534,-0.00072952174,-20.765821,-53.130928,3.5914185,0.0007381383
3.6767676,0.8484849,0.00011678971,-0.00076186843,-20.373966,-52.478848,3.529341,0.00077076803
3.6767676,0.8888889,0.00012092106,-0.00079386495,-19.986593,-51.825943,3.4670532,0.0008030215
3.6767676,0.9292929,0.00012486242,-0.0008254908,-19.603714,-51.17233,3.404602,0.00083488063
3.6767676,0.969697,0.00012858398,-0.0008567665,-19.225319,-50.518166,3.3420854,0.0008663617
3.6767676,1.010101,0.00013211183,-0.0008876752,-18.851376,-49.863476,3.279572,0.0008974524
3.6767676,1.050505,0.00013543479,-0.0009182226,-18.481886,-49.208424,3.21716,0.00092815695
3.6767676,1.0909091,0.000138551,-0.0009483993,-18.11678,-48.55295,3.154937,0.0009584663
3.6767676,1.1313131,0.00014146976,-0.0009782091,-17.755997,-47.89703,3.0929801,0.0009883859
3.6767676,1.1717172,0.00014418922,-0.0010076519,-17.399467,-47.240585,3.0313654,0.0010179159
3.6767676,1.2121212,0.00014669634,-0.0010367241,-17.047123,-46.58352,2.9701457,0.0010470514
3.6767676,1.2525252,0.00014901161,-0.0010654312,-16.698944,-45.925713,2.9093528,0.0010758011
3.6767676,1.2929293,0.00015112571,-0.0010937657,-16.354862,-45.26699,2.848993,0.0011041568
3.6767676,1.3333334,0.00015305541,-0.0011217259,-16.014975,-44.607346,2.7890506,0.0011321197
3.6767676,1.3737373,0.00015478209,-0.0011493191,-15.679385,-43.946724,2.7294786,0.0011596947
3.6767676,1.4141414,0.00015631877,-0.0011765417,-15.348369,-43.285255,2.6701956,0.0011868806
3.6767676,1.4545455,0.00015765987,-0.0012034029,-15.022308,-42.62314,2.61114,0.0012136865
3.6767676,1.4949495,0.00015881285,-0.0012298971,-14.7018175,-41.960644,2.5522294,0.0012401083
3.6767676,1.5353535,0.00015978515,-0.0012560505,-14.387667,-41.29801,2.4934194,0.0012661731
3.6767676,1.5757576,0.00016056933,-0.0012818724,-14.0809355,-40.635452,2.4347177,0.0012918898
3.6767676,1.6161616,0.00016118214,-0.0013073832,-13.782998,-39.972916,2.3761706,0.0013172815
3.6767676,1.6565657,0.00016162544,-0.0013326239,-13.495769,-39.310284,2.317904,0.0013423894
3.6767676,1.6969697,0.00016191043,-0.0013576504,-13.221759,-38.647205,2.2600636,0.0013672708
3.6767676,1.7373737,0.00016205572,-0.0013825465,-12.964349,-37.98338,2.2027988,0.0013920118
3.6767676,1.7777778,0.00016207248,-0.0014073979,-12.727748,-37.318695,2.1461742,0.0014166991
3.6767676,1.8181819,0.00016200915,-0.0014323872,-12.516645,-36.653187,2.0901747,0.0014415199
3.6767676,1.8585858,0.00016190112,-0.0014577042,-12.335057,-35.986755,2.0346544,0.0014666675
3.6767676,1.8989899,0.00016178936,-0.0014836509,-12.184335,-35.318676,1.9794241,0.0014924462
3.6767676,1.939394,0.00016173162,-0.0015105382,-12.061208,-34.64813,1.924307,0.0015191716
3.6767676,1.979798,0.00016179681,-0.0015387833,-11.9565525,-33.97496,1.8692112,0.001547266
3.6767676,2.020202,0.00016205758,-0.0015687738,-11.856512,-33.300686,1.8141191,0.0015771219
3.6767676,2.060606,0.00016255677,-0.0016008336,-11.745574,-32.627697,1.7589633,0.0016090658
3.6767676,2.10101,0.00016328506,-0.0016351305,-11.610267,-31.956657,1.7036792,0.0016432632
3.6767676,2.1414142,0.00016422756,-0.0016716123,-11.442132,-31.285707,1.6483351,0.0016796602
3.6767676,2.1818182,0.00016529858,-0.0017100032,-11.2391615,-30.612654,1.593267,0.0017179741
3.6767676,2.2222223,0.00016642362,-0.0017498657,-11.005079,-29.937424,1.538905,0.0017577618
3.6767676,2.2626262,0.00016747043,-0.0017907098,-10.746708,-29.261665,1.4854258,0.0017985238
3.6767676,2.3030303,0.00016835518,-0.00183204,-10.471051,-28.586536,1.4326079,0.0018397593
3.6767676,2.3434343,0.00016901828,-0.0018734578,-10.183788,-27.911663,1.3800135,0.0018810666
3.6767676,2.3838384,0.00016937219,-0.0019146465,-9.889146,-27.235802,1.3272891,0.0019221234
3.6767676,2.4242425,0.00016937405,-0.0019553546,-9.590378,-26.558012,1.2743586,0.0019626766
3.6767676,2.4646466,0.00016899593,-0.0019954164,-9.290125,-25.878061,1.2213713,0.0020025598
3.6767676,2.5050504,0.00016822666,-0.0020347014,-8.9906435,-25.196533,1.1686004,0.002041644
3.6767676,2.5454545,0.00016705692,-0.0020731222,-8.69377,-24.514362,1.1163275,0.0020798421
3.6767676,2.5858586,0.00016545132,-0.0021106284,-8.400875,-23.832392,1.0647525,0.0021171032
3.6767676,2.6262627,0.00016343966,-0.0021471847,-8.112862,-23.151138,1.0139662,0.002153396
3.6767676,2.6666667,0.00016101263,-0.0021827538,-7.830211,-22.47067,0.9639728,0.0021886844
3.6767676,2.7070708,0.0001581721,-0.002217332,-7.5530744,-21.790766,0.9147176,0.0022229662
3.6767676,2.7474747,0.00015491992,-0.00225088,-7.281441,-21.111053,0.8660997,0.002256205
3.6767676,2.7878788,0.00015126541,-0.0022834223,-7.015207,-20.431189,0.81803024,0.002288427
3.6767676,2.8282828,0.00014720485,-0.0023149122,-6.7542896,-19.751001,0.7704389,0.0023195879
3.6767676,2.868687,0.00014274009,-0.002345372,-6.4986415,-19.07044,0.72329074,0.0023497117
3.6767676,2.909091,0.00013788976,-0.0023747813,-6.2483053,-18.389723,0.6765845,0.002378781
3.6767676,2.9494948,0.00013263151,-0.0024031252,-6.0033593,-17.709162,0.63035196,0.0024067825
3.6767676,2.989899,0.00012699887,-0.0024304148,-5.7639656,-17.029129,0.58464026,0.0024337305
3.6767676,3.030303,0.000120980665,-0.0024566464,-5.5302677,-16.349983,0.53953004,0.0024596236
3.6767676,3.070707,0.00011458248,-0.00248182,-5.302444,-15.672037,0.49510178,0.0024844636
3.6767676,3.1111112,0.00010782294,-0.0025059152,-5.080631,-14.9954605,0.45145082,0.0025082338
3.6767676,3.1515152,0.000100692734,-0.002528945,-4.86497,-14.320314,0.40866718,0.0025309487
3.6767676,3.191919,9.321794e-05,-0.0025509,-4.655567,-13.646506,0.36685434,0.0025526027
3.6767676,3.2323232,8.539669e-05,-0.002571782,-4.4525204,-12.973841,0.32611406,0.0025731996
3.6767676,3.2727273,7.7236444e-05,-0.0025915764,-4.2559114,-12.302012,0.2865604,0.002592727
3.6767676,3.3131313,6.8752095e-05,-0.002610309,-4.065803,-11.630622,0.24832171,0.0026112143
3.6767676,3.3535354,5.9971586e-05,-0.0026279371,-3.8822932,-10.959257,0.21152225,0.0026286214
3.6767676,3.3939395,5.0874427e-05,-0.0026444849,-3.705461,-10.287464,0.1763166,0.0026449743
3.6767676,3.4343433,4.1499734e-05,-0.0026599225,-3.5354235,-9.614834,0.14285919,0.002660246
3.6767676,3.4747474,3.1840056e-05,-0.0026742555,-3.3723016,-8.940965,0.111329034,0.002674445
3.6767676,3.5151515,2.1938235e-05,-0.0026874747,-3.2162478,-8.26555,0.08191523,0.0026875641
3.6767676,3.5555556,1.1783093e-05,-0.0026995782,-3.0674298,-7.5883226,0.054808572,0.0026996038
3.6767676,3.5959597,1.4267862e-06,-0.0027105454,-2.9260488,-6.909157,0.030220304,0.0027105457
3.6767676,3.6363637,-9.149313e-06,-0.0027203653,-2.7923136,-6.2279835,0.008350562,0.0027203807
3.6767676,3.6767676,-1.9907951e-05,-0.0027290415,-2.666442,-5.5448885,-0.010593795,0.0027291141
3.6767676,3.7171717,-3.0806288e-05,-0.0027365517,-2.5486784,-4.860039,-0.026416875,0.0027367251
3.6767676,3.7575758,-4.1846186e-05,-0.0027428921,-2.4392562,-4.1737537,-0.038931075,0.0027432113
3.6767676,3.7979798,-5.3005293e-05,-0.0027480498,-2.3384392,-3.4864836,-0.047972295,0.0027485609
3.6767676,3.838384,-6.424077e-05,-0.0027520154,-2.2464662,-2.7988024,-0.053393885,0.002752765
3.6767676,3.878788,-7.553026e-05,-0.0027547926,-2.1635907,-2.1114304,-0.055071834,0.0027558277
3.6767676,3.9191918,-8.685328e-05,-0.0027563684,-2.0900617,-1.4252514,-0.05291793,0.0027577365
3.6767676,3.959596,-9.817816e-05,-0.0027567446,-2.0261343,-0.7412787,-0.046877317,0.0027584922
3.6767676,4.0,-0.00010947324,-0.0027559064,-1.9720522,-0.060703024,-0.036914404,0.00275808
3.8080807,0.04040404,-1.020357e-05,-4.4245273e-05,-28.82397,-64.825005,5.082316,4.5406578e-05
3.8080807,0.08080808,-1.5981495e-06,-8.2673505e-05,-28.35037,-64.201706,5.014005,8.268895e-05
3.8080807,0.121212125,6.7949295e-06,-0.000120790675,-27.881098,-63.577255,4.946528,0.00012098165
3.8080807,0.16161616,1.4973804e-05,-0.00015859306,-27.4161,-62.95151,4.8797812,0.00015929838
3.8080807,0.2020202,2.2936612e-05,-0.00019609183,-26.955406,-62.324444,4.813684,0.00019742872
3.8080807,0.24242425,3.0698255e-05,-0.00023326464,-26.499063,-61.69611,4.7481556,0.00023527596
3.8080807,0.28282827,3.8245693e-05,-0.00027012266,-26.046995,-61.066273,4.6830845,0.00027281675
3.8080807,0.32323232,4.5571476e-05,-0.00030665658,-25.599188,-60.434834,4.6183887,0.00031002422
3.8080807,0.36363637,5.2709132e-05,-0.00034287572,-25.155624,-59.801685,4.5539565,0.00034690346
3.8080807,0.4040404,5.962141e-05,-0.00037875958,-24.71631,-59.166798,4.489704,0.00038342344
3.8080807,0.44444445,6.6323206e-05,-0.00041430816,-24.281233,-58.530006,4.425529,0.00041958314
3.8080807,0.4848485,7.283129e-05,-0.00044952706,-23.850384,-57.891308,4.3613644,0.00045538883
3.8080807,0.5252525,7.91233e-05,-0.00048442,-23.423786,-57.250694,4.297126,0.0004908393
3.8080807,0.56565654,8.521043e-05,-0.0005189702,-23.001442,-56.60812,4.2327585,0.0005259191
3.8080807,0.6060606,9.107962e-05,-0.00055317394,-22.583399,-55.963726,4.168224,0.0005606219
3.8080807,0.64646465,9.67402e-05,-0.0005870424,-22.169676,-55.317524,4.103478,0.00059496006
3.8080807,0.68686867,0.000102199614,-0.00062055886,-21.760305,-54.66965,4.0385137,0.0006289182
3.8080807,0.72727275,0.00010744482,-0.00065371953,-21.355341,-54.02026,3.9733303,0.00066249043
3.8080807,0.7676768,0.00011246465,-0.0006865449,-20.954796,-53.369514,3.9079437,0.00069569546
3.8080807,0.8080808,0.0001172889,-0.0007190015,-20.558702,-52.717575,3.8423939,0.0007285052
3.8080807,0.8484849,0.00012188777,-0.0007511154,-20.167124,-52.064682,3.7767215,0.00076094083
3.8080807,0.8888889,0.00012627058,-0.00078286976,-19.780062,-51.411003,3.71099,0.0007929876
3.8080807,0.9292929,0.00013044849,-0.0008142572,-19.397528,-50.756687,3.6452734,0.0008246403
3.8080807,0.969697,0.0001344122,-0.0008452907,-19.019512,-50.101948,3.5796552,0.00085591065
3.8080807,1.010101,0.00013815425,-0.00087595545,-18.646013,-49.446865,3.5142226,0.00088678324
3.8080807,1.050505,0.00014170073,-0.00090625323,-18.276999,-48.791553,3.449061,0.00091726443
3.8080807,1.0909091,0.00014502183,-0.0009362027,-17.912428,-48.136044,3.3842514,0.0009473684
3.8080807,1.1313131,0.0001481194,-0.00096575916,-17.552216,-47.480278,3.3198738,0.0009770517
3.8080807,1.1717172,0.00015101582,-0.0009949729,-17.196312,-46.82418,3.255991,0.0010063681
3.8080807,1.2121212,0.0001537092,-0.001023801,-16.844646,-46.167645,3.1926453,0.0010352754
3.8080807,1.2525252,0.00015616976,-0.0010522641,-16.497166,-45.510517,3.1298602,0.0010637898
3.8080807,1.2929293,0.0001584366,-0.001080351,-16.15385,-44.852665,3.0676208,0.0010919068
3.8080807,1.3333334,0.000160506,-0.0011080783,-15.814734,-44.193943,3.0059037,0.0011196426
3.8080807,1.3737373,0.00016236119,-0.0011354219,-15.479956,-43.534317,2.944635,0.0011469717
3.8080807,1.4141414,0.00016400218,-0.0011624023,-15.149771,-42.87386,2.8837354,0.0011739148
3.8080807,1.4545455,0.00016546436,-0.0011890177,-14.824547,-42.212666,2.8231082,0.0012004755
3.8080807,1.4949495,0.00016671419,-0.001215281,-14.504891,-41.55103,2.762677,0.0012266628
3.8080807,1.5353535,0.00016776845,-0.0012411922,-14.19161,-40.889137,2.702375,0.0012524793
3.8080807,1.5757576,0.00016863458,-0.0012667757,-13.885735,-40.227142,2.6421971,0.0012779507
3.8080807,1.6161616,0.00016931444,-0.0012920443,-13.588755,-39.565125,2.5821822,0.0013030908
3.8080807,1.6565657,0.0001698155,-0.001317041,-13.302516,-38.902885,2.5224712,0.0013279436
3.8080807,1.6969697,0.00017014332,-0.0013418235,-13.029661,-38.240223,2.463182,0.0013525676
3.8080807,1.7373737,0.0001703389,-0.0013664756,-12.77354,-37.576828,2.4044716,0.0013770516
3.8080807,1.7777778,0.00017039105,-0.0013910793,-12.53845,-36.91274,2.3464108,0.0014014759
3.8080807,1.8181819,0.00017036684,-0.0014158022,-12.32903,-36.247917,2.2889404,0.0014260157
3.8080807,1.8585858,0.0001702737,-0.0014408585,-12.149226,-35.582165,2.2318757,0.0014508846
3.8080807,1.8989899,0.00017020479,-0.0014665145,-12.00038,-34.91485,2.1749332,0.0014763585
3.8080807,1.939394,0.00017019548,-0.0014931168,-11.879107,-34.245052,2.117844,0.0015027856
3.8080807,1.979798,0.00017033704,-0.0015210509,-11.7761965,-33.572685,2.0604894,0.0015305589
3.8080807,2.020202,0.00017069839,-0.0015507005,-11.677762,-32.899364,2.002852,0.0015600673
3.8080807,2.060606,0.00017130747,-0.0015823841,-11.568247,-32.227547,1.9449872,0.0015916298
3.8080807,2.10101,0.0001722034,-0.0016162768,-11.434147,-31.557873,1.8869313,0.0016254245
3.8080807,2.1414142,0.00017332472,-0.0016523246,-11.266951,-30.888327,1.8288058,0.0016613904
3.8080807,2.1818182,0.00017460622,-0.0016902313,-11.064628,-30.216536,1.7709366,0.0016992261
3.8080807,2.2222223,0.0001759436,-0.0017295964,-10.830933,-29.542347,1.7137806,0.0017385224
3.8080807,2.2626262,0.00017721578,-0.0017699115,-10.572817,-28.867554,1.6575867,0.0017787614
3.8080807,2.3030303,0.00017833337,-0.0018107034,-10.297449,-28.193533,1.6022291,0.0018194641
3.8080807,2.3434343,0.00017918274,-0.0018515773,-10.010641,-27.520098,1.5473181,0.0018602271
3.8080807,2.3838384,0.00017971732,-0.0018922016,-9.716669,-26.846052,1.4925123,0.001900717
3.8080807,2.4242425,0.00017989054,-0.0019323379,-9.418773,-26.170359,1.4376781,0.0019406932
3.8080807,2.4646466,0.00017962232,-0.0019718446,-9.119568,-25.492699,1.3829094,0.001980009
3.8080807,2.5050504,0.00017895177,-0.0020105597,-8.821264,-24.81353,1.3284509,0.0020185078
3.8080807,2.5454545,0.0001778435,-0.0020484142,-8.525658,-24.133663,1.2745497,0.0020561197
3.8080807,2.5858586,0.00017626584,-0.002085369,-8.234111,-23.453924,1.2214276,0.0020928052
3.8080807,2.6262627,0.00017424114,-0.002121359,-7.9475417,-22.774864,1.1692046,0.0021285028
3.8080807,2.6666667,0.00017176941,-0.002156375,-7.666452,-22.096603,1.1179233,0.0021632055
3.8080807,2.7070708,0.00016885065,-0.0021903776,-7.391042,-21.41902,1.067552,0.002196876
3.8080807,2.7474747,0.00016548857,-0.0022233874,-7.121331,-20.741875,1.018038,0.0022295376
3.8080807,2.7878788,0.00016167574,-0.0022553727,-6.8572435,-20.064878,0.96930534,0.0022611602
3.8080807,2.8282828,0.00015743263,-0.0022863112,-6.5987186,-19.387941,0.9213074,0.002291725
3.8080807,2.868687,0.00015275553,-0.0023162328,-6.3457155,-18.71109,0.8740063,0.0023212645
3.8080807,2.909091,0.00014764816,-0.0023451038,-6.0982594,-18.034536,0.82740635,0.002349747
3.8080807,2.9494948,0.00014212169,-0.002372915,-5.8564196,-17.358578,0.7815237,0.002377167
3.8080807,2.989899,0.00013616309,-0.0023996849,-5.6203036,-16.68356,0.7364024,0.002403545
3.8080807,3.030303,0.00012980402,-0.0024254061,-5.390048,-16.009846,0.69209033,0.0024288772
3.8080807,3.070707,0.00012302771,-0.0024500508,-5.1657705,-15.337667,0.6486581,0.0024531377
3.8080807,3.1111112,0.00011584908,-0.0024736486,-4.94759,-14.6671915,0.6061628,0.00247636
3.8080807,3.1515152,0.000108284876,-0.0024961866,-4.7356057,-13.998451,0.56468123,0.0024985343
3.8080807,3.191919,0.000100335106,-0.00251765,-4.5299115,-13.331343,0.5242783,0.0025196485
3.8080807,3.2323232,9.199977e-05,-0.0025380645,-4.3305874,-12.665673,0.48503917,0.0025397313
3.8080807,3.2727273,8.3299354e-05,-0.002557397,-4.13773,-12.001174,0.44704804,0.0025587531
3.8080807,3.3131313,7.4230134e-05,-0.0025756694,-3.9514225,-11.337483,0.41039807,0.0025767388
3.8080807,3.3535354,6.4829364e-05,-0.002592858,-3.771756,-10.674222,0.37520027,0.0025936682
3.8080807,3.3939395,5.5063516e-05,-0.002608966,-3.5988853,-10.011041,0.34157756,0.002609547
3.8080807,3.4343433,4.4973567e-05,-0.0026239902,-3.4329598,-9.347573,0.30966753,0.0026243755
3.8080807,3.4747474,3.4580007e-05,-0.002637921,-3.2741647,-8.683516,0.2796154,0.0026381477
3.8080807,3.5151515,2.3873523e-05,-0.0026507564,-3.1227365,-8.018643,0.25159153,0.002650864
3.8080807,3.5555556,1.2874603e-05,-0.002662478,-2.9789462,-7.3528056,0.22577572,0.002662509
3.8080807,3.5959597,1.6205013e-06,-0.0026730914,-2.8430607,-6.6859255,0.2023348,0.0026730918
3.8080807,3.6363637,-9.903684e-06,-0.0026825778,-2.715422,-6.018055,0.18146734,0.002682596
3.8080807,3.6767676,-2.1642074e-05,-0.0026909448,-2.5963483,-5.349316,0.1633466,0.002691032
3.8080807,3.7171717,-3.3598393e-05,-0.0026981588,-2.4862108,-4.6799684,0.14814901,0.002698368
3.8080807,3.7575758,-4.5759603e-05,-0.0027042273,-2.3853927,-4.0103803,0.13604003,0.0027046145
3.8080807,3.7979798,-5.8081e-05,-0.002709141,-2.294238,-3.341015,0.12716182,0.0027097636
3.8080807,3.838384,-7.052533e-05,-0.0027129017,-2.2131455,-2.672471,0.12163454,0.0027138183
3.8080807,3.878788,-8.310191e-05,-0.0027154777,-2.1424851,-2.0054598,0.119557865,0.002716749
3.8080807,3.9191918,-9.5764175e-05,-0.0027168877,-2.0826411,-1.3408484,0.12099761,0.002718575
3.8080807,3.959596,-0.000108474866,-0.0027171206,-2.0339699,-0.67959595,0.12599072,0.002719285
3.8080807,4.0,-0.00012120418,-0.0027161837,-1.9968567,-0.022842433,0.13454118,0.0027188866
3.939394,0.04040404,-1.26529485e-05,-3.753975e-05,-28.596209,-64.39875,5.4217763,3.961477e-05
3.939394,0.08080808,-3.5446137e-06,-7.5723976e-05,-28.12249,-63.775314,5.3477974,7.580689e-05
3.939394,0.121212125,5.3308904e-06,-0.000113608316,-27.653202,-63.150875,5.2747226,0.00011373332
3.939394,0.16161616,1.3982877e-05,-0.00015117787,-27.188328,-62.52531,5.202482,0.00015182314
3.939394,0.2020202,2.2409484e-05,-0.00018842891,-26.727879,-61.89856,5.1309915,0.0001897568
3.939394,0.24242425,3.062375e-05,-0.00022535957,-26.271818,-61.27042,5.0601535,0.00022743076
3.939394,0.28282827,3.859587e-05,-0.00026197918,-25.82013,-60.640793,4.989875,0.00026480696
3.939394,0.32323232,4.635565e-05,-0.00029827282,-25.372757,-60.009445,4.920054,0.00030185346
3.939394,0.36363637,5.3886324e-05,-0.00033423863,-24.929691,-59.376286,4.850598,0.00033855456
3.939394,0.4040404,6.1202794e-05,-0.00036987662,-24.490929,-58.741188,4.781411,0.000374906
3.939394,0.44444445,6.8301335e-05,-0.0004051961,-24.056414,-58.10403,4.7124,0.00041091233
3.939394,0.4848485,7.517636e-05,-0.00044017658,-23.626173,-57.46478,4.6434956,0.00044655
3.939394,0.5252525,8.1814826e-05,-0.00047481433,-23.200207,-56.82341,4.5746217,0.0004818115
3.939394,0.56565654,8.8257715e-05,-0.0005091168,-22.778536,-56.179947,4.5057335,0.0005167101
3.939394,0.6060606,9.4475225e-05,-0.00054308027,-22.361162,-55.534416,4.436785,0.00055123656
3.939394,0.64646465,0.0001004599,-0.0005766954,-21.948137,-54.88701,4.3677654,0.00058538007
3.939394,0.68686867,0.00010622665,-0.00060996786,-21.539467,-54.237755,4.2986536,0.0006191485
3.939394,0.72727275,0.000111762434,-0.0006428901,-21.135223,-53.586933,4.22947,0.0006525324
3.939394,0.7676768,0.0001170896,-0.00067545474,-20.73539,-52.934658,4.160238,0.0006855283
3.939394,0.8080808,0.00012218952,-0.00070767105,-20.340052,-52.281185,4.0910053,0.00071814243
3.939394,0.8484849,0.00012705848,-0.0007395204,-19.94924,-51.6268,4.021816,0.0007503561
3.939394,0.8888889,0.0001316946,-0.00077102333,-19.562931,-50.971607,3.9527519,0.00078218954
3.939394,0.9292929,0.00013612397,-0.0008021556,-19.181189,-50.31592,3.8838847,0.0008136236
3.939394,0.969697,0.00014029816,-0.0008329302,-18.803991,-49.659866,3.8152957,0.0008446634
3.939394,1.010101,0.0001442805,-0.0008633435,-18.43135,-49.003677,3.7470825,0.0008753164
3.939394,1.050505,0.00014801882,-0.0008933805,-18.063196,-48.34734,3.6793122,0.00090555963
3.939394,1.0909091,0.00015154108,-0.0009230636,-17.699514,-47.69095,3.6120872,0.0009354203
3.939394,1.1313131,0.00015483983,-0.00095237605,-17.340258,-47.034508,3.5454547,0.0009648811
3.939394,1.1717172,0.00015790574,-0.0009813104,-16.985344,-46.37791,3.479484,0.0009939338
3.939394,1.2121212,0.00016076118,-0.0010098871,-16.634714,-45.72104,3.4141974,0.0010226025
3.939394,1.2525252,0.00016338564,-0.0010380838,-16.288303,-45.063694,3.3496068,0.001050863
3.939394,1.2929293,0.00016580522,-0.0010659099,-15.946116,-44.405758,3.2856812,0.0010787286
3.939394,1.3333334,0.000168005,-0.0010933653,-15.608177,-43.747047,3.2223735,0.0011061977
3.939394,1.3737373,0.00016997755,-0.0011204518,-15.274583,-43.087467,3.1596103,0.0011332717
3.939394,1.4141414,0.00017175265,-0.0011471752,-14.945606,-42.42702,3.0972784,0.0011599612
3.939394,1.4545455,0.00017330423,-0.0011735242,-14.621626,-41.76584,3.0352821,0.0011862519
3.939394,1.4949495,0.00017465279,-0.0011995174,-14.303219,-41.104065,2.973515,0.0012121657
3.939394,1.5353535,0.000175789,-0.0012251567,-13.991164,-40.44191,2.9119143,0.0012377038
3.939394,1.5757576,0.00017672591,-0.0012504738,-13.686545,-39.779526,2.850454,0.0012629002
3.939394,1.6161616,0.00017747097,-0.0012754817,-13.390801,-39.116978,2.7891827,0.0012877692
3.939394,1.6565657,0.00017803349,-0.0013002064,-13.10587,-38.454174,2.7282128,0.0013123386
3.939394,1.6969697,0.0001784116,-0.001324717,-12.8343315,-37.790897,2.6676762,0.0013366771
3.939394,1.7373737,0.0001786314,-0.0013490785,-12.579651,-37.127056,2.6077278,0.0013608534
3.939394,1.7777778,0.00017871708,-0.0013734009,-12.346065,-36.462627,2.548422,0.00138498
3.939394,1.8181819,0.00017871708,-0.0013978332,-12.138186,-35.79761,2.4896731,0.0014092117
3.939394,1.8585858,0.0001786761,-0.0014225934,-11.959945,-35.1319,2.4312534,0.0014337702
3.939394,1.8989899,0.00017862394,-0.0014479384,-11.81259,-34.464798,2.3727858,0.0014589147
3.939394,1.939394,0.0001786761,-0.0014741998,-11.692633,-33.795376,2.3139236,0.0014849883
3.939394,1.979798,0.00017888471,-0.0015017763,-11.5908575,-33.123524,2.2544732,0.0015123927
3.939394,2.020202,0.00017933175,-0.0015310384,-11.493323,-32.45088,2.1944668,0.0015415053
3.939394,2.060606,0.00018006004,-0.0015622955,-11.38454,-31.779882,2.1340673,0.0015726376
3.939394,2.10101,0.00018110499,-0.0015957225,-11.2510195,-31.111118,2.0734248,0.0016059668
3.939394,2.1414142,0.00018242374,-0.0016312599,-11.084273,-30.442398,2.0126963,0.0016414284
3.939394,2.1818182,0.00018390454,-0.0016686358,-10.882266,-29.771194,1.9522114,0.0016787394
3.939394,2.2222223,0.00018546917,-0.0017074253,-10.648809,-29.097357,1.8924308,0.0017174692
3.939394,2.2626262,0.0001869686,-0.0017471425,-10.390987,-28.422876,1.8336715,0.0017571182
3.939394,2.3030303,0.00018828921,-0.0017873105,-10.116108,-27.74934,1.775908,0.001797201
3.939394,2.3434343,0.00018933974,-0.0018275362,-9.830083,-27.076784,1.718823,0.0018373181
3.939394,2.3838384,0.00019005872,-0.001867529,-9.537197,-26.40402,1.6620858,0.0018771753
3.939394,2.4242425,0.00019036606,-0.0019070115,-9.24069,-25.72996,1.6055181,0.0019164896
3.939394,2.4646466,0.00019024871,-0.0019458532,-8.943102,-25.05413,1.5491673,0.0019551315
3.939394,2.5050504,0.0001896508,-0.0019839127,-8.646584,-24.376846,1.4932286,0.0019929567
3.939394,2.5454545,0.00018858723,-0.0020211153,-8.35289,-23.698826,1.4379468,0.0020298946
3.939394,2.5858586,0.0001870431,-0.0020573977,-8.063355,-23.020813,1.3835473,0.0020658826
3.939394,2.6262627,0.00018500723,-0.0020927321,-7.778896,-22.343357,1.3301849,0.0021008938
3.939394,2.6666667,0.0001824759,-0.002127083,-7.500062,-21.666685,1.2779391,0.0021348957
3.939394,2.7070708,0.00017947331,-0.0021604449,-7.22709,-20.990715,1.2268279,0.0021678866
3.939394,2.7474747,0.00017599016,-0.0021927916,-6.9600296,-20.315302,1.1768205,0.0021998426
3.939394,2.7878788,0.00017202273,-0.0022241157,-6.698842,-19.640247,1.1278889,0.002230758
3.939394,2.8282828,0.00016758218,-0.0022544134,-6.443492,-18.965492,1.0799977,0.0022606335
3.939394,2.868687,0.00016267598,-0.00228367,-6.1939383,-18.291098,1.033136,0.0022894568
3.939394,2.909091,0.00015730411,-0.0023118835,-5.9501853,-17.61724,0.9873065,0.0023172288
3.939394,2.9494948,0.0001514852,-0.0023390558,-5.712302,-16.944235,0.9425299,0.002343956
3.939394,2.989899,0.00014521368,-0.0023651756,-5.4803505,-16.27238,0.89884853,0.0023696292
3.939394,3.030303,0.00013848953,-0.0023902487,-5.2544236,-15.601967,0.8562974,0.0023942573
3.939394,3.070707,0.00013133138,-0.0024142507,-5.034602,-14.933208,0.8149363,0.0024178203
3.939394,3.1111112,0.0001237411,-0.0024372116,-4.8209763,-14.2662525,0.77480507,0.0024403508
3.939394,3.1515152,0.00011571683,-0.0024591163,-4.6136117,-13.601122,0.73596525,0.0024618374
3.939394,3.191919,0.00010727532,-0.0024799593,-4.412575,-12.937714,0.6984724,0.0024822783
3.939394,3.2323232,9.842776e-05,-0.0024997294,-4.2179275,-12.275863,0.66238153,0.0025016663
3.939394,3.2727273,8.916855e-05,-0.0025184453,-4.029751,-11.615345,0.6277627,0.0025200234
3.939394,3.3131313,7.950887e-05,-0.00253609,-3.8481414,-10.95589,0.59470063,0.002537336
3.939394,3.3535354,6.946549e-05,-0.0025526602,-3.673211,-10.297203,0.56328356,0.0025536052
3.939394,3.3939395,5.9032813e-05,-0.0025681574,-3.5051405,-9.639047,0.5336233,0.0025688356
3.939394,3.4343433,4.823506e-05,-0.0025825761,-3.3441274,-8.981214,0.5058398,0.0025830264
3.939394,3.4747474,3.708154e-05,-0.0025959164,-3.1904058,-8.323518,0.4800706,0.0025961811
3.939394,3.5151515,2.5570393e-05,-0.0026081447,-3.044295,-7.6659083,0.45646822,0.0026082702
3.939394,3.5555556,1.3722107e-05,-0.0026192926,-2.9061198,-7.0083847,0.4351953,0.0026193284
3.939394,3.5959597,1.5664846e-06,-0.0026293378,-2.7762535,-6.351041,0.4164222,0.0026293383
3.939394,3.6363637,-1.0909513e-05,-0.002638271,-2.655127,-5.694079,0.40031344,0.0026382937
3.939394,3.6767676,-2.3659319e-05,-0.0026460849,-2.5431876,-5.03782,0.38704023,0.0026461906
3.939394,3.7171717,-3.6682934e-05,-0.0026527848,-2.4408984,-4.382624,0.37674776,0.0026530384
3.939394,3.7575758,-4.9952418e-05,-0.0026583485,-2.3487513,-3.728991,0.36958888,0.002658818
3.939394,3.7979798,-6.3441694e-05,-0.0026627965,-2.2672513,-3.0775166,0.36567172,0.0026635523
3.939394,3.838384,-7.7134e-05,-0.0026661027,-2.1968899,-2.4288824,0.36510172,0.0026672182
3.939394,3.878788,-9.0990216e-05,-0.0026682615,-2.1381774,-1.7838576,0.3679349,0.0026698124
3.939394,3.9191918,-0.00010499917,-0.0026692878,-2.0916212,-1.143344,0.37420496,0.0026713521
3.939394,3.959596,-0.000119121745,-0.0026691705,-2.0576844,-0.50828046,0.38390192,0.0026718273
3.939394,4.0,-0.00013334304,-0.0026679095,-2.0368712,0.12022524,0.39699528,0.0026712397
4.070707,0.04040404,-1.4960766e-05,-3.0154362e-05,-28.346628,-63.96614,5.75735,3.36617e-05
4.070707,0.08080808,-5.35883e-06,-6.810017e-05,-27.873116,-63.341423,5.677515,6.8310685e-05
4.070707,0.121212125,4.010275e-06,-0.00010574795,-27.4042,-62.715904,5.598675,0.000105823965
4.070707,0.16161616,1.3120472e-05,-0.00014306977,-26.939877,-62.089436,5.520771,0.00014367013
4.070707,0.2020202,2.2001565e-05,-0.00018007495,-26.480106,-61.461815,5.44371,0.00018141404
4.070707,0.24242425,3.0655414e-05,-0.0002167616,-26.024853,-60.83285,5.3674083,0.00021891859
4.070707,0.28282827,3.905967e-05,-0.00025312975,-25.574059,-60.202312,5.2917733,0.0002561256
4.070707,0.32323232,4.724972e-05,-0.00028919056,-25.127691,-59.57002,5.216699,0.0002930251
4.070707,0.36363637,5.518645e-05,-0.00032490678,-24.685726,-58.93582,5.1420918,0.00032956025
4.070707,0.4040404,6.2899664e-05,-0.00036030822,-24.2481,-58.29954,5.067872,0.00036575727
4.070707,0.44444445,7.037632e-05,-0.0003953632,-23.814817,-57.66109,4.9939423,0.000401578
4.070707,0.4848485,7.762574e-05,-0.0004300978,-23.385836,-57.020386,4.9202356,0.00043704675
4.070707,0.5252525,8.4646046e-05,-0.00046448782,-22.961155,-56.3774,4.8466873,0.0004721376
4.070707,0.56565654,9.14149e-05,-0.0004985314,-22.540792,-55.732174,4.7732606,0.00050684344
4.070707,0.6060606,9.7967684e-05,-0.00053224154,-22.124762,-55.084797,4.6999135,0.0005411827
4.070707,0.64646465,0.00010426715,-0.00056559965,-21.713085,-54.43542,4.626636,0.0005751301
4.070707,0.68686867,0.000110346824,-0.00059861504,-21.30574,-53.78409,4.5534296,0.00060870056
4.070707,0.72727275,0.00011619367,-0.0006312728,-20.902828,-53.131104,4.4803133,0.0006418772
4.070707,0.7676768,0.00012180023,-0.00066357665,-20.50435,-52.476677,4.407331,0.00067466235
4.070707,0.8080808,0.00012715533,-0.00069552474,-20.110329,-51.821014,4.3345094,0.0007070524
4.070707,0.8484849,0.00013228692,-0.0007271152,-19.72082,-51.16442,4.261935,0.00073905097
4.070707,0.8888889,0.00013718195,-0.00075834244,-19.335814,-50.507088,4.189669,0.00077065045
4.070707,0.9292929,0.0001418516,-0.0007892046,-18.955357,-49.849274,4.1177926,0.0008018515
4.070707,0.969697,0.00014626235,-0.0008197054,-18.579453,-49.191223,4.0463886,0.0008326522
4.070707,1.010101,0.0001504384,-0.000849843,-18.208107,-48.533077,3.975554,0.0008630555
4.070707,1.050505,0.00015439093,-0.00087960996,-17.84126,-47.87492,3.9053535,0.0008930567
4.070707,1.0909091,0.00015810132,-0.0009090081,-17.478918,-47.216866,3.835879,0.00092265476
4.070707,1.1313131,0.00016159378,-0.0009380374,-17.12101,-46.558853,3.7671685,0.0009518544
4.070707,1.1717172,0.00016483292,-0.00096669607,-16.767483,-45.90081,3.6992865,0.0009806483
4.070707,1.2121212,0.00016784295,-0.0009949896,-16.41826,-45.2426,3.6322358,0.0010090469
4.070707,1.2525252,0.00017063133,-0.001022907,-16.073343,-44.584076,3.5660117,0.0010370408
4.070707,1.2929293,0.00017318875,-0.0010504499,-15.732652,-43.925003,3.500574,0.001064631
4.070707,1.3333334,0.00017552078,-0.0010776166,-15.396275,-43.26524,3.4358504,0.0010918173
4.070707,1.3737373,0.00017761439,-0.0011044126,-15.064293,-42.60464,3.3717535,0.0011186036
4.070707,1.4141414,0.00017950125,-0.0011308435,-14.73695,-41.94318,3.3081596,0.0011450012
4.070707,1.4545455,0.00018115714,-0.0011569019,-14.41461,-41.280907,3.2449515,0.0011709995
4.070707,1.4949495,0.0001825951,-0.001182599,-14.097842,-40.617947,3.1820183,0.0011966124
4.070707,1.5353535,0.00018382818,-0.0012079496,-13.787402,-39.954468,3.1192868,0.0012218573
4.070707,1.5757576,0.000184834,-0.0012329705,-13.484381,-39.29065,3.0567148,0.0012467477
4.070707,1.6161616,0.00018563494,-0.0012576655,-13.190223,-38.626583,2.9943497,0.0012712918
4.070707,1.6565657,0.00018622912,-0.0012820978,-12.906829,-37.962147,2.9322996,0.0012955524
4.070707,1.6969697,0.00018664636,-0.0013062935,-12.636827,-37.297306,2.8707013,0.0013195605
4.070707,1.7373737,0.00018690713,-0.0013303515,-12.383631,-36.63198,2.8096957,0.001343417
4.070707,1.7777778,0.00018703379,-0.0013543516,-12.151472,-35.966263,2.749333,0.0013672052
4.070707,1.8181819,0.000187058,-0.001378458,-11.944947,-35.300236,2.6895113,0.0013910921
4.070707,1.8585858,0.00018703938,-0.0014028773,-11.767892,-34.633842,2.6299365,0.0014152909
4.070707,1.8989899,0.00018702261,-0.0014278647,-11.621495,-33.966385,2.5701513,0.0014400607
4.070707,1.939394,0.00018711388,-0.0014537554,-11.502181,-33.296837,2.5097156,0.0014657478
4.070707,1.979798,0.00018737465,-0.0014809184,-11.400725,-32.625137,2.4483898,0.0014927251
4.070707,2.020202,0.00018789619,-0.001509741,-11.303251,-31.952803,2.3862329,0.0015213884
4.070707,2.060606,0.00018876046,-0.0015405342,-11.194368,-31.28222,2.3235285,0.0015520555
4.070707,2.10101,0.00018994138,-0.001573436,-11.060695,-30.613825,2.260527,0.0015848592
4.070707,2.1414142,0.00019142218,-0.0016084034,-10.893813,-29.945286,2.1974256,0.0016197542
4.070707,2.1818182,0.0001931265,-0.0016451702,-10.691734,-29.273941,2.1345365,0.001656467
4.070707,2.2222223,0.0001949016,-0.0016833134,-10.458365,-28.59976,2.0723128,0.0016945591
4.070707,2.2626262,0.00019662455,-0.0017223451,-10.200861,-27.924849,2.0111463,0.0017335322
4.070707,2.3030303,0.00019815937,-0.0017618071,-9.926663,-27.251137,1.951115,0.0017729162
4.070707,2.3434343,0.00019940734,-0.0018013101,-9.641729,-26.578768,1.8919832,0.0018123138
4.070707,2.3838384,0.00020028837,-0.001840556,-9.35038,-25.906631,1.833433,0.0018514217
4.070707,2.4242425,0.00020074658,-0.0018792991,-9.055777,-25.233559,1.7752762,0.0018899905
4.070707,2.4646466,0.00020073727,-0.001917379,-8.760381,-24.558905,1.7175,0.0019278583
4.070707,2.5050504,0.00020023063,-0.001954684,-8.466275,-23.882841,1.6602631,0.0019649127
4.070707,2.5454545,0.00019921735,-0.0019911248,-8.175145,-23.205935,1.6037956,0.002001066
4.070707,2.5858586,0.00019767135,-0.002026651,-7.8883104,-22.528906,1.5483347,0.0020362684
4.070707,2.6262627,0.00019561127,-0.0020612143,-7.606695,-21.852264,1.4940643,0.0020704754
4.070707,2.6666667,0.00019302219,-0.002094807,-7.3308535,-21.17625,1.4411068,0.0021036812
4.070707,2.7070708,0.00018990971,-0.0021274015,-7.0610943,-20.50091,1.3895152,0.0021358612
4.070707,2.7474747,0.00018628873,-0.002158977,-6.797496,-19.82611,1.339311,0.0021669993
4.070707,2.7878788,0.00018214062,-0.0021895263,-6.540059,-19.151709,1.2904917,0.0021970891
4.070707,2.8282828,0.00017749332,-0.0022190455,-6.2887545,-18.477667,1.2430624,0.0022261327
4.070707,2.868687,0.00017234497,-0.002247531,-6.0435705,-17.80405,1.1970215,0.0022541292
4.070707,2.909091,0.00016670302,-0.0022749677,-5.8045115,-17.131037,1.1523966,0.0022810674
4.070707,2.9494948,0.00016056374,-0.0023013577,-5.571606,-16.45885,1.1092092,0.0023069521
4.070707,2.989899,0.00015392527,-0.0023266952,-5.3449116,-15.787773,1.0675062,0.0023317812
4.070707,3.030303,0.00014683045,-0.0023509786,-5.124475,-15.118042,1.0273259,0.0023555593
4.070707,3.070707,0.00013926812,-0.0023742039,-4.910337,-14.449819,0.98871356,0.002378285
4.070707,3.1111112,0.00013122335,-0.0023963582,-4.702565,-13.783226,0.9517169,0.0023999484
4.070707,3.1515152,0.00012272224,-0.0024174731,-4.5011816,-13.118262,0.9163748,0.002420586
4.070707,3.191919,0.00011376478,-0.002437504,-4.3062186,-12.454846,0.88273615,0.0024401573
4.070707,3.2323232,0.00010436401,-0.0024564844,-4.117734,-11.792865,0.8508537,0.0024587002
4.070707,3.2727273,9.4518065e-05,-0.0024743788,-3.9357831,-11.132135,0.82078344,0.0024761835
4.070707,3.3131313,8.424185e-05,-0.002491206,-3.7604756,-10.4725065,0.79259956,0.00249263
4.070707,3.3535354,7.354468e-05,-0.0025069565,-3.5919352,-9.813808,0.76639086,0.002508035
4.070707,3.3939395,6.240234e-05,-0.0025216285,-3.43036,-9.155942,0.7422642,0.0025224006
4.070707,3.4343433,5.088374e-05,-0.0025352165,-3.2759566,-8.498838,0.720338,0.002535727
4.070707,3.4747474,3.8936734e-05,-0.0025477074,-3.1290529,-7.842562,0.7007487,0.002548005
4.070707,3.5151515,2.6598573e-05,-0.002559118,-2.9899933,-7.1872373,0.68365777,0.0025592563
4.070707,3.5555556,1.3884157e-05,-0.002569424,-2.8591793,-6.5330825,0.66922015,0.0025694615
4.070707,3.5959597,8.0280006e-07,-0.002578631,-2.7370765,-5.880438,0.6576193,0.002578631
4.070707,3.6363637,-1.263991e-05,-0.002586726,-2.6241791,-5.22974,0.6490225,0.002586757
4.070707,3.6767676,-2.6430935e-05,-0.0025937185,-2.5210514,-4.581521,0.64360154,0.002593853
4.070707,3.7171717,-4.052557e-05,-0.0025996026,-2.428251,-3.9364119,0.64151496,0.0025999185
4.070707,3.7575758,-5.491823e-05,-0.002604371,-2.3463788,-3.2951024,0.6428956,0.00260495
4.070707,3.7979798,-6.9610775e-05,-0.0026080292,-2.276053,-2.658421,0.6478759,0.002608958
4.070707,3.838384,-8.455478e-05,-0.0026105586,-2.2178843,-2.0272129,0.65652287,0.0026119277
4.070707,3.878788,-9.9727884e-05,-0.0026119743,-2.172499,-1.4024282,0.6688887,0.0026138774
4.070707,3.9191918,-0.00011511333,-0.002612289,-2.1405113,-0.78508097,0.68498796,0.002614824
4.070707,3.959596,-0.00013067201,-0.0026114974,-2.122515,-0.1762284,0.70478666,0.0026147647
4.20202,0.04040404,-1.7100945e-05,-2.2109598e-05,-28.075184,-63.528294,6.08612,2.7951326e-05
4.20202,0.08080808,-6.9942325e-06,-5.983375e-05,-27.602242,-62.901035,6.0002046,6.0241156e-05
4.20202,0.121212125,2.8312206e-06,-9.7222626e-05,-27.13411,-62.273148,5.9153953,9.7263845e-05
4.20202,0.16161616,1.24219805e-05,-0.00013430975,-26.67075,-61.644436,5.8316154,0.00013488297
4.20202,0.2020202,2.175942e-05,-0.00017107464,-26.212147,-61.01467,5.748798,0.00017245291
4.20202,0.24242425,3.085099e-05,-0.00020752102,-25.7582,-60.383575,5.666855,0.00020980171
4.20202,0.28282827,3.968738e-05,-0.00024363585,-25.30889,-59.750942,5.585695,0.00024684716
4.20202,0.32323232,4.82779e-05,-0.0002794396,-24.864113,-59.11649,5.505226,0.00028357937
4.20202,0.36363637,5.6626275e-05,-0.00031491555,-24.42382,-58.48004,5.425354,0.00031996617
4.20202,0.4040404,6.473623e-05,-0.00035005622,-23.988016,-57.841526,5.3460016,0.00035599177
4.20202,0.44444445,7.258728e-05,-0.00038485788,-23.5566,-57.200695,5.267086,0.00039164335
4.20202,0.4848485,8.020736e-05,-0.0004193317,-23.12956,-56.55753,5.1885376,0.00042693364
4.20202,0.5252525,8.75704e-05,-0.00045346096,-22.706875,-55.912037,5.110299,0.00046183917
4.20202,0.56565654,9.469502e-05,-0.00048725307,-22.288519,-55.264183,5.03234,0.0004963695
4.20202,0.6060606,0.00010156259,-0.0005206894,-21.874529,-54.61414,4.954636,0.00053050206
4.20202,0.64646465,0.000108193606,-0.0005537793,-21.464865,-53.96198,4.8771734,0.0005642494
4.20202,0.68686867,0.00011456758,-0.00058651716,-21.059572,-53.30786,4.799955,0.000597602
4.20202,0.72727275,0.00012069568,-0.0006189104,-20.65866,-52.65203,4.7230263,0.00063056924
4.20202,0.7676768,0.00012658536,-0.0006509349,-20.262142,-51.994705,4.646409,0.000663129
4.20202,0.8080808,0.00013221055,-0.0006826073,-19.870079,-51.336185,4.5701656,0.000695293
4.20202,0.8484849,0.00013760291,-0.0007139053,-19.482475,-50.676697,4.494359,0.00072704564
4.20202,0.8888889,0.0001427345,-0.00074484944,-19.099365,-50.01652,4.41907,0.00075840217
4.20202,0.9292929,0.00014761835,-0.0007754322,-18.720743,-49.3559,4.344367,0.00078935816
4.20202,0.969697,0.00015226565,-0.0008056462,-18.346668,-48.695057,4.2703443,0.0008199089
4.20202,1.010101,0.00015665218,-0.0008354783,-17.977112,-48.034184,4.1970735,0.0008500376
4.20202,1.050505,0.00016080774,-0.0008649528,-17.612064,-47.373394,4.1246357,0.0008797741
4.20202,1.0909091,0.00016471744,-0.0008940641,-17.251486,-46.712723,4.0530934,0.00090911076
4.20202,1.1313131,0.00016836077,-0.00092278793,-16.895374,-46.052216,3.9825,0.00093802076
4.20202,1.1717172,0.0001717899,-0.0009511467,-16.543665,-45.391777,3.9128768,0.000966536
4.20202,1.2121212,0.00017495267,-0.0009791274,-16.196295,-44.731228,3.844228,0.000994635
4.20202,1.2525252,0.00017789379,-0.0010067318,-15.853256,-44.07046,3.7765307,0.0010223283
4.20202,1.2929293,0.00018058904,-0.0010339636,-15.514491,-43.409203,3.7097287,0.0010496158
4.20202,1.3333334,0.00018304028,-0.0010608248,-15.180081,-42.747295,3.6437366,0.0010765004
4.20202,1.3737373,0.00018526055,-0.0010873061,-14.850109,-42.084587,3.578445,0.0011029759
4.20202,1.4141414,0.00018723868,-0.0011134185,-14.524767,-41.420948,3.5137272,0.0011290523
4.20202,1.4545455,0.00018899515,-0.001139164,-14.20447,-40.756496,3.449441,0.0011547353
4.20202,1.4949495,0.00019052252,-0.0011645369,-13.889717,-40.091267,3.3854787,0.0011800191
4.20202,1.5353535,0.00019181892,-0.001189569,-13.581282,-39.42545,3.3217337,0.0012049353
4.20202,1.5757576,0.0001928825,-0.0012142584,-13.280195,-38.75916,3.2581902,0.0012294825
4.20202,1.6161616,0.00019374862,-0.0012386255,-12.987869,-38.092487,3.1948771,0.0012536872
4.20202,1.6565657,0.0001943931,-0.0012627188,-12.706248,-37.425472,3.1318915,0.0012775945
4.20202,1.6969697,0.00019484758,-0.0012865718,-12.437866,-36.758053,3.069386,0.0013012427
4.20202,1.7373737,0.0001951307,-0.0013102796,-12.186158,-36.090298,3.0074863,0.0013247296
4.20202,1.7777778,0.00019528344,-0.0013339315,-11.95529,-35.422363,2.94624,0.0013481501
4.20202,1.8181819,0.00019531697,-0.0013576765,-11.749805,-34.754482,2.8855238,0.0013716539
4.20202,1.8585858,0.00019531138,-0.0013817083,-11.573452,-34.08662,2.824993,0.0013954442
4.20202,1.8989899,0.00019532256,-0.0014063101,-11.427314,-33.418056,2.764106,0.0014198095
4.20202,1.939394,0.00019545108,-0.0014317743,-11.307819,-32.7479,2.7023306,0.0014450533
4.20202,1.979798,0.000195764,-0.0014584884,-11.205744,-32.075832,2.6393583,0.0014715679
4.20202,2.020202,0.0001963675,-0.0014868192,-11.107331,-31.403334,2.5753038,0.0014997305
4.20202,2.060606,0.00019733422,-0.001517076,-10.997393,-30.732592,2.510534,0.0015298564
4.20202,2.10101,0.000198666,-0.0015493948,-10.862745,-30.063911,2.4454224,0.0015620795
4.20202,2.1414142,0.00020031817,-0.0015837308,-10.695115,-29.394825,2.3801944,0.0015963492
4.20202,2.1818182,0.00020219944,-0.0016198047,-10.492585,-28.72259,2.3151183,0.0016323761
4.20202,2.2222223,0.00020418875,-0.001657214,-10.259117,-28.047222,2.2506442,0.0016697459
4.20202,2.2626262,0.00020610727,-0.0016954802,-10.001966,-27.371096,2.1872175,0.0017079618
4.20202,2.3030303,0.00020784885,-0.0017341543,-9.728653,-26.696402,2.1250255,0.0017465658
4.20202,2.3434343,0.00020927936,-0.0017728452,-9.445173,-26.023438,2.063935,0.0017851548
4.20202,2.3838384,0.0002103243,-0.0018112529,-9.155807,-25.351156,2.0036666,0.0018234235
4.20202,2.4242425,0.00021090917,-0.0018491521,-8.86362,-24.678217,1.9440051,0.0018611411
4.20202,2.4646466,0.00021100603,-0.0018863752,-8.570995,-24.003874,1.8849076,0.00189814
4.20202,2.5050504,0.00021056272,-0.0019228123,-8.279917,-23.328112,1.8264858,0.001934307
4.20202,2.5454545,0.00020956993,-0.0019583814,-7.992003,-22.651373,1.7689574,0.0019695626
4.20202,2.5858586,0.00020802394,-0.001993036,-7.7085643,-21.974321,1.7125635,0.0020038628
4.20202,2.6262627,0.00020591915,-0.0020267386,-7.430494,-21.297403,1.6575204,0.0020371727
4.20202,2.6666667,0.00020324625,-0.0020594392,-7.158411,-20.62093,1.6039741,0.0020694442
4.20202,2.7070708,0.00020001084,-0.0020911414,-6.8926253,-19.944927,1.5520315,0.0021006847
4.20202,2.7474747,0.00019622408,-0.002121821,-6.6332808,-19.26933,1.5017475,0.0021308751
4.20202,2.7878788,0.00019188225,-0.0021514855,-6.3804207,-18.594015,1.4531587,0.002160025
4.20202,2.8282828,0.0001869984,-0.002180105,-6.1340623,-17.918978,1.4062909,0.0021881103
4.20202,2.868687,0.00018157437,-0.0022076778,-5.894188,-17.244234,1.3611786,0.0022151321
4.20202,2.909091,0.00017561764,-0.0022342019,-5.6608157,-16.569933,1.3178544,0.0022410934
4.20202,2.9494948,0.00016912259,-0.0022596736,-5.433971,-15.896259,1.2763615,0.0022659935
4.20202,2.989899,0.00016212091,-0.0022840928,-5.2136807,-15.223403,1.2367471,0.002289839
4.20202,3.030303,0.00015459582,-0.0023074318,-4.999972,-14.551537,1.1990584,0.0023126048
4.20202,3.070707,0.00014656968,-0.002329694,-4.79287,-13.880816,1.1633321,0.0023343002
4.20202,3.1111112,0.00013802946,-0.0023509003,-4.5923915,-13.211277,1.1296104,0.002354949
4.20202,3.1515152,0.00012901612,-0.002371043,-4.3985367,-12.5429325,1.0979354,0.0023745503
4.20202,3.191919,0.000119494274,-0.002390094,-4.2113233,-11.875716,1.0683413,0.0023930795
4.20202,3.2323232,0.000109503046,-0.0024080686,-4.030771,-11.209518,1.0408795,0.0024105571
4.20202,3.2727273,9.9023804e-05,-0.0024249516,-3.8569388,-10.544262,1.0156007,0.0024269726
4.20202,3.3131313,8.8075176e-05,-0.002440758,-3.6899388,-9.879873,0.9925816,0.0024423467
4.20202,3.3535354,7.666275e-05,-0.0024554674,-3.5298812,-9.216297,0.9719064,0.0024566639
4.20202,3.3939395,6.478466e-05,-0.0024690777,-3.3769855,-8.553607,0.9536812,0.0024699275
4.20202,3.4343433,5.2459538e-05,-0.002481589,-3.2315147,-7.8919277,0.9380436,0.0024821435
4.20202,3.4747474,3.9685518e-05,-0.002493007,-3.0938087,-7.231502,0.92513084,0.0024933228
4.20202,3.5151515,2.6473776e-05,-0.0025033038,-2.9642615,-6.5726905,0.91512734,0.0025034437
4.20202,3.5555556,1.2833625e-05,-0.002512494,-2.8433406,-5.9159675,0.9082135,0.002512527
4.20202,3.5959597,-1.2237579e-06,-0.0025205798,-2.7315776,-5.26194,0.9045815,0.00252058
4.20202,3.6363637,-1.5679747e-05,-0.002527535,-2.6295676,-4.611333,0.9044445,0.0025275836
4.20202,3.6767676,-3.0545518e-05,-0.002533378,-2.5379398,-3.9649591,0.907993,0.0025335622
4.20202,3.7171717,-4.576333e-05,-0.002538124,-2.4573624,-3.323742,0.9154185,0.0025385367
4.20202,3.7575758,-6.1351806e-05,-0.0025417395,-2.3885376,-2.6886966,0.9268847,0.00254248
4.20202,3.7979798,-7.7271834e-05,-0.0025442373,-2.3321705,-2.0608976,0.9425466,0.0025454105
4.20202,3.838384,-9.351596e-05,-0.0025456324,-2.2890224,-1.4415267,0.9625141,0.0025473495
4.20202,3.878788,-0.00011003204,-0.0025459435,-2.2597878,-0.8317562,0.9868543,0.0025483202
4.3333335,0.04040404,-1.9002706e-05,-1.347065e-05,-27.781843,-63.08601,6.404982,2.3292943e-05
4.3333335,0.08080808,-8.430332e-06,-5.0943345e-05,-27.309912,-62.454826,6.3127475,5.163618e-05
4.3333335,0.121212125,1.8868595e-06,-8.8103116e-05,-26.842993,-61.82313,6.221727,8.812331e-05
4.3333335,0.16161616,1.19283795e-05,-0.00012494996,-26.38112,-61.190777,6.131861,0.00012551804
4.3333335,0.2020202,2.1710992e-05,-0.00016146712,-25.924183,-60.55741,6.0430846,0.00016292022
4.3333335,0.24242425,3.124401e-05,-0.00019767135,-25.472118,-59.922802,5.9553165,0.00020012535
4.3333335,0.28282827,4.0514395e-05,-0.00023354404,-25.02484,-59.28665,5.868474,0.00023703213
4.3333335,0.32323232,4.9501657e-05,-0.00026909448,-24.582268,-58.64869,5.782476,0.00027360968
4.3333335,0.36363637,5.82505e-05,-0.0003043078,-24.144339,-58.00878,5.697235,0.00030983277
4.3333335,0.4040404,6.674044e-05,-0.00033918582,-23.710993,-57.366734,5.6126757,0.00034568962
4.3333335,0.44444445,7.496774e-05,-0.00037372485,-23.282137,-56.7224,5.5287247,0.0003811698
4.3333335,0.4848485,8.293055e-05,-0.00040792674,-22.857733,-56.075665,5.4453206,0.00041627118
4.3333335,0.5252525,9.06419e-05,-0.0004417915,-22.437761,-55.426647,5.36242,0.0004509941
4.3333335,0.56565654,9.809621e-05,-0.00047530234,-22.022135,-54.775215,5.279979,0.00048531967
4.3333335,0.6060606,0.000105291605,-0.0005084649,-21.610893,-54.12159,5.197992,0.0005192522
4.3333335,0.64646465,0.000112220645,-0.00054127723,-21.20399,-53.465828,5.1164527,0.0005527879
4.3333335,0.68686867,0.00011889078,-0.00057373755,-20.80144,-52.80812,5.0353613,0.00058592646
4.3333335,0.72727275,0.00012530386,-0.0006058235,-20.403236,-52.14872,4.9547653,0.0006186462
4.3333335,0.7676768,0.0001314506,-0.00063756667,-20.0094,-51.48781,4.874703,0.0006509766
4.3333335,0.8080808,0.00013734959,-0.0006689504,-19.619936,-50.825657,4.795221,0.0006829052
4.3333335,0.8484849,0.0001429785,-0.0006999504,-19.234896,-50.162605,4.716397,0.0007144042
4.3333335,0.8888889,0.00014834851,-0.00073059276,-18.854282,-49.49884,4.638288,0.0007455019
4.3333335,0.9292929,0.00015345588,-0.00076086447,-18.478125,-48.834675,4.560984,0.0007761852
4.3333335,0.969697,0.00015830807,-0.0007907674,-18.106438,-48.1703,4.484554,0.000806458
4.3333335,1.010101,0.00016291067,-0.0008202959,-17.73921,-47.505882,4.4090796,0.0008363165
4.3333335,1.050505,0.00016725436,-0.00084945187,-17.37647,-46.841602,4.334613,0.00086576125
4.3333335,1.0909091,0.00017133355,-0.00087823905,-17.018166,-46.17747,4.261215,0.0008947955
4.3333335,1.1313131,0.00017515942,-0.0009066425,-16.664314,-45.51354,4.188924,0.00092340756
4.3333335,1.1717172,0.00017872825,-0.00093467534,-16.314861,-44.84969,4.1177406,0.0009516101
4.3333335,1.2121212,0.00018206052,-0.0009623319,-15.969755,-44.185818,4.0476646,0.0009794022
4.3333335,1.2525252,0.00018513016,-0.0009896029,-15.628995,-43.521725,3.978653,0.0010067706
4.3333335,1.2929293,0.00018795766,-0.0010165088,-15.292548,-42.857204,3.910629,0.0010337399
4.3333335,1.3333334,0.00019052625,-0.0010430273,-14.960466,-42.192047,3.843502,0.0010602858
4.3333335,1.3737373,0.00019285828,-0.0010691658,-14.632864,-41.526127,3.7771313,0.0010864206
4.3333335,1.4141414,0.00019494444,-0.0010949392,-14.309915,-40.859303,3.7113929,0.001112158
4.3333335,1.4545455,0.0001967866,-0.0011203289,-13.991993,-40.191612,3.6461349,0.0011374804
4.3333335,1.4949495,0.00019838475,-0.0011453554,-13.679592,-39.52311,3.581236,0.0011624094
4.3333335,1.5353535,0.00019974634,-0.001170028,-13.373433,-38.85393,3.516594,0.0011869558
4.3333335,1.5757576,0.00020088069,-0.0011943541,-13.074527,-38.18418,3.4521763,0.0012111296
4.3333335,1.6161616,0.0002017729,-0.0012183636,-12.784273,-37.514065,3.3880239,0.0012349584
4.3333335,1.6565657,0.00020246394,-0.0012420826,-12.504532,-36.843548,3.3242247,0.0012584756
4.3333335,1.6969697,0.00020294264,-0.0012655668,-12.237829,-36.172688,3.2609315,0.0012817351
4.3333335,1.7373737,0.00020324811,-0.0012888908,-11.987493,-35.50157,3.1982756,0.0013048177
4.3333335,1.7777778,0.00020339526,-0.0013121553,-11.757672,-34.83056,3.136299,0.0013278257
4.3333335,1.8181819,0.00020344928,-0.0013354942,-11.552813,-34.159973,3.0748546,0.001350902
4.3333335,1.8585858,0.00020344369,-0.0013591107,-11.3765335,-33.489765,3.013541,0.001374253
4.3333335,1.8989899,0.00020347536,-0.0013832599,-11.229875,-32.81938,2.9517443,0.0013981452
4.3333335,1.939394,0.00020362623,-0.0014082696,-11.109246,-32.147816,2.8888273,0.001422915
4.3333335,1.979798,0.00020398572,-0.0014344901,-11.005504,-31.47474,2.8244455,0.0014489209
4.3333335,2.020202,0.00020466,-0.001462277,-10.905099,-30.801414,2.7587278,0.0014765296
4.3333335,2.060606,0.0002057124,-0.0014919378,-10.793101,-30.129768,2.6921527,0.0015060531
4.3333335,2.10101,0.00020718575,-0.0015236083,-10.656641,-29.459997,2.6251783,0.0015376308
4.3333335,2.1414142,0.00020899437,-0.0015572421,-10.487636,-28.789509,2.5580606,0.0015712039
4.3333335,2.1818182,0.00021106377,-0.0015925653,-10.284275,-28.115486,2.4910128,0.0016064907
4.3333335,2.2222223,0.00021323003,-0.0016291607,-10.050597,-27.43809,2.4244545,0.0016430556
4.3333335,2.2626262,0.00021535344,-0.0016665701,-9.793908,-26.759901,2.3588862,0.0016804264
4.3333335,2.3030303,0.00021726638,-0.0017043576,-9.521735,-26.083317,2.2946105,0.00171815
4.3333335,2.3434343,0.0002188757,-0.0017421246,-9.240092,-25.408844,2.2316022,0.0017558201
4.3333335,2.3838384,0.00022004731,-0.0017795954,-8.953173,-24.73541,2.1696393,0.0017931482
4.3333335,2.4242425,0.00022074953,-0.0018165559,-8.663945,-24.061583,2.1084983,0.0018299195
4.3333335,2.4646466,0.00022092089,-0.0018528216,-8.374673,-23.386463,2.0481033,0.0018659458
4.3333335,2.5050504,0.00022052042,-0.0018882807,-8.0872345,-22.709856,1.9885267,0.0019011138
4.3333335,2.5454545,0.00021954812,-0.0019228775,-7.803194,-22.032114,1.9299691,0.0019353706
4.3333335,2.5858586,0.00021795928,-0.001956543,-7.52378,-21.353754,1.8726696,0.001968646
4.3333335,2.6262627,0.00021578558,-0.0019892491,-7.2499514,-20.675283,1.8168554,0.0020009186
4.3333335,2.6666667,0.0002129972,-0.0020209532,-6.9823036,-19.99694,1.7627107,0.0020321466
4.3333335,2.7070708,0.00020961091,-0.0020516422,-6.7212057,-19.318808,1.7103676,0.002062322
4.3333335,2.7474747,0.00020562671,-0.0020813085,-6.466859,-18.64085,1.6599245,0.0020914415
4.3333335,2.7878788,0.00020104833,-0.0021099392,-6.2193403,-17.962957,1.6114379,0.0021194962
4.3333335,2.8282828,0.00019589812,-0.0021375269,-5.9787054,-17.285093,1.5649698,0.0021464848
4.3333335,2.868687,0.00019015558,-0.0021640472,-5.7449827,-16.607277,1.5205673,0.0021723858
4.3333335,2.909091,0.00018383935,-0.002189504,-5.518185,-15.929595,1.478283,0.0021972083
4.3333335,2.9494948,0.00017696247,-0.0022139084,-5.298354,-15.252154,1.4381704,0.0022209696
4.3333335,2.989899,0.00016952492,-0.0022372343,-5.0855074,-14.575097,1.4002813,0.0022436478
4.3333335,3.030303,0.00016153045,-0.0022594836,-4.879665,-13.898552,1.3646643,0.00226525
4.3333335,3.070707,0.00015298836,-0.0022806413,-4.6808143,-13.222543,1.331361,0.0022857669
4.3333335,3.1111112,0.00014390424,-0.0023007188,-4.488973,-12.5471325,1.3003995,0.0023052148
4.3333335,3.1515152,0.00013429858,-0.0023197029,-4.3041196,-11.872273,1.2718159,0.0023235872
4.3333335,3.191919,0.00012416393,-0.002337588,-4.1262345,-11.197899,1.2456454,0.0023408832
4.3333335,3.2323232,0.000113502145,-0.0023543723,-3.955347,-10.523959,1.2219251,0.0023571067
4.3333335,3.2727273,0.00010231696,-0.002370039,-3.7915032,-9.850403,1.2007061,0.0023722465
4.3333335,3.3131313,9.062141e-05,-0.0023846123,-3.6347747,-9.1772175,1.1820576,0.0023863337
4.3333335,3.3535354,7.842295e-05,-0.0023980532,-3.48533,-8.5044985,1.1660622,0.0023993351
4.3333335,3.3939395,6.5723434e-05,-0.0024103858,-3.3433697,-7.8324246,1.1528466,0.0024112817
4.3333335,3.4343433,5.253032e-05,-0.0024215933,-3.2091877,-7.161295,1.1425422,0.002422163
4.3333335,3.4747474,3.8839877e-05,-0.0024316553,-3.0831566,-6.4915504,1.1353185,0.0024319654
4.3333335,3.5151515,2.4672598e-05,-0.002440596,-2.965711,-5.8237424,1.1313753,0.0024407208
4.3333335,3.5555556,1.0019168e-05,-0.0024483893,-2.8573902,-5.1586313,1.1309162,0.0024484098
4.3333335,3.5959597,-5.0850213e-06,-0.0024550594,-2.7587907,-4.497061,1.13419,0.0024550648
4.3333335,3.6363637,-2.0656735e-05,-0.0024605803,-2.6705637,-3.840041,1.141434,0.002460667
4.3333335,3.6767676,-3.6660582e-05,-0.0024649724,-2.5934396,-3.188715,1.152906,0.002465245
4.3333335,3.7171717,-5.30947e-05,-0.0024682153,-2.52818,-2.5443141,1.16884,0.0024687862
4.3333335,3.7575758,-6.9942325e-05,-0.002470348,-2.4755845,-1.9081917,1.189476,0.002471338
4.3333335,3.7979798,-8.717924e-05,-0.0024713408,-2.4364913,-1.2817829,1.2150226,0.002472878
4.4646463,0.04040404,-2.0638108e-05,-4.2747706e-06,-27.46665,-62.63981,6.7105627,2.1076175e-05
4.4646463,0.08080808,-9.579584e-06,-4.151836e-05,-26.996199,-62.00314,6.611791,4.2609183e-05
4.4646463,0.121212125,1.1902303e-06,-7.844344e-05,-26.531069,-61.36615,6.5143557,7.845247e-05
4.4646463,0.16161616,1.1684373e-05,-0.000115044415,-26.071209,-60.728577,6.4181976,0.00011563625
4.4646463,0.2020202,2.191402e-05,-0.00015132315,-25.61653,-60.090084,6.3232765,0.00015290167
4.4646463,0.24242425,3.1854957e-05,-0.00018727034,-25.166939,-59.450413,6.229525,0.00018996031
4.4646463,0.28282827,4.15463e-05,-0.0002228953,-24.722336,-58.80926,6.1368647,0.00022673422
4.4646463,0.32323232,5.0935894e-05,-0.00025818124,-24.282625,-58.166393,6.0452266,0.0002631578
4.4646463,0.36363637,6.0062855e-05,-0.00029313378,-23.847721,-57.521603,5.9545383,0.00029922393
4.4646463,0.4040404,6.892905e-05,-0.00032774545,-23.417501,-56.87468,5.8647265,0.00033491536
4.4646463,0.44444445,7.7512115e-05,-0.00036201626,-22.991934,-56.225586,5.775731,0.00037022142
4.4646463,0.4848485,8.58251e-05,-0.00039594062,-22.570889,-55.574158,5.6874905,0.00040513568
4.4646463,0.5252525,9.387545e-05,-0.00042952783,-22.154343,-54.920456,5.5999784,0.00043966665
4.4646463,0.56565654,0.00010164082,-0.00046275184,-21.742205,-54.26445,5.5131516,0.00047378277
4.4646463,0.6060606,0.00010913983,-0.0004956238,-21.334469,-53.606277,5.427012,0.0005074982
4.4646463,0.64646465,0.00011637062,-0.0005281456,-20.931065,-52.94604,5.34154,0.0005408141
4.4646463,0.68686867,0.00012332015,-0.0005603004,-20.531988,-52.2839,5.2567663,0.0005737111
4.4646463,0.72727275,0.00012999773,-0.0005920958,-20.137218,-51.620087,5.172715,0.0006061987
4.4646463,0.7676768,0.00013641454,-0.0006235223,-19.746761,-50.95483,5.0894227,0.00063827034
4.4646463,0.8080808,0.00014254451,-0.0006545838,-19.360638,-50.288387,5.00695,0.00066992454
4.4646463,0.8484849,0.00014841557,-0.0006852802,-18.978819,-49.620983,4.9253488,0.0007011677
4.4646463,0.8888889,0.00015401654,-0.0007156059,-18.601355,-48.9529,4.8446894,0.0007319925
4.4646463,0.9292929,0.00015933625,-0.00074554794,-18.22825,-48.284397,4.7650356,0.00076238427
4.4646463,0.969697,0.00016439706,-0.0007751286,-17.859539,-47.6157,4.686461,0.00079237035
4.4646463,1.010101,0.00016917661,-0.00080431625,-17.49521,-46.94696,4.609016,0.0008219157
4.4646463,1.050505,0.0001737047,-0.0008331463,-17.135279,-46.278316,4.5327635,0.0008510617
4.4646463,1.0909091,0.00017795525,-0.000861587,-16.77977,-45.609856,4.4577374,0.0008797729
4.4646463,1.1313131,0.000181932,-0.0008896459,-16.428617,-44.941555,4.383951,0.00090805785
4.4646463,1.1717172,0.0001856666,-0.00091733225,-16.081831,-44.273335,4.311408,0.00093593297
4.4646463,1.2121212,0.00018913113,-0.0009446256,-15.739385,-43.605103,4.2400775,0.0009633733
4.4646463,1.2525252,0.00019233488,-0.00097154826,-15.401287,-42.93671,4.169901,0.0009904032
4.4646463,1.2929293,0.00019527785,-0.000998091,-15.067499,-42.267906,4.100794,0.0010170147
4.4646463,1.3333334,0.0001979582,-0.0010242481,-14.738083,-41.598515,4.032643,0.0010432026
4.4646463,1.3737373,0.00020039454,-0.0010500215,-14.413126,-40.928375,3.9653108,0.001068973
4.4646463,1.4141414,0.00020256266,-0.0010754187,-14.092841,-40.257362,3.8986487,0.0010943294
4.4646463,1.4545455,0.00020447932,-0.0011004303,-13.777554,-39.585514,3.8325052,0.001119267
4.4646463,1.4949495,0.00020614453,-0.0011250786,-13.467736,-38.912846,3.7667475,0.0011438084
4.4646463,1.5353535,0.00020755455,-0.0011493657,-13.164063,-38.23947,3.7012827,0.0011679557
4.4646463,1.5757576,0.00020873733,-0.0011733044,-12.8675165,-37.565525,3.6360757,0.0011917276
4.4646463,1.6161616,0.00020967424,-0.0011969153,-12.579433,-36.891148,3.5711634,0.0012151417
4.4646463,1.6565657,0.0002103839,-0.0012202337,-12.301588,-36.216366,3.506646,0.0012382374
4.4646463,1.6969697,0.00021087937,-0.0012433194,-12.036491,-35.541298,3.4426694,0.0012610762
4.4646463,1.7373737,0.00021119788,-0.0012662224,-11.7873955,-34.86615,3.3793674,0.0012837149
4.4646463,1.7777778,0.00021136552,-0.0012890566,-11.558288,-34.19127,3.3167808,0.0013062704
4.4646463,1.8181819,0.00021140464,-0.0013119541,-11.35353,-33.517082,3.2547338,0.0013288775
4.4646463,1.8585858,0.00021140836,-0.0013351124,-11.176661,-32.84374,3.1927805,0.0013517465
4.4646463,1.8989899,0.00021144934,-0.0013587885,-11.028626,-32.170643,3.1302207,0.0013751425
4.4646463,1.939394,0.00021161139,-0.0013832916,-10.905871,-31.496845,3.06635,0.0013993838
4.4646463,1.979798,0.00021200813,-0.0014089607,-10.799362,-30.821827,3.0007532,0.001424822
4.4646463,2.020202,0.0002127327,-0.0014361572,-10.695864,-30.146704,2.9335916,0.0014518272
4.4646463,2.060606,0.00021386333,-0.001465166,-10.580825,-29.473236,2.8654284,0.0014806921
4.4646463,2.10101,0.00021543913,-0.001496125,-10.441748,-28.801414,2.7968175,0.0015115569
4.4646463,2.1414142,0.00021738186,-0.0015289765,-10.270814,-28.12853,2.7280197,0.0015443523
4.4646463,2.1818182,0.00021962635,-0.0015634578,-10.066351,-27.45179,2.6591802,0.0015788084
4.4646463,2.2222223,0.00022196583,-0.0015991647,-9.832436,-26.771414,2.5906692,0.0016144958
4.4646463,2.2626262,0.00022425689,-0.0016356353,-9.576385,-26.09021,2.523036,0.0016509373
4.4646463,2.3030303,0.00022632256,-0.001672443,-9.305723,-25.410793,2.456698,0.001687687
4.4646463,2.3434343,0.00022807904,-0.0017092023,-9.02638,-24.733782,2.391756,0.0017243528
4.4646463,2.3838384,0.00022937544,-0.0017456319,-8.742435,-24.058058,2.328053,0.0017606374
4.4646463,2.4242425,0.00023016147,-0.0017815381,-8.456737,-23.382124,2.265381,0.0017963442
4.4646463,2.4646466,0.00023037568,-0.001816731,-8.171399,-22.704905,2.2036288,0.0018312794
4.4646463,2.5050504,0.00022998825,-0.0018511154,-7.8882184,-22.026121,2.1428366,0.0018653478
4.4646463,2.5454545,0.00022898987,-0.001884615,-7.608666,-21.34597,2.0831745,0.0018984758
4.4646463,2.5858586,0.00022735074,-0.0019171741,-7.333938,-20.664911,2.0248737,0.0019306074
4.4646463,2.6262627,0.00022505596,-0.0019487534,-7.0649633,-19.983397,1.9681684,0.001961706
4.4646463,2.6666667,0.00022212788,-0.0019793268,-6.80238,-19.30169,1.9132625,0.0019917518
4.4646463,2.7070708,0.00021854974,-0.0020088796,-6.5465937,-18.619894,1.860306,0.0020207327
4.4646463,2.7474747,0.00021433271,-0.0020373967,-6.2978477,-17.937954,1.8094183,0.0020486396
4.4646463,2.7878788,0.0002094768,-0.0020648614,-6.0562844,-17.255812,1.7606851,0.0020754596
4.4646463,2.8282828,0.00020400807,-0.0020912662,-5.8219934,-16.57339,1.7141806,0.0021011934
4.4646463,2.868687,0.00019790605,-0.0021165982,-5.5950456,-15.890694,1.6699704,0.0021258304
4.4646463,2.909091,0.00019117258,-0.0021408573,-5.375473,-15.2077265,1.6281166,0.0021493759
4.4646463,2.9494948,0.00018385425,-0.0021640398,-5.163354,-14.524602,1.5886812,0.0021718359
4.4646463,2.989899,0.00017591938,-0.0021861251,-4.958696,-13.8413315,1.5517203,0.002193192
4.4646463,3.030303,0.00016739033,-0.0022071023,-4.7615247,-13.157993,1.5172756,0.0022134408
4.4646463,3.070707,0.0001582671,-0.0022269841,-4.571843,-12.474578,1.485384,0.002232601
4.4646463,3.1111112,0.00014857017,-0.002245767,-4.3896227,-11.791055,1.4560679,0.002250676
4.4646463,3.1515152,0.00013829581,-0.002263423,-4.2148557,-11.1073675,1.4293628,0.002267644
4.4646463,3.191919,0.0001274459,-0.0022799596,-4.047516,-10.4234295,1.4052807,0.002283519
4.4646463,3.2323232,0.000116029754,-0.0022953656,-3.887598,-9.739158,1.3838565,0.0022982964
4.4646463,3.2727273,0.0001040604,-0.0023096427,-3.735169,-9.054583,1.3651263,0.0023119857
4.4646463,3.3131313,9.153038e-05,-0.0023227762,-3.5902874,-8.369723,1.3491591,0.002324579
4.4646463,3.3535354,7.845089e-05,-0.0023347475,-3.4531121,-7.6847167,1.3360327,0.002336065
4.4646463,3.3939395,6.4821914e-05,-0.0023455825,-3.3238726,-6.9998713,1.3258697,0.002346478
4.4646463,3.4343433,5.065091e-05,-0.0023552459,-3.2028883,-6.315611,1.3188194,0.0023557905
4.4646463,3.4747474,3.5950914e-05,-0.00236376,-3.0905266,-5.6324997,1.3150581,0.0023640334
4.4646463,3.5151515,2.0720065e-05,-0.0023710951,-2.987315,-4.9513273,1.3148142,0.0023711857
4.4646463,3.5555556,4.9527735e-06,-0.0023772512,-2.8938007,-4.2729907,1.3183362,0.0023772563
4.4646463,3.5959597,-1.1319295e-05,-0.0023822356,-2.8106532,-3.5986118,1.3258965,0.0023822626
4.4646463,3.6363637,-2.8101727e-05,-0.0023860577,-2.7386248,-2.9294503,1.3377892,0.0023862233
4.4646463,3.6767676,-4.538335e-05,-0.002388699,-2.6785028,-2.2669284,1.3543364,0.00238913
4.4646463,3.7171717,-6.314367e-05,-0.0023901667,-2.6311655,-1.6125903,1.3758501,0.0023910007
4.4646463,3.7575758,-8.136593e-05,-0.0023904815,-2.5975225,-0.9681378,1.4026394,0.002391866
4.5959597,0.04040404,-2.1958724e-05,5.3998083e-06,-27.129553,-62.189423,6.9992895,2.2612907e-05
4.5959597,0.08080808,-1.0434538e-05,-3.1614676e-05,-26.661257,-61.54577,6.893779,3.329215e-05
4.5959597,0.121212125,7.8603625e-07,-6.83032e-05,-26.198545,-60.901882,6.7897396,6.8307716e-05
4.5959597,0.16161616,1.17290765e-05,-0.000104671344,-25.741375,-60.25752,6.687134,0.00010532645
4.5959597,0.2020202,2.2377819e-05,-0.00014070235,-25.289598,-59.612297,6.5859284,0.00014247077
4.5959597,0.24242425,3.27453e-05,-0.00017640181,-24.84319,-58.966045,6.4860735,0.0001794153
4.5959597,0.28282827,4.2816624e-05,-0.00021176413,-24.401953,-58.31835,6.3875084,0.00021604933
4.5959597,0.32323232,5.2591786e-05,-0.0002467949,-23.96578,-57.669025,6.2901697,0.00025233632
4.5959597,0.36363637,6.2104315e-05,-0.00028147176,-23.534609,-57.017918,6.1940055,0.00028824175
4.5959597,0.4040404,7.131696e-05,-0.00031580776,-23.108288,-56.364796,6.0989494,0.00032376018
4.5959597,0.44444445,8.025579e-05,-0.00034980103,-22.68671,-55.709602,6.0049467,0.0003588896
4.5959597,0.4848485,8.890033e-05,-0.0003834404,-22.269775,-55.052223,5.9119573,0.00039361123
4.5959597,0.5252525,9.7263604e-05,-0.0004167296,-21.857412,-54.392735,5.81994,0.00042792963
4.5959597,0.56565654,0.000105326995,-0.0004496593,-21.449518,-53.731064,5.728875,0.00046183035
4.5959597,0.6060606,0.00011311658,-0.00048223138,-21.046015,-53.067287,5.6387434,0.0004953206
4.5959597,0.64646465,0.00012063235,-0.00051444024,-20.646852,-52.401608,5.5495534,0.00052839465
4.5959597,0.68686867,0.00012785941,-0.0005462896,-20.25198,-51.73412,5.46132,0.0005610529
4.5959597,0.72727275,0.00013479404,-0.000577759,-19.861404,-51.06507,5.374061,0.0005932747
4.5959597,0.7676768,0.00014144555,-0.0006088689,-19.475046,-50.39463,5.2878184,0.0006250825
4.5959597,0.8080808,0.00014781766,-0.00063959695,-19.092903,-49.723026,5.202626,0.0006564559
4.5959597,0.8484849,0.00015390664,-0.0006699562,-18.715002,-49.050545,5.118542,0.00068740716
4.5959597,0.8888889,0.00015971065,-0.0006999504,-18.341326,-48.37738,5.0356226,0.00071794016
4.5959597,0.9292929,0.00016524643,-0.0007295478,-17.9719,-47.703777,4.953908,0.00074802834
4.5959597,0.969697,0.00017048419,-0.0007587746,-17.60673,-47.029953,4.8734703,0.00077769125
4.5959597,1.010101,0.00017544441,-0.0007876195,-17.24583,-46.356045,4.794339,0.0008069233
4.5959597,1.050505,0.00018013828,-0.0008160826,-16.88924,-45.68222,4.7165585,0.0008357276
4.5959597,1.0909091,0.0001845546,-0.0008441601,-16.536934,-45.008537,4.6401424,0.0008640988
4.5959597,1.1313131,0.0001886934,-0.0008718576,-16.188913,-44.334972,4.5650973,0.0008920431
4.5959597,1.1717172,0.00019255653,-0.0008991752,-15.845185,-43.661495,4.4913936,0.00091956183
4.5959597,1.2121212,0.00019614398,-0.0009260904,-15.505737,-42.98801,4.418992,0.000946634
4.5959597,1.2525252,0.00019946136,-0.0009526238,-15.170573,-42.31436,4.3478193,0.0009732815
4.5959597,1.2929293,0.00020251796,-0.0009787828,-14.839714,-41.64039,4.277765,0.0009995145
4.5959597,1.3333334,0.00020529702,-0.0010045394,-14.513193,-40.965843,4.208716,0.001025303
4.5959597,1.3737373,0.00020781718,-0.0010299142,-14.1911125,-40.290646,4.140518,0.0010506718
4.5959597,1.4141414,0.00021005794,-0.0010549072,-13.873661,-39.614647,4.073019,0.0010756177
4.5959597,1.4545455,0.00021204352,-0.0010795221,-13.561141,-38.937836,4.006059,0.0011001502
4.5959597,1.4949495,0.00021377206,-0.0011037532,-13.254019,-38.2603,3.9395275,0.0011242641
4.5959597,1.5353535,0.00021522678,-0.0011276249,-12.952926,-37.582096,3.8733082,0.001147981
4.5959597,1.5757576,0.00021643564,-0.0011511426,-12.658792,-36.903347,3.8073819,0.0011713129
4.5959597,1.6161616,0.0002174098,-0.0011743288,-12.372846,-36.224136,3.7417839,0.0011942844
4.5959597,1.6565657,0.00021812879,-0.001197217,-12.096897,-35.54461,3.6766148,0.001216926
4.5959597,1.6969697,0.00021863729,-0.0012198482,-11.833248,-34.864773,3.6120386,0.0012392867
4.5959597,1.7373737,0.00021894649,-0.0012423005,-11.585105,-34.18496,3.5481844,0.0012614469
4.5959597,1.7777778,0.00021909364,-0.0012646671,-11.3563595,-33.505573,3.48507,0.0012835049
4.5959597,1.8181819,0.00021914579,-0.0012871046,-11.151179,-32.827065,3.4225142,0.0013056274
4.5959597,1.8585858,0.00021913648,-0.0013097655,-10.973021,-32.149693,3.3600276,0.0013279708
4.5959597,1.8989899,0.0002191551,-0.0013329238,-10.822756,-31.472933,3.2968364,0.00135082
4.5959597,1.939394,0.0002193246,-0.0013568681,-10.696866,-30.795815,3.2321415,0.0013744796
4.5959597,1.979798,0.00021975674,-0.0013819486,-10.586557,-30.117798,3.1654835,0.0013993123
4.5959597,2.020202,0.0002205167,-0.0014084987,-10.478941,-29.439774,3.0970397,0.0014256565
4.5959597,2.060606,0.00022172369,-0.0014368054,-10.359952,-28.763329,3.0274668,0.0014538126
4.5959597,2.10101,0.00022337586,-0.0014669877,-10.21754,-28.088287,2.9573925,0.0014838967
4.5959597,2.1414142,0.00022546016,-0.0014989935,-10.044236,-27.411915,2.887069,0.0015158542
4.5959597,2.1818182,0.00022781827,-0.0015325584,-9.838518,-26.73143,2.8165736,0.0015493986
4.5959597,2.2222223,0.00023031048,-0.0015672892,-9.604473,-26.047083,2.7461941,0.0015841207
4.5959597,2.2626262,0.00023273006,-0.0016027372,-9.349381,-25.361889,2.6765163,0.0016195462
4.5959597,2.3030303,0.00023494661,-0.0016384628,-9.080697,-24.67861,2.6080844,0.0016552221
4.5959597,2.3434343,0.0002367869,-0.0016741119,-8.80418,-23.997866,2.5411215,0.0016907746
4.5959597,2.3838384,0.00023817644,-0.0017094165,-8.523822,-23.318634,2.475568,0.0017259296
4.5959597,2.4242425,0.00023901463,-0.0017441437,-8.242268,-22.639246,2.4112346,0.0017604446
4.5959597,2.4646466,0.00023924187,-0.0017781593,-7.9615254,-21.958546,2.347981,0.0017941814
4.5959597,2.5050504,0.00023883395,-0.001811346,-7.6832314,-21.276108,2.2858229,0.0018270238
4.5959597,2.5454545,0.0002377741,-0.0018436331,-7.4087725,-20.592024,2.2248836,0.0018589027
4.5959597,2.5858586,0.00023602322,-0.001874961,-7.1393185,-19.90675,2.1653848,0.001889758
4.5959597,2.6262627,0.0002335906,-0.0019053053,-6.87577,-19.22068,2.1075459,0.0019195711
4.5959597,2.6666667,0.00023047253,-0.0019346233,-6.618782,-18.534094,2.0515716,0.0019483032
4.5959597,2.7070708,0.0002266597,-0.001962902,-6.3687997,-17.847094,1.9976323,0.001975945
4.5959597,2.7474747,0.00022216141,-0.001990134,-6.126105,-17.15966,1.9458506,0.0020024956
4.5959597,2.7878788,0.00021697767,-0.002016293,-5.890912,-16.471743,1.8963145,0.0020279342
4.5959597,2.8282828,0.00021113642,-0.0020413864,-5.6633453,-15.783263,1.8491207,0.0020522762
4.5959597,2.868687,0.00020461157,-0.0020653792,-5.4435024,-15.094169,1.8043358,0.0020754896
4.5959597,2.909091,0.00019741803,-0.0020882878,-5.231504,-14.404476,1.762027,0.0020975985
4.5959597,2.9494948,0.00018958189,-0.0021100882,-5.027404,-13.714184,1.7222595,0.0021185877
4.5959597,2.989899,0.00018108264,-0.002130773,-4.8312573,-13.023276,1.6850786,0.0021384535
4.5959597,3.030303,0.00017194264,-0.0021503512,-4.643114,-12.33175,1.6505303,0.0021572146
4.5959597,3.070707,0.00016216934,-0.002168795,-4.4629498,-11.639529,1.6186421,0.0021748496
4.5959597,3.1111112,0.00015175901,-0.002186114,-4.2907805,-10.946544,1.5894305,0.002191375
4.5959597,3.1515152,0.00014073402,-0.002202278,-4.126573,-10.252661,1.5629085,0.00220677
4.5959597,3.191919,0.00012909062,-0.0022173095,-3.970304,-9.557772,1.5390834,0.0022210642
4.5959597,3.2323232,0.00011683628,-0.0022311658,-3.821984,-8.8618,1.5179682,0.0022342228
4.5959597,3.2727273,0.000103967264,-0.0022438634,-3.6816342,-8.164698,1.4995928,0.002246271
4.5959597,3.3131313,9.049848e-05,-0.0022553839,-3.5493546,-7.4665427,1.4840095,0.0022571988
4.5959597,3.3535354,7.643178e-05,-0.0022657104,-3.4252896,-6.767506,1.4712957,0.002266999
4.5959597,3.3939395,6.1752275e-05,-0.0022748597,-3.3096795,-6.0679245,1.4615656,0.0022756977
4.5959597,3.4343433,4.6491623e-05,-0.0022828132,-3.2028532,-5.368293,1.454966,0.0022832865
4.5959597,3.4747474,3.0655414e-05,-0.0022895522,-3.1052291,-4.669282,1.4516964,0.0022897576
4.5959597,3.5151515,1.4223158e-05,-0.0022950843,-3.0173361,-3.9717867,1.4519912,0.0022951283
4.5959597,3.5555556,-2.7790666e-06,-0.0022993963,-2.9397986,-3.276877,1.4561318,0.002299398
4.5959597,3.5959597,-2.0366162e-05,-0.0023024958,-2.8733392,-2.5858357,1.464435,0.0023025859
4.5959597,3.6363637,-3.8499013e-05,-0.002304379,-2.8187785,-1.9001309,1.4772488,0.0023047004
4.5959597,3.6767676,-5.7194382e-05,-0.0023050383,-2.7770092,-1.2214308,1.4949441,0.0023057477
4.7272725,0.04040404,-2.2901222e-05,1.5459955e-05,-26.770622,-61.733967,7.267255,2.7631073e-05
4.7272725,0.08080808,-1.093559e-05,-2.1325424e-05,-26.30524,-61.081764,7.154892,2.3965826e-05
4.7272725,0.121212125,7.376075e-07,-5.7786703e-05,-25.845745,-60.429447,7.044137,5.779141e-05
4.7272725,0.16161616,1.2094155e-05,-9.390712e-05,-25.392015,-59.776665,6.93499,9.468271e-05
4.7272725,0.2020202,2.3161992e-05,-0.00012969412,-24.94399,-59.123234,6.8274326,0.00013174613
4.7272725,0.24242425,3.3915043e-05,-0.00016514584,-24.501472,-58.468727,6.7214317,0.00016859235
4.7272725,0.28282827,4.4366345e-05,-0.00020023994,-24.064377,-57.81299,6.6169457,0.00020509609
4.7272725,0.32323232,5.452521e-05,-0.00023499876,-23.632566,-57.15576,6.513927,0.00024124142
4.7272725,0.36363637,6.438978e-05,-0.0002694074,-23.205881,-56.496857,6.4123206,0.0002769953
4.7272725,0.4040404,7.393956e-05,-0.00030345842,-22.784208,-55.836166,6.3120985,0.00031233646
4.7272725,0.44444445,8.319132e-05,-0.00033716112,-22.3674,-55.173553,6.2131977,0.0003472728
4.7272725,0.4848485,9.2152506e-05,-0.00037050433,-21.955334,-54.50898,6.1155915,0.00038179255
4.7272725,0.5252525,0.00010082312,-0.00040348992,-21.547903,-53.842453,6.0192432,0.00041589592
4.7272725,0.56565654,0.000109186396,-0.00043611042,-21.144966,-53.173943,5.9241443,0.00044957086
4.7272725,0.6060606,0.000117247924,-0.00046835653,-20.746449,-52.503555,5.830265,0.0004828094
4.7272725,0.64646465,0.00012501515,-0.00050025247,-20.35228,-51.83145,5.737609,0.0005156368
4.7272725,0.68686867,0.00013249367,-0.00053176656,-19.962343,-51.15766,5.6461906,0.00054802396
4.7272725,0.72727275,0.00013967976,-0.0005629044,-19.576622,-50.482456,5.556021,0.00057997566
4.7272725,0.7676768,0.00014655478,-0.000593666,-19.195032,-49.805965,5.4671245,0.00061148807
4.7272725,0.8080808,0.00015313551,-0.00062405877,-18.817564,-49.1284,5.379543,0.0006425728
4.7272725,0.8484849,0.00015944615,-0.0006540604,-18.444206,-48.44999,5.2932982,0.00067321473
4.7272725,0.8888889,0.00016544573,-0.0006836895,-18.074926,-47.77093,5.208441,0.00070342276
4.7272725,0.9292929,0.00017115474,-0.0007129293,-17.709736,-47.091427,5.124991,0.00073318626
4.7272725,0.969697,0.00017657131,-0.00074178167,-17.348652,-46.41169,5.043,0.0007625073
4.7272725,1.010101,0.00018170476,-0.00077025406,-16.991693,-45.73185,4.962478,0.0007913962
4.7272725,1.050505,0.00018654205,-0.000798326,-16.63885,-45.051994,4.883454,0.0008198307
4.7272725,1.0909091,0.00019109994,-0.0008260235,-16.290173,-44.372288,4.8059096,0.0008478408
4.7272725,1.1313131,0.00019537285,-0.0008533206,-15.9456415,-43.692673,4.7298393,0.0008754008
4.7272725,1.1717172,0.00019936636,-0.00088023394,-15.605288,-43.013134,4.6551986,0.0009025291
4.7272725,1.2121212,0.00020307302,-0.000906758,-15.269106,-42.33361,4.581918,0.0009292194
4.7272725,1.2525252,0.00020650029,-0.0009328816,-14.937108,-41.653927,4.509915,0.00095546345
4.7272725,1.2929293,0.00020964444,-0.00095862336,-14.609335,-40.973965,4.4390707,0.0009812795
4.7272725,1.3333334,0.00021250732,-0.0009839553,-14.285846,-40.2936,4.369242,0.0010066417
4.7272725,1.3737373,0.0002150964,-0.0010089185,-13.966707,-39.612606,4.3002887,0.0010315925
4.7272725,1.4141414,0.00021740422,-0.0010334756,-13.652172,-38.931004,4.232048,0.0010560949
4.7272725,1.4545455,0.00021944568,-0.0010576509,-13.3424425,-38.248688,4.164368,0.0010801767
4.7272725,1.4949495,0.00022121146,-0.0010814425,-13.038034,-37.565777,4.09712,0.0011038353
4.7272725,1.5353535,0.00022271648,-0.0011048634,-12.739498,-36.882294,4.0302157,0.0011270872
4.7272725,1.5757576,0.00022394024,-0.0011279248,-12.447697,-36.19832,3.963641,0.0011499407
4.7272725,1.6161616,0.00022492744,-0.0011506565,-12.163828,-35.513947,3.897424,0.0011724345
4.7272725,1.6565657,0.00022565015,-0.0011730697,-11.889579,-34.829254,3.8316898,0.0011945755
4.7272725,1.6969697,0.00022615679,-0.0011952333,-11.627211,-34.144333,3.766582,0.0012164414
4.7272725,1.7373737,0.00022645108,-0.0012172069,-11.379755,-33.459408,3.7022421,0.0012380924
4.7272725,1.7777778,0.00022659078,-0.0012390856,-11.150928,-32.77494,3.6386895,0.0012596335
4.7272725,1.8181819,0.00022661313,-0.0012609977,-10.944823,-32.091442,3.5756996,0.0012811982
4.7272725,1.8585858,0.00022658892,-0.0012831371,-10.764738,-31.40922,3.5127454,0.0013029901
4.7272725,1.8989899,0.00022660196,-0.001305744,-10.611444,-30.727785,3.448993,0.0013252607
4.7272725,1.939394,0.00022675842,-0.0013290867,-10.481527,-30.046206,3.3835552,0.0013482919
4.7272725,1.979798,0.00022717565,-0.0013535265,-10.366464,-29.363937,3.315933,0.0013724586
4.7272725,2.020202,0.00022797659,-0.0013793875,-10.253811,-28.681698,3.2463188,0.0013980998
4.7272725,2.060606,0.00022922084,-0.0014069267,-10.130067,-28.000944,3.17545,0.0014254771
4.7272725,2.10101,0.00023094192,-0.0014362782,-9.983752,-27.321457,3.1040282,0.0014547266
4.7272725,2.1414142,0.00023311004,-0.0014673676,-9.807766,-26.64042,3.0322824,0.0014857685
4.7272725,2.1818182,0.00023558736,-0.0014999509,-9.600767,-25.955091,2.9601967,0.0015183393
4.7272725,2.2222223,0.0002381783,-0.0015336182,-9.366824,-25.265787,2.8879802,0.0015520031
4.7272725,2.2626262,0.00024072081,-0.001567943,-9.11315,-24.575613,2.8162332,0.0015863139
4.7272725,2.3030303,0.00024303049,-0.00160251,-8.846987,-23.887386,2.745609,0.0016208338
4.7272725,2.3434343,0.00024494343,-0.0016369503,-8.573977,-23.20182,2.676491,0.0016551748
4.7272725,2.3838384,0.0002463609,-0.0016710069,-8.297863,-22.51777,2.6089082,0.0016890701
4.7272725,2.4242425,0.00024720654,-0.001704473,-8.021123,-21.833502,2.5427117,0.0017223065
4.7272725,2.4646466,0.00024740957,-0.0017372016,-7.7456284,-21.147877,2.4777474,0.001754731
4.7272725,2.5050504,0.0002469346,-0.0017690696,-7.4728465,-20.460264,2.4139876,0.0017862206
4.7272725,2.5454545,0.0002457574,-0.0018000286,-7.2040935,-19.7708,2.3515184,0.0018167278
4.7272725,2.5858586,0.00024386309,-0.0018300153,-6.9404716,-19.079836,2.2905283,0.001846192
4.7272725,2.6262627,0.00024122931,-0.0018589813,-6.6828294,-18.387747,2.2312143,0.0018745675
4.7272725,2.6666667,0.00023787841,-0.0018869173,-6.431861,-17.694864,2.1737704,0.0019018525
4.7272725,2.7070708,0.00023376942,-0.0019138046,-6.188023,-17.001287,2.118354,0.0019280291
4.7272725,2.7474747,0.00022894517,-0.0019396041,-5.9516544,-16.307076,2.0650864,0.0019530694
4.7272725,2.7878788,0.000223374,-0.001964325,-5.7229977,-15.612129,2.0140646,0.0019769848
4.7272725,2.8282828,0.00021709315,-0.001987962,-5.502234,-14.916403,1.9653703,0.0019997808
4.7272725,2.868687,0.00021008588,-0.0020104833,-5.289524,-14.219832,1.9190751,0.00202143
4.7272725,2.909091,0.00020236894,-0.0020318888,-5.085005,-13.52238,1.8752416,0.0020419415
4.7272725,2.9494948,0.00019394606,-0.0020521805,-4.8887835,-12.823992,1.8339274,0.0020613247
4.7272725,2.989899,0.00018481165,-0.002071336,-4.7009563,-12.124637,1.7951807,0.0020795644
4.7272725,3.030303,0.00017499551,-0.0020893477,-4.5215645,-11.424183,1.7590262,0.0020966632
4.7272725,3.070707,0.00016448833,-0.0021062046,-4.3506594,-10.722546,1.7254902,0.002112618
4.7272725,3.1111112,0.0001532957,-0.002121916,-4.1882195,-10.01954,1.6945789,0.0021274462
4.7272725,3.1515152,0.00014141947,-0.0021364447,-4.034251,-9.315011,1.6662902,0.0021411201
4.7272725,3.191919,0.00012889318,-0.002149796,-3.888735,-8.608768,1.6406153,0.0021536564
4.7272725,3.2323232,0.00011568144,-0.002161963,-3.7516758,-7.9006777,1.6175569,0.0021650556
4.7272725,3.2727273,0.00010181777,-0.0021729283,-3.6231232,-7.1906857,1.597128,0.0021753125
4.7272725,3.3131313,8.7300315e-05,-0.0021826886,-3.5031576,-6.4788017,1.5793582,0.0021844339
4.7272725,3.3535354,7.211976e-05,-0.0021912307,-3.3919373,-5.765176,1.5643201,0.0021924172
4.7272725,3.3939395,5.6287274e-05,-0.0021985378,-3.2897072,-5.0501533,1.552114,0.0021992582
4.7272725,3.4343433,3.981404e-05,-0.002204612,-3.1967993,-4.3342304,1.5428894,0.0022049714
4.7272725,3.4747474,2.2683293e-05,-0.0022094361,-3.1136827,-3.6181214,1.5368457,0.0022095526
4.7272725,3.5151515,4.9304217e-06,-0.0022130068,-3.040901,-2.902762,1.534226,0.0022130122
4.7272725,3.5555556,-1.3466924e-05,-0.0022153072,-2.9791274,-2.1893182,1.5353408,0.0022153482
4.7272725,3.5959597,-3.248267e-05,-0.0022163559,-2.9291446,-1.4791873,1.5405319,0.0022165938
4.858586,0.04040404,-2.3437664e-05,2.5806949e-05,-26.389898,-61.271496,7.5103164,3.4861478e-05
4.858586,0.08080808,-1.103431e-05,-1.0764226e-05,-25.928423,-60.6093,7.391068,1.5415075e-05
4.858586,0.121212125,1.0523945e-06,-4.69964e-05,-25.47309,-59.947063,7.273595,4.7008183e-05
4.858586,0.16161616,1.2814999e-05,-8.2870945e-05,-25.023783,-59.284485,7.157925,8.3855935e-05
4.858586,0.2020202,2.427958e-05,-0.00011840463,-24.580353,-58.621216,7.0440507,0.00012086833
4.858586,0.24242425,3.5403296e-05,-0.0001535844,-24.142675,-57.957085,6.9319515,0.00015761207
4.858586,0.28282827,4.6225265e-05,-0.00018842705,-23.710594,-57.29183,6.821624,0.00019401424
4.858586,0.32323232,5.6739897e-05,-0.00022290833,-23.28395,-56.625244,6.7130294,0.00023001639
4.858586,0.36363637,6.69267e-05,-0.00025702454,-22.862598,-55.9572,6.6061316,0.00026559518
4.858586,0.4040404,7.6793134e-05,-0.00029079057,-22.446377,-55.287567,6.500901,0.0003007596
4.858586,0.44444445,8.635968e-05,-0.0003241878,-22.035118,-54.616264,6.397303,0.00033549324
4.858586,0.4848485,9.561889e-05,-0.00035723113,-21.628674,-53.94323,6.295301,0.00036980674
4.858586,0.5252525,0.000104552135,-0.00038988702,-21.22693,-53.268513,6.194872,0.00040366204
4.858586,0.56565654,0.00011318736,-0.00042218715,-20.829699,-52.59207,6.095999,0.00043709652
4.858586,0.6060606,0.000121509656,-0.00045410544,-20.436892,-51.913998,5.998667,0.0004700812
4.858586,0.64646465,0.00012952276,-0.0004856512,-20.048378,-51.234417,5.902858,0.00050262635
4.858586,0.68686867,0.00013722852,-0.0005168207,-19.664059,-50.5534,5.808584,0.00053472916
4.858586,0.72727275,0.00014462695,-0.0005476102,-19.283842,-49.87108,5.7158437,0.00056638673
4.858586,0.7676768,0.00015172362,-0.00057802163,-18.90767,-49.18767,5.6246514,0.00059760275
4.858586,0.8080808,0.0001585111,-0.0006080363,-18.535461,-48.503258,5.535028,0.0006283581
4.858586,0.8484849,0.00016499124,-0.000637671,-18.167212,-47.818134,5.4469795,0.00065867015
4.858586,0.8888889,0.00017116405,-0.0006669089,-17.802856,-47.13237,5.3605304,0.0006885235
4.858586,0.9292929,0.00017703883,-0.0006957613,-17.442429,-46.446205,5.2756867,0.0007179321
4.858586,0.969697,0.00018261932,-0.00072422624,-17.085884,-45.759766,5.1924734,0.0007468959
4.858586,1.010101,0.00018790923,-0.0007522963,-16.73328,-45.073235,5.1108766,0.00077540934
4.858586,1.050505,0.00019288808,-0.0007799696,-16.384584,-44.38669,5.0309014,0.00080346654
4.858586,1.0909091,0.00019758381,-0.0008072518,-16.039854,-43.700207,4.9525104,0.00083108054
4.858586,1.1313131,0.00020196848,-0.000834126,-15.699089,-43.01383,4.875672,0.00085822924
4.858586,1.1717172,0.0002060663,-0.0008606203,-15.362328,-42.327534,4.8003087,0.00088494667
4.858586,1.2121212,0.00020987354,-0.0008867085,-15.029583,-41.641254,4.7263603,0.00091120735
4.858586,1.2525252,0.00021339208,-0.0009123925,-14.700899,-40.954926,4.6537037,0.0009370146
4.858586,1.2929293,0.00021661818,-0.00093769096,-14.376302,-40.268414,4.582224,0.0009623865
4.858586,1.3333334,0.0002195593,-0.0009625815,-14.05585,-39.581554,4.511766,0.0009873041
4.858586,1.3737373,0.0002222117,-0.0009870827,-13.739694,-38.89434,4.4421806,0.0010117857
4.858586,1.4141414,0.00022457354,-0.0010111928,-13.427985,-38.20664,4.3733053,0.0010358302
4.858586,1.4545455,0.00022665411,-0.0010348875,-13.121035,-37.51844,4.3049912,0.001059417
4.858586,1.4949495,0.00022844598,-0.0010582097,-12.819214,-36.8298,4.2371197,0.0010825873
4.858586,1.5353535,0.00022996962,-0.0010811538,-12.523114,-36.140774,4.1696186,0.0011053412
4.858586,1.5757576,0.00023120083,-0.0011037309,-12.233538,-35.45137,4.102463,0.001127686
4.858586,1.6161616,0.0002321899,-0.0011259764,-11.9516,-34.761646,4.0357113,0.0011496674
4.858586,1.6565657,0.0002329126,-0.001147896,-11.678884,-34.071625,3.9694812,0.0011712871
4.858586,1.6969697,0.00023339689,-0.0011695623,-11.417559,-33.381348,3.903928,0.0011926232
4.858586,1.7373737,0.00023367628,-0.0011910126,-11.170503,-32.69102,3.8391805,0.0012137197
4.858586,1.7777778,0.0002337955,-0.0012123715,-10.941279,-32.00102,3.7752492,0.0012347085
4.858586,1.8181819,0.000233775,-0.0012337323,-10.733793,-31.311918,3.711889,0.0012556856
4.858586,1.8585858,0.00023372658,-0.0012553111,-10.551195,-30.624027,3.6485195,0.0012768845
4.858586,1.8989899,0.00023371354,-0.0012773145,-10.394198,-29.936901,3.5842452,0.00129852
4.858586,1.939394,0.00023384392,-0.001300035,-10.259478,-29.249691,3.5181153,0.001320899
4.858586,1.979798,0.00023425184,-0.0013237912,-10.138822,-28.56179,3.4495728,0.0013443575
4.858586,2.020202,0.00023504719,-0.0013489183,-10.020348,-27.873964,3.3788345,0.0013692435
4.858586,2.060606,0.00023631938,-0.0013756417,-9.891197,-27.187553,3.3067226,0.0013957926
4.858586,2.10101,0.00023807772,-0.0014040899,-9.740503,-26.502287,3.2340024,0.0014241311
4.858586,2.1414142,0.00024030358,-0.0014342032,-9.56164,-25.815428,3.1608768,0.0014541956
4.858586,2.1818182,0.00024283677,-0.0014657136,-9.353455,-25.124212,3.087213,0.0014856937
4.858586,2.2222223,0.0002455134,-0.0014982522,-9.119968,-24.428991,3.0131245,0.0015182346
4.858586,2.2626262,0.0002481155,-0.0015313681,-8.868208,-23.73287,2.9392242,0.0015513381
4.858586,2.3030303,0.00025046244,-0.001564676,-8.605241,-23.03871,2.8662758,0.0015845953
4.858586,2.3434343,0.00025239587,-0.0015978273,-8.336423,-22.347187,2.7948065,0.001617639
4.858586,2.3838384,0.00025380962,-0.0016305391,-8.065263,-21.657095,2.7249703,0.0016501748
4.858586,2.4242425,0.00025460497,-0.0016626306,-7.794055,-20.966705,2.656657,0.001682012
4.858586,2.4646466,0.0002547335,-0.0016939584,-7.52443,-20.274712,2.589715,0.0017130044
4.858586,2.5050504,0.00025413744,-0.0017244089,-7.2577734,-19.580572,2.524064,0.0017430353
4.858586,2.5454545,0.00025279447,-0.0017539207,-6.995258,-18.88433,2.459752,0.0017720448
4.858586,2.5858586,0.00025069155,-0.0017824396,-6.737917,-18.18634,2.3969145,0.0017999826
4.858586,2.6262627,0.00024781376,-0.0018099211,-6.4865723,-17.48699,2.335715,0.0018268076
4.858586,2.6666667,0.00024415366,-0.0018363539,-6.2419095,-16.786663,2.276322,0.0018525136
4.858586,2.7070708,0.00023971312,-0.0018617027,-6.0043764,-16.085445,2.218874,0.0018770719
4.858586,2.7474747,0.00023448654,-0.0018859636,-5.7743573,-15.383427,2.1634672,0.0019004849
4.858586,2.7878788,0.00022849254,-0.0019091219,-5.552143,-14.68057,2.1101909,0.0019227468
4.858586,2.8282828,0.00022170879,-0.0019311626,-5.3379416,-13.976798,2.05911,0.0019438476
4.858586,2.868687,0.00021417066,-0.0019520819,-5.1319795,-13.272075,2.0102856,0.0019637956
4.858586,2.909091,0.00020584837,-0.001971867,-4.934417,-12.566285,1.9637717,0.0019825823
4.858586,2.9494948,0.00019676983,-0.001990499,-4.745421,-11.859394,1.919619,0.0020002013
4.858586,2.989899,0.00018693879,-0.0020079855,-4.565114,-11.151252,1.8778602,0.0020166684
4.858586,3.030303,0.0001763627,-0.0020242948,-4.393589,-10.4417095,1.8385222,0.0020319629
4.858586,3.070707,0.0001650434,-0.0020394456,-4.2309036,-9.730603,1.8016139,0.0020461127
4.858586,3.1111112,0.00015297905,-0.0020534042,-4.077101,-9.017674,1.7671329,0.0020590948
4.858586,3.1515152,0.00014018826,-0.0020661764,-3.932176,-8.302677,1.7350634,0.0020709268
4.858586,3.191919,0.00012667291,-0.0020777285,-3.7961588,-7.585369,1.7053852,0.0020815863
4.858586,3.2323232,0.000112425536,-0.0020880718,-3.6690443,-6.8655114,1.6780825,0.0020910962
4.858586,3.2727273,9.746663e-05,-0.0020971838,-3.5508974,-6.1429663,1.653154,0.0020994474
4.858586,3.3131313,8.177757e-05,-0.002105061,-3.4418166,-5.4176865,1.630625,0.0021066489
4.858586,3.3535354,6.537698e-05,-0.002111679,-3.3419557,-4.6897426,1.6105335,0.0021126908
4.858586,3.3939395,4.828535e-05,-0.0021170322,-3.2515903,-3.959435,1.5929817,0.0021175828
4.858586,3.4343433,3.0472875e-05,-0.002121102,-3.171077,-3.2272186,1.5781075,0.002121321
4.858586,3.4747474,1.1952594e-05,-0.002123896,-3.1008546,-2.493744,1.5661094,0.0021239298
4.858586,3.5151515,-7.264316e-06,-0.0021253955,-3.0415423,-1.7599711,1.5572351,0.0021254078
4.858586,3.5555556,-2.7189031e-05,-0.0021255799,-2.993844,-1.0270853,1.5518042,0.0021257538
4.989899,0.04040404,-2.3517758e-05,3.6302954e-05,-25.987667,-60.799213,7.7240906,4.3254935e-05
4.989899,0.08080808,-1.0700896e-05,-3.9115548e-08,-25.531296,-60.125774,7.5980625,1.0700967e-05
4.989899,0.121212125,1.790002e-06,-3.6031008e-05,-25.08128,-59.4523,7.474001,3.6075442e-05
4.989899,0.16161616,1.3930723e-05,-7.166527e-05,-24.637466,-58.778515,7.351944,7.300669e-05
4.989899,0.2020202,2.5756657e-05,-0.00010694377,-24.199688,-58.104107,7.231915,0.00011000171
4.989899,0.24242425,3.7247315e-05,-0.00014186464,-23.76788,-57.42904,7.1139207,0.0001466729
4.989899,0.28282827,4.8410147e-05,-0.00017642416,-23.341757,-56.75293,6.997959,0.00018294543
4.989899,0.32323232,5.9232116e-05,-0.00021061301,-22.921213,-56.075714,6.884017,0.00021878365
4.989899,0.36363637,6.972812e-05,-0.00024444982,-22.506063,-55.397243,6.7720776,0.00025420016
4.989899,0.4040404,7.99112e-05,-0.00027789734,-22.09613,-54.71746,6.6621156,0.00028915866
4.989899,0.44444445,8.9757144e-05,-0.00031099655,-21.691233,-54.036263,6.5541115,0.00032368998
4.989899,0.4848485,9.928085e-05,-0.00034370832,-21.291176,-53.35365,6.448031,0.00035775983
4.989899,0.5252525,0.00010848045,-0.00037604012,-20.895836,-52.669617,6.343856,0.00039137475
4.989899,0.56565654,0.00011735037,-0.00040799007,-20.505018,-51.98419,6.2415605,0.00042453152
4.989899,0.6060606,0.00012591109,-0.00043955632,-20.11856,-51.29742,6.141132,0.00045723448
4.989899,0.64646465,0.00013413653,-0.00047074817,-19.73635,-50.609375,6.0425506,0.0004894859
4.989899,0.68686867,0.00014204718,-0.0005015582,-19.35825,-49.920177,5.9458,0.00052128494
4.989899,0.72727275,0.00014965609,-0.0005319733,-18.984135,-49.229893,5.8508816,0.00055262336
4.989899,0.7676768,0.0001569204,-0.00056198984,-18.613905,-48.538677,5.7577844,0.0005834866
4.989899,0.8080808,0.00016389787,-0.0005916208,-18.247492,-47.846657,5.6664977,0.0006139036
4.989899,0.8484849,0.00017055497,-0.00062086247,-17.884827,-47.153984,5.577025,0.0006438627
4.989899,0.8888889,0.00017689168,-0.00064970367,-17.525875,-46.460804,5.489357,0.0006733539
4.989899,0.9292929,0.00018291362,-0.0006781481,-17.170605,-45.767246,5.4034824,0.0007023833
4.989899,0.969697,0.0001886338,-0.0007061884,-16.818998,-45.073444,5.319387,0.0007309479
4.989899,1.010101,0.00019403733,-0.0007338375,-16.47107,-44.37955,5.237048,0.00075905723
4.989899,1.050505,0.00019914843,-0.0007610824,-16.126822,-43.685635,5.1564174,0.0007867061
4.989899,1.0909091,0.00020395033,-0.00078792125,-15.786307,-42.99183,5.077464,0.0008138892
4.989899,1.1313131,0.00020844117,-0.0008143578,-15.449511,-42.29809,5.000108,0.00084061065
4.989899,1.1717172,0.00021263212,-0.0008403957,-15.116501,-41.604458,4.9242854,0.0008668779
4.989899,1.2121212,0.00021652691,-0.00086602755,-14.787328,-40.910965,4.8498735,0.0008926856
4.989899,1.2525252,0.00022010878,-0.00089125894,-14.461985,-40.217472,4.776769,0.00091803615
4.989899,1.2929293,0.0002234187,-0.0009160731,-14.14057,-39.523914,4.7048187,0.00094292406
4.989899,1.3333334,0.00022640079,-0.0009404924,-13.823181,-38.830284,4.6338906,0.0009673589
4.989899,1.3737373,0.00022909418,-0.0009645093,-13.509931,-38.136425,4.5638037,0.0009913438
4.989899,1.4141414,0.00023150444,-0.0009881258,-13.201028,-37.442368,4.4944177,0.0010148827
4.989899,1.4545455,0.00023362227,-0.0010113325,-12.8966875,-36.74801,4.4255853,0.0010379656
4.989899,1.4949495,0.0002354309,-0.0010341555,-12.597364,-36.053455,4.3572035,0.0010606155
4.989899,1.5353535,0.00023695827,-0.001056591,-12.303543,-35.35868,4.289205,0.0010828361
4.989899,1.5757576,0.00023820065,-0.0010786634,-12.01604,-34.663734,4.221572,0.0011046513
4.989899,1.6161616,0.00023917295,-0.0011003818,-11.735866,-33.968548,4.154388,0.0011260746
4.989899,1.6565657,0.00023987703,-0.0011217799,-11.46451,-33.273056,4.0877624,0.0011471404
4.989899,1.6969697,0.00024034083,-0.0011429153,-11.20403,-32.577236,4.021855,0.0011679124
4.989899,1.7373737,0.0002405867,-0.0011638142,-10.957146,-31.88122,3.9567883,0.0011884214
4.989899,1.7777778,0.00024066307,-0.0011846088,-10.727249,-31.185328,3.8925467,0.0012088079
4.989899,1.8181819,0.00024061464,-0.0012054052,-10.518029,-30.490063,3.8288686,0.0012291856
4.989899,1.8585858,0.00024050288,-0.001226386,-10.332454,-29.795723,3.7651246,0.0012497457
4.989899,1.8989899,0.00024045445,-0.0012477599,-10.1712,-29.101946,3.7003508,0.0012707176
4.989899,1.939394,0.00024054572,-0.0012698062,-10.031026,-28.407932,3.6335237,0.0012923892
4.989899,1.979798,0.00024093315,-0.0012928564,-9.904072,-27.713133,3.564059,0.0013151147
4.989899,2.020202,0.00024170429,-0.0013171732,-9.779071,-27.018366,3.4921966,0.0013391663
4.989899,2.060606,0.00024295412,-0.0013430342,-9.643918,-26.324957,3.4188313,0.0013648324
4.989899,2.10101,0.0002447404,-0.0013705324,-9.488475,-25.632734,3.3447926,0.001392213
4.989899,2.1414142,0.00024697185,-0.001399599,-9.306592,-24.938942,3.2702587,0.0014212221
4.989899,2.1818182,0.00024952926,-0.0014299769,-9.097339,-24.240896,3.1949615,0.001451585
4.989899,2.2222223,0.0002522245,-0.0014613047,-8.864672,-23.538897,3.1189263,0.0014829122
4.989899,2.2626262,0.00025483035,-0.0014931317,-8.615379,-22.836002,3.0427427,0.0015147214
4.989899,2.3030303,0.00025717728,-0.0015250985,-8.356219,-22.135021,2.9672923,0.0015466304
4.989899,2.3434343,0.00025906973,-0.0015568417,-8.092267,-21.436575,2.8932502,0.00157825
4.989899,2.3838384,0.00026041642,-0.0015881322,-7.8267417,-20.739397,2.8209019,0.0016093417
4.989899,2.4242425,0.00026110746,-0.0016187467,-7.5616693,-20.04171,2.750193,0.0016396701
4.989899,2.4646466,0.0002611,-0.0016485807,-7.298509,-19.34223,2.6809676,0.001669129
4.989899,2.5050504,0.00026031397,-0.0016775075,-7.038473,-18.6404,2.6131084,0.001697585
4.989899,2.5454545,0.00025875866,-0.001705464,-6.7826195,-17.936277,2.5466073,0.0017249822
4.989899,2.5858586,0.00025637448,-0.0017323997,-6.5318794,-17.230236,2.4815402,0.0017512671
4.989899,2.6262627,0.00025319308,-0.0017582886,-6.287042,-16.52271,2.4180248,0.0017764249
4.989899,2.6666667,0.0002491735,-0.0017830878,-6.048746,-15.814075,2.3561866,0.0018004137
4.989899,2.7070708,0.0002443362,-0.0018068049,-5.8174577,-15.104488,2.2961187,0.0018232509
4.989899,2.7474747,0.00023866259,-0.0018293932,-5.5935645,-14.394064,2.2379057,0.0018448954
4.989899,2.7878788,0.00023216382,-0.0018508676,-5.377363,-13.6827545,2.1815987,0.0018653716
4.989899,2.8282828,0.00022483058,-0.0018712003,-5.169141,-12.970549,2.1272457,0.0018846589
4.989899,2.868687,0.00021668524,-0.0018903948,-4.9691186,-12.257349,2.0748842,0.001902773
4.989899,2.909091,0.00020771287,-0.001908429,-4.7775393,-11.543063,2.0245516,0.0019196994
4.989899,2.9494948,0.00019792654,-0.0019252952,-4.594586,-10.827579,1.9762933,0.0019354422
4.989899,2.989899,0.00018733367,-0.0019409936,-4.4204335,-10.11073,1.9301223,0.0019500129
4.989899,3.030303,0.00017592497,-0.001955498,-4.255226,-9.392301,1.8860643,0.0019633956
4.989899,3.070707,0.00016373396,-0.0019688196,-4.099052,-8.672022,1.8441166,0.0019756162
4.989899,3.1111112,0.00015072338,-0.0019809287,-3.9519947,-7.949586,1.8042649,0.0019866545
4.989899,3.1515152,0.00013692863,-0.0019918084,-3.8140857,-7.2246456,1.7664902,0.0019965095
4.989899,3.191919,0.00012234971,-0.00200147,-3.6853802,-6.4968433,1.7307591,0.0020052062
4.989899,3.2323232,0.00010698475,-0.0020098854,-3.5659103,-5.76586,1.6970483,0.0020127308
4.989899,3.2727273,9.083748e-05,-0.0020170473,-3.4557557,-5.031447,1.665338,0.0020190915
4.989899,3.3131313,7.3913485e-05,-0.0020229425,-3.3550327,-4.2934275,1.6356387,0.0020242925
4.989899,3.3535354,5.6203455e-05,-0.0020275414,-3.263928,-3.5517921,1.6079804,0.0020283202
4.989899,3.3939395,3.77167e-05,-0.002030842,-3.1827097,-2.8066978,1.5824488,0.0020311922
4.989899,3.4343433,1.8453225e-05,-0.0020328443,-3.1117685,-2.0585341,1.5591756,0.0020329282
4.989899,3.4747474,-1.5702099e-06,-0.002033513,-3.051584,-1.3078871,1.5383459,0.0020335137
5.121212,0.04040404,-2.3100525e-05,4.683435e-05,-25.564507,-60.313377,7.904052,5.2221552e-05
5.121212,0.08080808,-9.892508e-06,1.0708347e-05,-25.114614,-59.627586,7.7715225,1.4578422e-05
5.121212,0.121212125,2.9616058e-06,-2.5037676e-05,-24.67125,-58.941795,7.6411557,2.5212225e-05
5.121212,0.16161616,1.5472993e-05,-6.0414895e-05,-24.234179,-58.25566,7.5130167,6.236484e-05
5.121212,0.2020202,2.7634203e-05,-9.5432624e-05,-23.803305,-57.569084,7.3871593,9.9353085e-05
5.121212,0.24242425,3.9452687e-05,-0.00013007596,-23.378382,-56.88181,7.263602,0.00013592745
5.121212,0.28282827,5.092658e-05,-0.00016435981,-22.959316,-56.19379,7.142371,0.00017206877
5.121212,0.32323232,6.204471e-05,-0.00019825436,-22.545862,-55.504837,7.0234656,0.00020773622
5.121212,0.36363637,7.283315e-05,-0.00023177452,-22.137838,-54.814877,6.9068727,0.00024294875
5.121212,0.4040404,8.327514e-05,-0.00026492216,-21.735037,-54.123863,6.792586,0.00027770217
5.121212,0.44444445,9.3383715e-05,-0.00029767863,-21.337292,-53.43176,6.6805973,0.0003119825
5.121212,0.4848485,0.000103136525,-0.00033005327,-20.944387,-52.73855,6.5708656,0.0003457923
5.121212,0.5252525,0.00011257082,-0.0003620349,-20.556166,-52.044296,6.4633775,0.00037913249
5.121212,0.56565654,0.00012166239,-0.00039362535,-20.172379,-51.348904,6.3581104,0.00041199836
5.121212,0.6060606,0.00013043173,-0.00042483956,-19.792881,-50.652508,6.2550263,0.00044441095
5.121212,0.64646465,0.00013886392,-0.00045565143,-19.417545,-49.95517,6.1541114,0.0004763417
5.121212,0.68686867,0.00014695898,-0.00048606843,-19.04617,-49.25695,6.0553274,0.0005077986
5.121212,0.72727275,0.0001547262,-0.0005160887,-18.678642,-48.557922,5.9586635,0.00053878356
5.121212,0.7676768,0.00016217306,-0.0005457159,-18.314829,-47.858173,5.864079,0.00056930305
5.121212,0.8080808,0.00016929768,-0.00057493336,-17.954607,-47.15779,5.771563,0.00059934135
5.121212,0.8484849,0.00017609447,-0.0006037466,-17.597952,-46.45694,5.6810675,0.0006289032
5.121212,0.8888889,0.00018257089,-0.00063216686,-17.244732,-45.75565,5.5925765,0.00065800233
5.121212,0.9292929,0.00018872134,-0.00066016987,-16.894949,-45.054115,5.506037,0.0006866149
5.121212,0.969697,0.00019455887,-0.000687778,-16.548594,-44.352413,5.4214196,0.0007147669
5.121212,1.010101,0.00020008348,-0.0007149726,-16.205624,-43.650627,5.3386607,0.0007424414
5.121212,1.050505,0.00020529144,-0.0007417612,-15.866049,-42.948845,5.2577085,0.0007696455
5.121212,1.0909091,0.00021018647,-0.00076813996,-15.529927,-42.247215,5.1784825,0.00079637766
5.121212,1.1313131,0.00021475926,-0.0007941127,-15.197278,-41.545708,5.1008925,0.00082263997
5.121212,1.1717172,0.0002190303,-0.0008196607,-14.86814,-40.84439,5.0248394,0.00084842084
5.121212,1.2121212,0.00022299588,-0.0008448176,-14.542569,-40.143227,4.9502006,0.0008737528
5.121212,1.2525252,0.00022664107,-0.0008695517,-14.22066,-39.44229,4.876842,0.0008986024
5.121212,1.2929293,0.00022998825,-0.0008938778,-13.902454,-38.74142,4.804622,0.00092299085
5.121212,1.3333334,0.00023302436,-0.0009177923,-13.588097,-38.040684,4.73338,0.0009469124
5.121212,1.3737373,0.00023575686,-0.0009412933,-13.277704,-37.339973,4.6629624,0.00097036816
5.121212,1.4141414,0.00023818575,-0.0009643957,-12.971498,-36.639294,4.593218,0.0009933738
5.121212,1.4545455,0.00024031103,-0.0009870864,-12.669709,-35.938614,4.5240145,0.0010159179
5.121212,1.4949495,0.0002421271,-0.0010093898,-12.372761,-35.237995,4.455248,0.0010380237
5.121212,1.5353535,0.00024365634,-0.0010312889,-12.081138,-34.537357,4.386877,0.0010596816
5.121212,1.5757576,0.00024488382,-0.0010528136,-11.795576,-33.83669,4.318909,0.0010809185
5.121212,1.6161616,0.00024583563,-0.0010739863,-11.517033,-33.135864,4.251408,0.001101763
5.121212,1.6565657,0.0002465099,-0.0010948367,-11.246951,-32.434753,4.1845083,0.0011222453
5.121212,1.6969697,0.0002469495,-0.0011153873,-10.987178,-31.733185,4.1183586,0.0011423979
5.121212,1.7373737,0.0002471581,-0.0011357255,-10.740317,-31.031187,4.053073,0.0011623079
5.121212,1.7777778,0.00024716184,-0.0011559334,-10.509576,-30.329033,3.9886055,0.0011820622
5.121212,1.8181819,0.00024707615,-0.00117613,-10.298355,-29.627052,3.924666,0.0012018022
5.121212,1.8585858,0.00024691038,-0.0011964664,-10.109474,-28.925596,3.8605702,0.0012216778
5.121212,1.8989899,0.0002467893,-0.0012171809,-9.943483,-28.224327,3.795299,0.0012419478
5.121212,1.939394,0.00024683028,-0.0012385324,-9.797284,-27.522501,3.7277503,0.0012628887
5.121212,1.979798,0.00024715438,-0.001260804,-9.663378,-26.819729,3.657318,0.0012848004
5.121212,2.020202,0.00024788082,-0.0012842976,-9.531172,-26.116844,3.5842714,0.0013080004
5.121212,2.060606,0.00024910644,-0.0013092346,-9.389427,-25.415356,3.5095916,0.0013327225
5.121212,2.10101,0.00025084056,-0.001335727,-9.228805,-24.715101,3.4341493,0.0013590761
5.121212,2.1414142,0.00025304966,-0.0013636891,-9.043733,-24.013525,3.3581107,0.0013869687
5.121212,2.1818182,0.00025558285,-0.0013928637,-8.8334675,-23.307884,3.2810822,0.0014161186
5.121212,2.2222223,0.000258239,-0.0014228933,-8.601909,-22.598454,3.2029653,0.0014461371
5.121212,2.2626262,0.00026080012,-0.001453368,-8.355498,-21.888115,3.1243408,0.0014765823
5.121212,2.3030303,0.00026306324,-0.0014838949,-8.100681,-21.17964,3.0461862,0.0015070323
5.121212,2.3434343,0.00026486628,-0.0015141722,-7.8421335,-20.47351,2.9693344,0.0015371635
5.121212,2.3838384,0.00026608072,-0.0015439428,-7.5827484,-19.768435,2.8942018,0.0015667031
5.121212,2.4242425,0.00026659667,-0.0015729945,-7.324292,-19.06262,2.8208084,0.0015954265
5.121212,2.4646466,0.00026636757,-0.0016012229,-7.0679903,-18.354809,2.748994,0.0016232271
5.121212,2.5050504,0.00026533566,-0.0016285237,-6.8148785,-17.644482,2.6786065,0.0016499978
5.121212,2.5454545,0.00026349537,-0.0016548298,-6.5658846,-16.931742,2.6095743,0.0016756764
5.121212,2.5858586,0.0002607964,-0.0016800929,-6.32186,-16.217028,2.5419025,0.0017002138
5.121212,2.6262627,0.00025723688,-0.0017042719,-6.083502,-15.500798,2.4756525,0.0017235758
5.121212,2.6666667,0.00025280565,-0.0017273612,-5.851391,-14.783426,2.410891,0.0017457627
5.121212,2.7070708,0.0002474971,-0.0017493144,-5.62598,-14.065133,2.3476663,0.0017667358
5.121212,2.7474747,0.00024132244,-0.0017701406,-5.407664,-13.346056,2.2860167,0.0017865145
5.121212,2.7878788,0.00023426488,-0.0017898306,-5.1967497,-12.626176,2.225963,0.0018050966
5.121212,2.8282828,0.0002263356,-0.0018083602,-4.9935303,-11.905458,2.1675196,0.0018224693
5.121212,2.868687,0.00021752156,-0.0018257126,-4.7982855,-11.183819,2.1106927,0.0018386251
5.121212,2.909091,0.00020784698,-0.0018419009,-4.6112556,-10.461123,2.0555162,0.0018535908
5.121212,2.9494948,0.00019729696,-0.0018569026,-4.4327054,-9.737248,2.001997,0.0018673546
5.121212,2.989899,0.00018587336,-0.0018707104,-4.26283,-9.011936,1.9501473,0.0018799219
5.121212,3.030303,0.00017359667,-0.0018833205,-4.101824,-8.284943,1.8999838,0.0018913043
5.121212,3.070707,0.00016046502,-0.001894705,-3.9498308,-7.555889,1.8514926,0.0019014878
5.121212,3.1111112,0.00014645793,-0.001904862,-3.8069704,-6.824398,1.8046604,0.001910484
5.121212,3.1515152,0.00013160892,-0.0019138027,-3.6733356,-6.0900173,1.7594606,0.0019183226
5.121212,3.191919,0.00011590682,-0.0019214693,-3.549004,-5.352286,1.7158513,0.001924962
5.121212,3.2323232,9.934977e-05,-0.0019278768,-3.4340732,-4.6107507,1.6738018,0.0019304351
5.121212,3.2727273,8.1948936e-05,-0.0019330066,-3.3286474,-3.8650281,1.6332917,0.0019347429
5.121212,3.3131313,6.37006e-05,-0.0019368287,-3.2328782,-3.1148303,1.594308,0.001937876
5.121212,3.3535354,4.4601038e-05,-0.0019393563,-3.1469686,-2.3599958,1.5568852,0.0019398691
5.121212,3.3939395,2.4657696e-05,-0.001940554,-3.0712311,-1.6005496,1.5210855,0.0019407107
5.121212,3.4343433,3.8724393e-06,-0.0019403994,-3.0060658,-0.8367221,1.4870286,0.0019404033
5.2525253,0.04040404,-2.214685e-05,5.721487e-05,-25.121403,-59.809418,8.0457115,6.1351646e-05
5.2525253,0.08080808,-8.586794e-06,2.1334738e-05,-24.679586,-59.110405,7.907114,2.2997914e-05
5.2525253,0.121212125,4.608184e-06,-1.4169142e-05,-24.244326,-58.411358,7.770912,1.4899662e-05
5.2525253,0.16161616,1.744181e-05,-4.9289316e-05,-23.815422,-57.712067,7.6371927,5.228435e-05
5.2525253,0.2020202,2.9915944e-05,-8.402392e-05,-23.392698,-57.01236,7.5060124,8.919071e-05
5.2525253,0.24242425,4.2025e-05,-0.00011838786,-22.975964,-56.31212,7.3774176,0.00012562558
5.2525253,0.28282827,5.377829e-05,-0.00015236437,-22.565014,-55.61127,7.2514496,0.00016157662
5.2525253,0.32323232,6.5168366e-05,-0.00018595345,-22.159695,-54.909756,7.1281157,0.00019704214
5.2525253,0.36363637,7.6210126e-05,-0.00021914765,-21.759737,-54.207493,7.007426,0.00023202086
5.2525253,0.4040404,8.688308e-05,-0.00025196,-21.364943,-53.50444,6.8893714,0.00026651926
5.2525253,0.44444445,9.722635e-05,-0.00028437376,-20.975143,-52.800644,6.7739406,0.00030053518
5.2525253,0.4848485,0.00010719709,-0.00031639077,-20.590076,-52.096043,6.6611104,0.00033405737
5.2525253,0.5252525,0.00011682883,-0.00034801476,-20.209574,-51.390713,6.550863,0.00036710114
5.2525253,0.56565654,0.00012611039,-0.00037923083,-19.833424,-50.684673,6.4431567,0.00039964967
5.2525253,0.6060606,0.00013506413,-0.00041005388,-19.461445,-49.977997,6.337959,0.00043172503
5.2525253,0.64646465,0.00014364906,-0.00044047274,-19.093435,-49.270657,6.2352357,0.00046330475
5.2525253,0.68686867,0.00015191361,-0.00047048368,-18.729208,-48.562748,6.134935,0.0004944013
5.2525253,0.72727275,0.00015983544,-0.0005000867,-18.368652,-47.854317,6.0370197,0.00052500865
5.2525253,0.7676768,0.00016742013,-0.00052927434,-18.011602,-47.14543,5.9414363,0.00055512233
5.2525253,0.8080808,0.00017466955,-0.00055806525,-17.657925,-46.43615,5.848139,0.0005847617
5.2525253,0.8484849,0.00018158741,-0.0005864501,-17.30753,-45.726574,5.75707,0.0006139199
5.2525253,0.8888889,0.0001881849,-0.0006144121,-16.960344,-45.016727,5.6681643,0.0006425853
5.2525253,0.9292929,0.00019444712,-0.0006419625,-16.61631,-44.306747,5.5813694,0.0006707649
5.2525253,0.969697,0.00020038523,-0.000669105,-16.275383,-43.596706,5.4966025,0.00069846667
5.2525253,1.010101,0.00020598434,-0.00069582276,-15.937578,-42.88667,5.413783,0.00072567136
5.2525253,1.050505,0.0002112817,-0.0007221289,-15.602868,-42.176743,5.3328238,0.0007524029
5.2525253,1.0909091,0.00021624379,-0.00074801594,-15.271323,-41.466988,5.253626,0.00077864574
5.2525253,1.1313131,0.00022089481,-0.0007734969,-14.942945,-40.75746,5.1760807,0.00080442027
5.2525253,1.1717172,0.00022523478,-0.0007985495,-14.617816,-40.048203,5.1000614,0.00082970597
5.2525253,1.2121212,0.0002292376,-0.0008231867,-14.296001,-39.339252,5.025435,0.00085450936
5.2525253,1.2525252,0.00023294054,-0.00084741786,-13.977568,-38.630577,4.9520516,0.0008788506
5.2525253,1.2929293,0.00023631565,-0.00087120384,-13.662647,-37.92224,4.8797626,0.00090268557
5.2525253,1.3333334,0.00023938343,-0.00089458935,-13.351347,-37.2142,4.808416,0.000926064
5.2525253,1.3737373,0.00024213456,-0.0009175632,-13.043828,-36.506424,4.737846,0.0009489739
5.2525253,1.4141414,0.00024457276,-0.0009401236,-12.740322,-35.798954,4.6679063,0.00097141555
5.2525253,1.4545455,0.00024668127,-0.0009622555,-12.441082,-35.091774,4.5984955,0.0009933717
5.2525253,1.4949495,0.00024851784,-0.0009839963,-12.146493,-34.384846,4.529519,0.001014894
5.2525253,1.5353535,0.0002500154,-0.0010053422,-11.857039,-33.678135,4.4609404,0.0010359637
5.2525253,1.5757576,0.00025122985,-0.0010262989,-11.573391,-32.9715,4.3927755,0.0010566011
5.2525253,1.6161616,0.00025215,-0.0010468978,-11.296485,-32.264828,4.325114,0.0010768356
5.2525253,1.6565657,0.00025279634,-0.0010671597,-11.027605,-31.55776,4.258086,0.0010966931
5.2525253,1.6969697,0.00025317632,-0.0010871366,-10.76852,-30.85014,4.1918163,0.0011162277
5.2525253,1.7373737,0.00025332347,-0.0011068676,-10.521625,-30.14181,4.1264167,0.0011354861
5.2525253,1.7777778,0.00025328062,-0.0011264496,-10.289896,-29.432928,4.0618143,0.0011545734
5.2525253,1.8181819,0.00025312044,-0.0011460017,-10.076533,-28.723833,3.9976575,0.0011736226
5.2525253,1.8585858,0.00025288016,-0.0011656843,-9.8840275,-28.01469,3.9332342,0.0011927985
5.2525253,1.8989899,0.0002526939,-0.0011857059,-9.712883,-27.305273,3.8674297,0.0012123336
5.2525253,1.939394,0.0002526492,-0.0012063049,-9.560058,-26.594925,3.7990983,0.0012324784
5.2525253,1.979798,0.00025288947,-0.0012277812,-9.418503,-25.88338,3.727619,0.0012535548
5.2525253,2.020202,0.00025354698,-0.0012503862,-9.278359,-25.171616,3.6532881,0.0012758338
5.2525253,2.060606,0.00025468506,-0.0012743659,-9.129348,-24.461256,3.577162,0.0012995665
5.2525253,2.10101,0.00025635026,-0.0012997966,-8.962997,-23.752323,3.500187,0.0013248345
5.2525253,2.1414142,0.00025847368,-0.001326587,-8.774388,-23.042341,3.4224896,0.0013515331
5.2525253,2.1818182,0.0002609305,-0.0013545044,-8.562999,-22.328627,3.34357,0.0013794082
5.2525253,2.2222223,0.00026348047,-0.0013831742,-8.3325815,-21.611269,3.263206,0.0014080458
5.2525253,2.2626262,0.00026592985,-0.0014122203,-8.089284,-20.89311,3.1819456,0.0014370403
5.2525253,2.3030303,0.00026805326,-0.0014412384,-7.8390727,-20.17669,3.1008754,0.0014659539
5.2525253,2.3434343,0.00026968867,-0.0014699679,-7.58622,-19.46244,3.0209775,0.0014945024
5.2525253,2.3838384,0.0002706945,-0.0014981218,-7.3332443,-18.748991,2.9428053,0.0015223812
5.2525253,2.4242425,0.00027097017,-0.0015255325,-7.0815926,-18.034573,2.8664498,0.001549411
5.2525253,2.4646466,0.0002704598,-0.0015520789,-6.832252,-17.317951,2.791763,0.0015754674
5.2525253,2.5050504,0.00026912428,-0.0015776642,-6.586102,-16.598753,2.7185524,0.0016004536
5.2525253,2.5454545,0.0002669189,-0.0016022418,-6.343903,-15.877114,2.646682,0.0016243227
5.2525253,2.5858586,0.0002638325,-0.0016257409,-6.1063833,-15.153529,2.576081,0.0016470097
5.2525253,2.6262627,0.0002598334,-0.0016481318,-5.87415,-14.4284725,2.5067325,0.0016684878
5.2525253,2.6666667,0.00025492162,-0.0016693994,-5.647736,-13.702368,2.4386406,0.0016887509
5.2525253,2.7070708,0.00024910085,-0.0016895253,-5.427547,-12.975449,2.371799,0.0017077901
5.2525253,2.7474747,0.00024236552,-0.0017085001,-5.213955,-12.24786,2.3061888,0.0017256053
5.2525253,2.7878788,0.0002347026,-0.0017263032,-5.007252,-11.519579,2.241788,0.0017421849
5.2525253,2.8282828,0.00022611581,-0.0017429404,-4.807756,-10.790573,2.1785636,0.0017575464
5.2525253,2.868687,0.00021660328,-0.001758391,-4.615755,-10.060738,2.1165128,0.0017716817
5.2525253,2.909091,0.00020617433,-0.0017726477,-4.4315276,-9.329913,2.055619,0.0017845974
5.2525253,2.9494948,0.00019480847,-0.001785703,-4.2553644,-8.59791,1.9958835,0.0017962977
5.2525253,2.989899,0.00018252619,-0.0017975401,-4.0875125,-7.8644276,1.9373037,0.0018067834
5.2525253,3.030303,0.00016934238,-0.0018081758,-3.9282045,-7.1291375,1.8798803,0.0018160882
5.2525253,3.070707,0.00015523098,-0.0018175673,-3.777653,-6.391614,1.8235977,0.0018241841
5.2525253,3.1111112,0.00014019571,-0.0018257126,-3.6360085,-5.6513247,1.7684407,0.0018310875
5.2525253,3.1515152,0.00012424588,-0.0018326119,-3.5034497,-4.907765,1.7143731,0.0018368189
5.2525253,3.191919,0.00010737777,-0.0018382352,-3.3800929,-4.160343,1.6613631,0.0018413686
5.2525253,3.2323232,8.958019e-05,-0.0018425714,-3.2660873,-3.408471,1.6093695,0.0018447477
5.2525253,3.2727273,7.0892274e-05,-0.0018456094,-3.1615844,-2.6516342,1.5583701,0.0018469704
5.2525253,3.3131313,5.1274896e-05,-0.0018473398,-3.0667899,-1.8893901,1.5083393,0.0018480512
5.2525253,3.3535354,3.0741096e-05,-0.0018477272,-2.9819384,-1.1214118,1.4593141,0.001847983
5.383838,0.04040404,-2.0649284e-05,6.7293644e-05,-24.65989,-59.281982,8.144729,7.039054e-05
5.383838,0.08080808,-6.7576766e-06,3.1670555e-05,-24.22786,-58.569134,8.000724,3.2383487e-05
5.383838,0.121212125,6.740913e-06,-3.5725534e-06,-23.802319,-57.856255,7.85936,7.6290917e-06
5.383838,0.16161616,1.9866973e-05,-3.8417056e-05,-23.38306,-57.14317,7.7207427,4.325005e-05
5.383838,0.2020202,3.260933e-05,-7.28704e-05,-22.969898,-56.429806,7.584947,7.983398e-05
5.383838,0.24242425,4.4984743e-05,-0.00010692887,-22.562613,-55.71604,7.452044,0.000116006086
5.383838,0.28282827,5.6976452e-05,-0.00014059246,-22.16099,-55.001865,7.322053,0.00015169889
5.383838,0.32323232,6.860681e-05,-0.0001738444,-21.76481,-54.287197,7.195019,0.0001868924
5.383838,0.36363637,7.985905e-05,-0.00020671263,-21.37386,-53.572052,7.0709443,0.00022160231
5.383838,0.4040404,9.075366e-05,-0.00023916736,-20.98792,-52.856445,6.9498363,0.00025580707
5.383838,0.44444445,0.00010128133,-0.00027121976,-20.60678,-52.14038,6.8316817,0.0002895135
5.383838,0.4848485,0.000111432746,-0.00030286796,-20.230232,-51.42391,6.716451,0.000322717
5.383838,0.5252525,0.00012124702,-0.00033409894,-19.85805,-50.707058,6.6041193,0.00035541938
5.383838,0.56565654,0.00013068877,-0.00036492012,-19.490023,-49.98984,6.494637,0.0003876161
5.383838,0.6060606,0.00013977662,-0.00039532967,-19.125969,-49.272324,6.387964,0.0004193126
5.383838,0.64646465,0.00014851429,-0.00042533502,-18.765661,-48.554543,6.2840466,0.0004505179
5.383838,0.68686867,0.00015689991,-0.00045491382,-18.40894,-47.836502,6.182816,0.00048121114
5.383838,0.72727275,0.00016495213,-0.00048408285,-18.055632,-47.11827,6.0842257,0.0005114151
5.383838,0.7676768,0.00017264485,-0.0005128253,-17.705585,-46.399864,5.9881835,0.00054110633
5.383838,0.8080808,0.00018000789,-0.00054116175,-17.358667,-45.68132,5.894618,0.00057031476
5.383838,0.8484849,0.00018703192,-0.0005690716,-17.014761,-44.962708,5.803459,0.00059901876
5.383838,0.8888889,0.00019371323,-0.0005965587,-16.67378,-44.24404,5.714604,0.0006272217
5.383838,0.9292929,0.00020004995,-0.00062362663,-16.33566,-43.52538,5.6279726,0.0006549276
5.383838,0.969697,0.00020605512,-0.0006502867,-16.000372,-42.806812,5.5434575,0.00068215205
5.383838,1.010101,0.00021174364,-0.0006765034,-15.667898,-42.088364,5.4609485,0.00070886686
5.383838,1.050505,0.00021709129,-0.0007023066,-15.33824,-41.37012,5.3803377,0.0007350941
5.383838,1.0909091,0.00022211671,-0.00072768144,-15.011417,-40.652145,5.3014956,0.00076082593
5.383838,1.1313131,0.00022681989,-0.0007526316,-14.687482,-39.934475,5.2242975,0.00078606716
5.383838,1.1717172,0.00023118965,-0.0007771589,-14.366513,-39.217167,5.148594,0.00081081723
5.383838,1.2121212,0.00023523532,-0.0008012615,-14.048587,-38.50029,5.074239,0.00083507824
5.383838,1.2525252,0.00023895875,-0.0008249413,-13.733816,-37.783855,5.001078,0.0008588536
5.383838,1.2929293,0.00024236925,-0.0008481946,-13.422316,-37.067898,4.9289556,0.0008821434
5.383838,1.3333334,0.0002454389,-0.0008710176,-13.114222,-36.352398,4.8577085,0.0009049375
5.383838,1.3737373,0.00024820305,-0.0008934252,-12.809731,-35.637436,4.787192,0.0009272612
5.383838,1.4141414,0.0002506338,-0.0009154137,-12.509033,-34.92293,4.717278,0.0009491046
5.383838,1.4545455,0.0002527386,-0.0009369794,-12.212467,-34.20897,4.647842,0.0009704675
5.383838,1.4949495,0.00025453232,-0.0009581335,-11.920343,-33.49546,4.578839,0.000991366
5.383838,1.5353535,0.00025602803,-0.000978889,-11.633144,-32.782307,4.5102305,0.0010118171
5.383838,1.5757576,0.00025719963,-0.000999257,-11.351526,-32.069374,4.4420505,0.0010318266
5.383838,1.6161616,0.00025808066,-0.0010192525,-11.076307,-31.356373,4.3743896,0.0010514186
5.383838,1.6565657,0.00025865808,-0.0010388996,-10.808697,-30.642971,4.307375,0.001070615
5.383838,1.6969697,0.00025898777,-0.0010582469,-10.550328,-29.92884,4.2411265,0.0010894776
5.383838,1.7373737,0.00025906786,-0.0010773502,-10.303402,-29.213772,4.1757145,0.0011080612
5.383838,1.7777778,0.00025896356,-0.0010962915,-10.070592,-28.497776,4.1110473,0.0011264622
5.383838,1.8181819,0.0002587065,-0.0011151787,-9.854877,-27.781124,4.046721,0.0011447937
5.383838,1.8585858,0.00025839172,-0.0011341721,-9.65847,-27.063997,3.9819348,0.0011632337
5.383838,1.8989899,0.00025809184,-0.0011534449,-9.481665,-26.346088,3.915539,0.0011819672
5.383838,1.939394,0.00025795773,-0.0011732746,-9.321553,-25.626917,3.8463323,0.0012012974
5.383838,1.979798,0.00025809743,-0.0011939052,-9.171522,-24.90628,3.7736733,0.0012214844
5.383838,2.020202,0.00025863945,-0.0012155995,-9.022541,-24.185335,3.6978958,0.0012428099
5.383838,2.060606,0.00025965087,-0.0012385659,-8.865344,-23.465815,3.6201465,0.0012654896
5.383838,2.10101,0.00026119873,-0.0012628809,-8.692507,-22.747932,3.5414393,0.0012896096
5.383838,2.1414142,0.00026319735,-0.0012884568,-8.499754,-22.02931,3.4618773,0.0013150641
5.383838,2.1818182,0.00026550703,-0.0013150387,-8.286822,-21.30727,3.3808658,0.0013415739
5.383838,2.2222223,0.00026790425,-0.001342304,-8.057323,-20.58188,3.298046,0.0013687778
5.383838,2.2626262,0.00027016364,-0.0013698451,-7.8170104,-19.855738,3.2139556,0.001396232
5.383838,2.3030303,0.0002720747,-0.0013973061,-7.5713325,-19.13123,3.1297574,0.0014235481
5.383838,2.3434343,0.00027346238,-0.0014243871,-7.324112,-18.408712,3.0465899,0.0014504
5.383838,2.3838384,0.00027418323,-0.0014508627,-7.077432,-17.686733,2.9651399,0.001476543
5.383838,2.4242425,0.0002741441,-0.0014765635,-6.83242,-16.963596,2.885589,0.0015017971
5.383838,2.4646466,0.00027329102,-0.0015013665,-6.5898204,-16.23815,2.8077981,0.0015260371
5.383838,2.5050504,0.00027157553,-0.0015251674,-6.350284,-15.510099,2.7315397,0.0015491574
5.383838,2.5454545,0.0002689492,-0.0015479233,-6.1144586,-14.7797,2.6565914,0.0015711143
5.383838,2.5858586,0.00026538782,-0.0015695747,-5.882905,-14.047443,2.5828128,0.0015918527
5.383838,2.6262627,0.00026089698,-0.0015901104,-5.656154,-13.313888,2.5101075,0.0016113715
5.383838,2.6666667,0.00025546737,-0.0016094968,-5.434639,-12.5794325,2.438393,0.0016296451
5.383838,2.7070708,0.00024906918,-0.0016277265,-5.2187223,-11.844328,2.367601,0.0016466721
5.383838,2.7474747,0.00024172477,-0.0016447697,-5.008722,-11.108666,2.297652,0.0016624375
5.383838,2.7878788,0.00023341365,-0.0016606487,-4.8049235,-10.372441,2.2284694,0.0016769723
5.383838,2.8282828,0.00022413395,-0.0016753208,-4.607639,-9.635571,2.159987,0.0016902472
5.383838,2.868687,0.000213895,-0.0016888026,-4.417154,-8.897921,2.0921457,0.0017022941
5.383838,2.909091,0.00020267256,-0.0017010663,-4.233784,-8.159286,2.0249095,0.0017130974
5.383838,2.9494948,0.00019048154,-0.0017121211,-4.057833,-7.4194007,1.9582564,0.0017226845
5.383838,2.989899,0.00017731637,-0.0017219465,-3.8895924,-6.6779284,1.892164,0.001731052
5.383838,3.030303,0.00016318634,-0.0017305389,-3.7293515,-5.934465,1.8266206,0.0017382159
5.383838,3.070707,0.00014807843,-0.001737887,-3.5773604,-5.188458,1.7616023,0.0017441842
5.383838,3.1111112,0.00013199076,-0.0017439742,-3.4338496,-4.4393525,1.6971023,0.0017489617
5.383838,3.1515152,0.00011491217,-0.0017487928,-3.2990472,-3.686493,1.6330754,0.0017525642
5.383838,3.191919,9.6855685e-05,-0.0017523188,-3.1731427,-2.9291656,1.5694875,0.0017549935
5.383838,3.2323232,7.782504e-05,-0.0017545559,-3.0563312,-2.166679,1.5063071,0.001756281
5.383838,3.2727273,5.782023e-05,-0.0017554723,-2.9488354,-1.3983697,1.4434961,0.0017564242
5.5151515,0.04040404,-1.8579885e-05,7.688813e-05,-24.182035,-58.725212,8.197199,7.910118e-05
5.5151515,0.08080808,-4.4070184e-06,4.1529536e-05,-23.761612,-57.998207,8.048647,4.1762712e-05
5.5151515,0.121212125,9.363517e-06,6.571412e-06,-23.347519,-57.271233,7.903017,1.1439358e-05
5.5151515,0.16161616,2.273731e-05,-2.7980655e-05,-22.939484,-56.54409,7.760409,3.6054156e-05
5.5151515,0.2020202,3.5719946e-05,-6.2126666e-05,-22.537292,-55.816765,7.6209145,7.166336e-05
5.5151515,0.24242425,4.8309565e-05,-9.5862895e-05,-22.14072,-55.089207,7.4846053,0.00010734761
5.5151515,0.28282827,6.051734e-05,-0.00012918934,-21.749556,-54.36141,7.3515215,0.00014266126
5.5151515,0.32323232,7.233955e-05,-0.00016210973,-21.363573,-53.633373,7.221696,0.00017751782
5.5151515,0.36363637,8.378178e-05,-0.00019460917,-20.982561,-52.905148,7.0951447,0.00021187759
5.5151515,0.4040404,9.484403e-05,-0.0002266895,-20.606268,-52.176743,6.9718704,0.0002457306
5.5151515,0.44444445,0.00010552071,-0.00025834888,-20.234491,-51.4482,6.851853,0.00027906767
5.5151515,0.4848485,0.00011583604,-0.00028960034,-19.86704,-50.719612,6.7350564,0.00031190758
5.5151515,0.5252525,0.00012577884,-0.00032042898,-19.503653,-49.990982,6.62146,0.0003442311
5.5151515,0.56565654,0.00013534911,-0.00035082735,-19.14419,-49.262394,6.510995,0.00037603086
5.5151515,0.6060606,0.0001445692,-0.00038081035,-18.78839,-48.533863,6.4035974,0.00040732886
5.5151515,0.64646465,0.0001534149,-0.0004103668,-18.436073,-47.805405,6.299212,0.00043810622
5.5151515,0.68686867,0.0001619067,-0.00043949857,-18.087095,-47.077072,6.197751,0.00046837248
5.5151515,0.72727275,0.00017005019,-0.00046820566,-17.741243,-46.34888,6.099126,0.0004981301
5.5151515,0.7676768,0.00017783232,-0.0004964769,-17.398378,-45.62081,6.0032444,0.0005273648
5.5151515,0.8080808,0.00018526986,-0.0005243365,-17.058346,-44.892883,5.909998,0.0005561058
5.5151515,0.8484849,0.00019235909,-0.0005517509,-16.721062,-44.165134,5.819293,0.00058432104
5.5151515,0.8888889,0.00019911863,-0.0005787425,-16.386429,-43.437584,5.7310014,0.0006120385
5.5151515,0.9292929,0.00020551309,-0.0006053038,-16.05437,-42.71023,5.6450167,0.00063924043
5.5151515,0.969697,0.00021157786,-0.00063144043,-15.724849,-41.983093,5.561203,0.0006659446
5.5151515,1.010101,0.00021731108,-0.00065714493,-15.397861,-41.25627,5.479417,0.00069214415
5.5151515,1.050505,0.00022271089,-0.00068241544,-15.073392,-40.529747,5.399535,0.0007178377
5.5151515,1.0909091,0.0002277568,-0.0007072557,-14.751481,-39.803585,5.321413,0.0007430234
5.5151515,1.1313131,0.0002324786,-0.00073166005,-14.432209,-39.07784,5.244894,0.00076770614
5.5151515,1.1717172,0.00023688376,-0.00075563043,-14.11561,-38.35253,5.169817,0.00079189095
5.5151515,1.2121212,0.00024094433,-0.00077917427,-13.801834,-37.62776,5.0960283,0.0008155776
5.5151515,1.2525252,0.00024468824,-0.0008022804,-13.490938,-36.903507,5.0233593,0.00083876465
5.5151515,1.2929293,0.00024808012,-0.0008249581,-13.183097,-36.17985,4.9516573,0.000861452
5.5151515,1.3333334,0.00025115348,-0.00084720366,-12.878492,-35.45684,4.8807573,0.00088364707
5.5151515,1.3737373,0.0002539046,-0.0008690227,-12.577234,-34.734417,4.810535,0.00090535515
5.5151515,1.4141414,0.0002563242,-0.0008904133,-12.279638,-34.01269,4.7408504,0.00092657324
5.5151515,1.4545455,0.0002584271,-0.00091137737,-11.985946,-33.291576,4.6716137,0.00094730844
5.5151515,1.4949495,0.00026018173,-0.0009319298,-11.696505,-32.571075,4.602779,0.0009675679
5.5151515,1.5353535,0.0002616234,-0.00095207244,-11.411762,-31.851038,4.534332,0.0009873646
5.5151515,1.5757576,0.00026275963,-0.00097181275,-11.132306,-31.131252,4.4663124,0.0010067088
5.5151515,1.6161616,0.00026357546,-0.0009911787,-10.858922,-30.411419,4.3988085,0.0010256253
5.5151515,1.6565657,0.000264097,-0.0010101851,-10.592701,-29.691132,4.3319407,0.0010441366
5.5151515,1.6969697,0.00026434846,-0.0010288898,-10.335072,-28.96999,4.265823,0.0010623061
5.5151515,1.7373737,0.0002643522,-0.0010473263,-10.088069,-28.247744,4.200483,0.0010801733
5.5151515,1.7777778,0.00026414916,-0.0010655895,-9.854108,-27.524328,4.135779,0.0010978414
5.5151515,1.8181819,0.00026379898,-0.0010837764,-9.63577,-26.799952,4.0712533,0.0011154197
5.5151515,1.8585858,0.0002633743,-0.0011020303,-9.435008,-26.07476,4.0060587,0.0011330652
5.5151515,1.8989899,0.0002629757,-0.0011205524,-9.251929,-25.34848,3.9389675,0.0011509969
5.5151515,1.939394,0.00026270375,-0.0011395626,-9.083662,-24.620651,3.8687341,0.0011694513
5.5151515,1.979798,0.00026270933,-0.0011593178,-8.924135,-23.89119,3.794703,0.001188711
5.5151515,2.020202,0.00026311167,-0.0011800528,-8.765181,-23.161308,3.7172658,0.0012090295
5.5151515,2.060606,0.00026397593,-0.0012019705,-8.598672,-22.432865,3.6376727,0.0012306162
5.5151515,2.10101,0.0002653543,-0.0012251232,-8.418268,-21.706198,3.5569837,0.0012535308
5.5151515,2.1414142,0.00026715547,-0.001249427,-8.22046,-20.979067,3.4753046,0.0012776697
5.5151515,2.1818182,0.00026924722,-0.0012746453,-8.005259,-20.24886,3.3919473,0.001302772
5.5151515,2.2222223,0.0002714172,-0.0013004318,-7.7760816,-19.515524,3.3064528,0.001328454
5.5151515,2.2626262,0.00027343072,-0.0013264101,-7.538233,-18.7815,3.219326,0.0013542998
5.5151515,2.3030303,0.00027505308,-0.0013522506,-7.2966347,-18.049046,3.1318088,0.0013799405
5.5151515,2.3434343,0.00027612597,-0.0013776459,-7.054574,-17.318378,3.0451887,0.0014050459
5.5151515,2.3838384,0.00027649477,-0.0014023855,-6.813693,-16.588072,2.960288,0.0014293826
5.5151515,2.4242425,0.0002760738,-0.0014263168,-6.574776,-15.856434,2.877369,0.0014527892
5.5151515,2.4646466,0.00027479976,-0.0014492963,-6.3382883,-15.122453,2.796321,0.0014751184
5.5151515,2.5050504,0.00027262792,-0.0014712643,-6.1046968,-14.3859415,2.7168589,0.0014963103
5.5151515,2.5454545,0.0002695173,-0.0014921483,-5.874469,-13.64723,2.6387098,0.0015162935
5.5151515,2.5858586,0.00026545674,-0.0015119165,-5.648055,-12.906909,2.5616307,0.0015350436
5.5151515,2.6262627,0.00026042014,-0.0015305355,-5.425872,-12.165512,2.4854305,0.0015525327
5.5151515,2.6666667,0.00025439635,-0.0015479792,-5.2082367,-11.423394,2.4099576,0.0015687438
5.5151515,2.7070708,0.00024740025,-0.0015642513,-4.9954534,-10.680789,2.3350618,0.0015836947
5.5151515,2.7474747,0.00023940764,-0.0015793368,-4.787784,-9.937729,2.2605915,0.0015973795
5.5151515,2.7878788,0.00023041852,-0.0015932266,-4.585505,-9.194191,2.1864147,0.0016098024
5.5151515,2.8282828,0.00022041425,-0.0016059019,-4.388862,-8.449984,2.112413,0.0016209575
5.5151515,2.868687,0.00020940602,-0.0016173646,-4.198188,-7.704949,2.038486,0.0016308645
5.5151515,2.909091,0.00019736774,-0.001627611,-4.0137825,-6.958801,1.9645618,0.001639534
5.5151515,2.9494948,0.00018434785,-0.0016366169,-3.8359654,-6.211213,1.8905859,0.0016469667
5.5151515,2.989899,0.00017028488,-0.0016443916,-3.6650934,-5.46179,1.8165191,0.001653185
5.5151515,3.030303,0.00015520118,-0.001650922,-3.5014625,-4.710008,1.7423334,0.0016582011
5.5151515,3.070707,0.00013909303,-0.0016561951,-3.3454006,-3.955289,1.6680095,0.0016620256
5.5151515,3.1111112,0.0001219362,-0.0016601924,-3.197214,-3.1969657,1.5935056,0.0016646642
5.5151515,3.1515152,0.000103741884,-0.0016629025,-3.0571313,-2.4342504,1.5187979,0.0016661354
5.5151515,3.191919,8.4519386e-05,-0.0016643107,-2.9254642,-1.6663766,1.4438537,0.0016664554
5.5151515,3.2323232,6.422587e-05,-0.001664415,-2.8024633,-0.8924981,1.3686302,0.0016656537
5.646465,0.04040404,-1.5940517e-05,8.5806474e-05,-23.69047,-58.132904,8.19985,8.727457e-05
5.646465,0.08080808,-1.5366822e-06,5.0727278e-05,-23.283552,-57.391766,8.047844,5.075055e-05
5.646465,0.121212125,1.2468547e-05,1.6072765e-05,-22.882612,-56.65068,7.8990383,2.0342037e-05
5.646465,0.16161616,2.6041642e-05,-1.816079e-05,-22.487368,-55.90951,7.7535577,3.1748725e-05
5.646465,0.2020202,3.9231032e-05,-5.1977113e-05,-22.09756,-55.168285,7.611486,6.5120614e-05
5.646465,0.24242425,5.1992014e-05,-8.537434e-05,-21.713003,-54.426987,7.4728937,9.995973e-05
5.646465,0.28282827,6.4378604e-05,-0.00011833012,-21.333427,-53.68564,7.3378296,0.0001347094
5.646465,0.32323232,7.6349825e-05,-0.00015087053,-20.958649,-52.944332,7.206316,0.00016908937
5.646465,0.36363637,8.793175e-05,-0.00018299371,-20.58841,-52.203068,7.0783668,0.00020302387
5.646465,0.4040404,9.9129975e-05,-0.0002146773,-20.222506,-51.461926,6.953977,0.00023645951
5.646465,0.44444445,0.00010994449,-0.00024592876,-19.860739,-50.721004,6.8331246,0.00026938587
5.646465,0.4848485,0.000120367855,-0.00027675368,-19.502872,-49.98034,6.715766,0.00030179633
5.646465,0.5252525,0.00013040937,-0.00030714273,-19.148746,-49.240032,6.601853,0.00033368138
5.646465,0.56565654,0.00014008954,-0.00033710152,-18.79814,-48.500088,6.491321,0.00036505138
5.646465,0.6060606,0.00014937855,-0.000366617,-18.450886,-47.76059,6.3841,0.00039588127
5.646465,0.64646465,0.00015830994,-0.00039571524,-18.106808,-47.02157,6.2800746,0.0004262072
5.646465,0.68686867,0.00016688555,-0.00042437017,-17.7657,-46.283005,6.1791697,0.0004560053
5.646465,0.72727275,0.00017507933,-0.0004525818,-17.427418,-45.544903,6.081271,0.00048526598
5.646465,0.7676768,0.00018292665,-0.00048036128,-17.091818,-44.807274,5.986262,0.00051401276
5.646465,0.8080808,0.00019042194,-0.0005077068,-16.758806,-44.070118,5.8940034,0.00054224225
5.646465,0.8484849,0.0001975596,-0.00053461455,-16.428223,-43.333366,5.804376,0.00056994957
5.646465,0.8888889,0.00020436198,-0.0005610883,-16.100006,-42.59705,5.7172313,0.0005971465
5.646465,0.9292929,0.00021078996,-0.0005871188,-15.77409,-41.861145,5.632434,0.00062381156
5.646465,0.969697,0.00021689944,-0.0006127078,-15.450472,-41.125706,5.549824,0.0006499663
5.646465,1.010101,0.00022265129,-0.00063786283,-15.129085,-40.390644,5.469246,0.0006756054
5.646465,1.050505,0.00022805855,-0.0006625727,-14.809997,-39.65606,5.390537,0.0007007234
5.646465,1.0909091,0.00023313612,-0.00068684854,-14.493206,-38.921898,5.3135376,0.0007253367
5.646465,1.1313131,0.00023787282,-0.0007106811,-14.178814,-38.18826,5.238075,0.0007494338
5.646465,1.1717172,0.00024227425,-0.00073408335,-13.866833,-37.455086,5.1639805,0.00077302987
5.646465,1.2121212,0.00024633855,-0.00075704046,-13.557448,-36.72252,5.0910783,0.0007961111
5.646465,1.2525252,0.00025006756,-0.00077956356,-13.250735,-35.990505,5.0192137,0.0008186899
5.646465,1.2929293,0.0002534557,-0.0008016322,-12.946888,-35.259167,4.948218,0.00084074604
5.646465,1.3333334,0.00025651604,-0.0008232724,-12.646022,-34.52848,4.877946,0.00086230965
5.646465,1.3737373,0.00025922433,-0.00084448047,-12.348356,-33.798504,4.808252,0.0008833711
5.646465,1.4141414,0.00026161224,-0.00086525455,-12.054115,-33.069214,4.7390375,0.00090393936
5.646465,1.4545455,0.00026366487,-0.0008855872,-11.763586,-32.340645,4.670215,0.00092400424
5.646465,1.4949495,0.0002653841,-0.0009055007,-11.477076,-31.612728,4.6017494,0.000943589
5.646465,1.5353535,0.00026676245,-0.0009250026,-11.19502,-30.885317,4.5336356,0.0009627004
5.646465,1.5757576,0.00026783533,-0.00094409287,-10.91789,-30.15815,4.465931,0.0009813496
5.646465,1.6161616,0.00026858598,-0.00096279755,-10.64643,-29.43092,4.3987136,0.0009995587
5.646465,1.6565657,0.00026903115,-0.0009811427,-10.381605,-28.703224,4.332095,0.0010173587
5.646465,1.6969697,0.00026920624,-0.0009991657,-10.124701,-27.974617,4.2661576,0.0010347966
5.646465,1.7373737,0.0002691131,-0.001016913,-9.877479,-27.244883,4.200905,0.0010519191
5.646465,1.7777778,0.0002687946,-0.001034461,-9.642062,-26.513922,4.136138,0.0010688124
5.646465,1.8181819,0.00026834384,-0.0010519195,-9.420696,-25.78193,4.071351,0.0010856072
5.646465,1.8585858,0.00026779436,-0.001069421,-9.214959,-25.049019,4.0056114,0.0011024404
5.646465,1.8989899,0.00026725605,-0.0010871459,-9.024764,-24.314957,3.937645,0.0011195142
5.646465,1.939394,0.00026684627,-0.0011053123,-8.847312,-23.57922,3.8661752,0.0011370673
5.646465,1.979798,0.0002666805,-0.0011241492,-8.677013,-22.84174,3.7905414,0.0011553484
5.646465,2.020202,0.0002669003,-0.001143897,-8.506724,-22.103735,3.7111895,0.0011746216
5.646465,2.060606,0.00026758015,-0.0011647176,-8.329529,-21.367064,3.6294627,0.001195059
5.646465,2.10101,0.00026873313,-0.0011866707,-8.140272,-20.632204,3.5465086,0.0012167189
5.646465,2.1414142,0.00027030334,-0.0012096725,-7.9362373,-19.897049,3.4624226,0.0012395045
5.646465,2.1818182,0.00027213804,-0.0012334697,-7.717714,-19.15907,3.3764553,0.0012631337
5.646465,2.2222223,0.0002740156,-0.0012577474,-7.4879336,-18.418146,3.2880602,0.0012872502
5.646465,2.2626262,0.00027570315,-0.001282122,-7.251699,-17.676577,3.1977046,0.0013114301
5.646465,2.3030303,0.00027696602,-0.0013062786,-7.0133657,-16.9365,3.1067119,0.001335318
5.646465,2.3434343,0.0002776459,-0.0013299547,-6.775635,-16.19804,3.016507,0.0013586268
5.646465,2.3838384,0.0002775956,-0.0013529081,-6.5397105,-15.459779,2.9280438,0.0013810936
5.646465,2.4242425,0.00027674064,-0.0013750158,-6.306001,-14.7201185,2.8416862,0.0014025883
5.646465,2.4646466,0.000274973,-0.0013961475,-6.074716,-13.978138,2.757318,0.001422968
5.646465,2.5050504,0.00027228706,-0.0014162268,-5.8461204,-13.233791,2.6746407,0.0014421645
5.646465,2.5454545,0.00026863813,-0.0014352016,-5.6205287,-12.487528,2.5932882,0.0014601267
5.646465,2.5858586,0.00026401877,-0.0014530439,-5.3982625,-11.739941,2.5129344,0.0014768352
5.646465,2.6262627,0.00025839172,-0.0014697053,-5.179594,-10.991527,2.4332902,0.0014922465
5.646465,2.6666667,0.0002517458,-0.001485195,-4.9647856,-10.24263,2.3541076,0.0015063798
5.646465,2.7070708,0.00024410896,-0.0014994927,-4.7540164,-9.493369,2.275156,0.0015192325
5.646465,2.7474747,0.00023543462,-0.0015125647,-4.5475016,-8.743707,2.1962128,0.001530778
5.646465,2.7878788,0.00022572465,-0.001524441,-4.3454723,-7.9935155,2.117072,0.0015410619
5.646465,2.8282828,0.00021499209,-0.001535099,-4.148162,-7.2425604,2.03757,0.0015500808
5.646465,2.868687,0.00020320714,-0.0015445314,-3.9558573,-6.490545,1.9575528,0.0015578415
5.646465,2.909091,0.00019037351,-0.0015527215,-3.7688758,-5.737138,1.8769039,0.0015643485
5.646465,2.9494948,0.00017648563,-0.0015596747,-3.5875728,-4.981934,1.7955407,0.0015696281
5.646465,2.989899,0.00016153418,-0.0015653819,-3.4122937,-4.2244215,1.7133939,0.0015736943
5.646465,3.030303,0.00014550611,-0.0015698243,-3.243396,-3.4640415,1.6304144,0.0015765533
5.646465,3.070707,0.00012839586,-0.0015730057,-3.0812469,-2.70011,1.5465672,0.0015782372
5.646465,3.1111112,0.000110207126,-0.0015748963,-2.9261782,-1.9318683,1.4618161,0.0015787475
5.646465,3.1515152,9.090826e-05,-0.0015754942,-2.778543,-1.1584945,1.376122,0.0015781148
5.7777777,0.04040404,-1.273118e-05,9.3841925e-05,-23.188353,-57.49893,8.150366,9.470158e-05
5.7777777,0.08080808,1.8607825e-06,5.9090555e-05,-22.79682,-56.74393,7.9961762,5.9119844e-05
5.7777777,0.121212125,1.6018748e-05,2.4763867e-05,-22.410698,-55.988995,7.845506,2.9493209e-05
5.7777777,0.16161616,2.977997e-05,-9.126961e-06,-22.029762,-55.23409,7.698464,3.11472e-05
5.7777777,0.2020202,4.3099746e-05,-4.2580068e-05,-21.653744,-54.479305,7.5551243,6.058589e-05
5.7777777,0.24242425,5.6013465e-05,-7.560663e-05,-21.2824,-53.724594,7.4155536,9.4095005e-05
5.7777777,0.28282827,6.850995e-05,-0.00010818243,-20.91551,-52.97009,7.279794,0.00012805098
5.7777777,0.32323232,8.060783e-05,-0.00014032796,-20.552828,-52.215805,7.147858,0.00016183188
5.7777777,0.36363637,9.2292204e-05,-0.00017202087,-20.194178,-51.461876,7.0197635,0.00019521534
5.7777777,0.4040404,0.00010357797,-0.00020328164,-19.839336,-50.708374,6.895476,0.00022814868
5.7777777,0.44444445,0.000114487484,-0.00023409538,-19.488113,-49.955368,6.7749624,0.0002605917
5.7777777,0.4848485,0.00012498163,-0.00026446767,-19.140356,-49.203014,6.658178,0.0002925125
5.7777777,0.5252525,0.00013510324,-0.00029440038,-18.79582,-48.451324,6.5450544,0.00032392045
5.7777777,0.56565654,0.00014484115,-0.00032388046,-18.45439,-47.700386,6.435506,0.0003547922
5.7777777,0.6060606,0.00015418977,-0.00035291538,-18.115904,-46.950245,6.3294315,0.00038512822
5.7777777,0.64646465,0.0001631733,-0.00038150884,-17.78017,-46.200924,6.2267394,0.0004149392
5.7777777,0.68686867,0.00017177872,-0.00040964782,-17.44707,-45.452427,6.127293,0.00044420632
5.7777777,0.72727275,0.00018002279,-0.00043736026,-17.11646,-44.70475,6.030972,0.00047296108
5.7777777,0.7676768,0.00018790737,-0.0004646182,-16.788193,-43.957836,5.9376364,0.00050117786
5.7777777,0.8080808,0.00019541942,-0.00049142726,-16.462193,-43.211708,5.847123,0.00052885676
5.7777777,0.8484849,0.00020258874,-0.00051779114,-16.13839,-42.466347,5.759289,0.0005560125
5.7777777,0.8888889,0.00020940043,-0.00054370984,-15.816642,-41.721603,5.6739607,0.0005826396
5.7777777,0.9292929,0.00021584705,-0.00056917407,-15.49696,-40.977528,5.5909734,0.0006087274
5.7777777,0.969697,0.00022195838,-0.000594208,-15.179303,-40.23404,5.5101523,0.0006343096
5.7777777,1.010101,0.00022771955,-0.0006187912,-14.863652,-39.491116,5.4313164,0.0006593624
5.7777777,1.050505,0.00023313239,-0.0006429199,-14.550071,-38.74877,5.3542805,0.00068388355
5.7777777,1.0909091,0.00023820996,-0.0006666072,-14.238565,-38.00695,5.278872,0.0007078906
5.7777777,1.1313131,0.00024293177,-0.00068985485,-13.929226,-37.265667,5.2049026,0.0007313792
5.7777777,1.1717172,0.00024731457,-0.000712635,-13.622125,-36.52494,5.1321917,0.0007543296
5.7777777,1.2121212,0.00025135465,-0.0007349886,-13.317364,-35.784756,5.06056,0.0007767802
5.7777777,1.2525252,0.0002550576,-0.000756884,-13.015104,-35.045162,4.9898386,0.0007987038
5.7777777,1.2929293,0.00025842525,-0.0007783435,-12.715471,-34.306183,4.9198604,0.0008201233
5.7777777,1.3333334,0.00026144274,-0.00079935044,-12.418643,-33.567867,4.850496,0.0008410193
5.7777777,1.3737373,0.0002641175,-0.0008199103,-12.12479,-32.830196,4.7816057,0.0008614006
5.7777777,1.4141414,0.00026645325,-0.0008400325,-11.8341675,-32.09325,4.713095,0.00088127854
5.7777777,1.4545455,0.0002684556,-0.00085972063,-11.546967,-31.356937,4.6448927,0.00090065977
5.7777777,1.4949495,0.00027009845,-0.00087897293,-11.263529,-30.62127,4.5769773,0.00091953605
5.7777777,1.5353535,0.00027142093,-0.0008978024,-10.984176,-29.886066,4.509357,0.0009379331
5.7777777,1.5757576,0.00027241185,-0.0009162221,-10.709399,-29.15111,4.4420815,0.00095586147
5.7777777,1.6161616,0.00027307123,-0.0009342432,-10.439814,-28.416105,4.3752275,0.00097333355
5.7777777,1.6565657,0.000273427,-0.0009518955,-10.176218,-27.680649,4.308893,0.0009903874
5.7777777,1.6969697,0.00027349405,-0.00096920505,-9.91974,-26.944382,4.243134,0.0010070539
5.7777777,1.7373737,0.0002732966,-0.0009862389,-9.671917,-26.207119,4.1779094,0.0010234052
5.7777777,1.7777778,0.00027287006,-0.0010030568,-9.434526,-25.468801,4.112978,0.0010395099
5.7777777,1.8181819,0.00027228333,-0.0010197554,-9.209442,-24.729689,4.047758,0.0010554806
5.7777777,1.8585858,0.00027158856,-0.0010364633,-8.997876,-23.98986,3.9812727,0.0010714553
5.7777777,1.8989899,0.0002709087,-0.0010533575,-8.799504,-23.24907,3.9121895,0.0010876367
5.7777777,1.939394,0.00027032383,-0.0010706447,-8.611599,-22.506649,3.839207,0.001104244
5.7777777,1.979798,0.00026997924,-0.001088541,-8.429173,-21.762486,3.76168,0.0011215215
5.7777777,2.020202,0.0002699867,-0.0011072718,-8.246066,-21.017574,3.6801188,0.001139712
5.7777777,2.060606,0.00027044117,-0.0011269655,-8.056731,-20.273804,3.5959444,0.0011589606
5.7777777,2.10101,0.00027132966,-0.0011477005,-7.8572154,-19.531643,3.510403,0.0011793372
5.7777777,2.1414142,0.00027261674,-0.0011693519,-7.645638,-18.789196,3.4236178,0.0012007097
5.7777777,2.1818182,0.0002741199,-0.0011916999,-7.4226127,-18.044052,3.3347695,0.0012228206
5.7777777,2.2222223,0.00027564913,-0.0012144186,-7.191122,-17.296053,3.2432446,0.0012453091
5.7777777,2.2626262,0.00027693994,-0.0012371596,-6.9554353,-16.547394,3.149511,0.0012677774
5.7777777,2.3030303,0.00027780235,-0.0012596138,-6.7193213,-15.800146,3.0549433,0.0012898841
5.7777777,2.3434343,0.0002780296,-0.0012815204,-6.4849,-15.054375,2.9611042,0.0013113333
5.7777777,2.3838384,0.000277495,-0.001302667,-6.2528906,-14.308675,2.869079,0.0013318951
5.7777777,2.4242425,0.00027611852,-0.0013229195,-6.0233436,-13.561535,2.77931,0.001351428
5.7777777,2.4646466,0.00027382933,-0.0013421755,-5.796234,-12.812209,2.6917124,0.0013698239
5.7777777,2.5050504,0.00027056783,-0.0013603475,-5.5716333,-12.060773,2.6059356,0.001386994
5.7777777,2.5454545,0.00026633963,-0.0013773926,-5.349708,-11.307755,2.521552,0.0014029066
5.7777777,2.5858586,0.00026110187,-0.0013932735,-5.1306396,-10.553745,2.4381254,0.0014175278
5.7777777,2.6262627,0.0002548527,-0.0014079735,-4.9146066,-9.799236,2.3552742,0.0014308526
5.7777777,2.6666667,0.00024756417,-0.0014214739,-4.7017403,-9.044461,2.2726502,0.0014428708
5.7777777,2.7070708,0.00023924746,-0.0014337674,-4.4921546,-8.289422,2.189923,0.0014535914
5.7777777,2.7474747,0.0002298858,-0.0014448464,-4.285993,-7.5339746,2.1068027,0.0014630205
5.7777777,2.7878788,0.00021945126,-0.0014546942,-4.0834045,-6.7778172,2.023012,0.001471154
5.7777777,2.8282828,0.0002079811,-0.0014633127,-3.8846078,-6.0206475,1.9383152,0.0014780189
5.7777777,2.868687,0.00019541942,-0.0014706999,-3.6898525,-5.262036,1.8525115,0.0014836263
5.7777777,2.909091,0.00018178113,-0.0014768448,-3.4994571,-4.5015607,1.7654309,0.0014879901
5.7777777,2.9494948,0.00016702525,-0.0014817286,-3.3137667,-3.7387187,1.6769565,0.0014911128
5.7777777,2.989899,0.00015119277,-0.0014853589,-3.133151,-2.9729297,1.5869772,0.001493034
5.7777777,3.030303,0.00013423152,-0.0014877226,-2.9579892,-2.203529,1.4954348,0.0014937659
5.7777777,3.070707,0.0001161322,-0.0014887955,-2.7886827,-1.4297904,1.4022553,0.001493318
5.909091,0.04040404,-8.998439e-06,0.000100813806,-22.679289,-56.81746,8.047603,0.0001012146
5.909091,0.08080808,5.7388097e-06,6.6407025e-05,-22.304821,-56.048973,7.892684,6.665453e-05
5.909091,0.121212125,2.0023435e-05,3.2443553e-05,-21.93515,-55.280724,7.741612,3.8125083e-05
5.909091,0.16161616,3.3874065e-05,-1.0635704e-06,-21.569971,-54.51268,7.594468,3.389076e-05
5.909091,0.2020202,4.730001e-05,-3.4134835e-05,-21.209019,-53.744873,7.4513297,5.8330763e-05
5.909091,0.24242425,6.0310587e-05,-6.67423e-05,-20.85204,-52.97737,7.3122377,8.9955e-05
5.909091,0.28282827,7.289089e-05,-9.889901e-05,-20.498812,-52.210262,7.1772246,0.00012285802
5.909091,0.32323232,8.5061416e-05,-0.00013060868,-20.14913,-51.443657,7.0462966,0.00015586555
5.909091,0.36363637,9.681471e-05,-0.00016185828,-19.80281,-50.677643,6.9194236,0.00018860326
5.909091,0.4040404,0.00010815635,-0.00019265525,-19.459639,-49.912346,6.7965827,0.00022093854
5.909091,0.44444445,0.000119101256,-0.00022299774,-19.119509,-49.147892,6.6777177,0.0002528104
5.909091,0.4848485,0.00012964569,-0.00025289133,-18.782227,-48.384346,6.562755,0.00028418662
5.909091,0.5252525,0.00013980642,-0.000282323,-18.44765,-47.621807,6.4516177,0.00031504303
5.909091,0.56565654,0.00014956668,-0.00031129643,-18.115677,-46.86041,6.3442106,0.00034536308
5.909091,0.6060606,0.00015895069,-0.00033982657,-17.78614,-46.10013,6.2403994,0.0003751632
5.909091,0.64646465,0.00016795658,-0.00036789477,-17.458931,-45.34102,6.1400714,0.00040442054
5.909091,0.68686867,0.00017657876,-0.00039549544,-17.133923,-44.58306,6.043085,0.00043312434
5.909091,0.72727275,0.00018482842,-0.00042266212,-16.811039,-43.826286,5.949289,0.00046130773
5.909091,0.7676768,0.00019271113,-0.00044935197,-16.490177,-43.070614,5.858519,0.0004889323
5.909091,0.8080808,0.0002002418,-0.00047561154,-16.171234,-42.315975,5.7705956,0.00051604566
5.909091,0.8484849,0.00020740367,-0.0005014036,-15.854179,-41.56237,5.6853423,0.0005426065
5.909091,0.8888889,0.00021419674,-0.00052674115,-15.538945,-40.809696,5.602582,0.00056862686
5.909091,0.9292929,0.00022064708,-0.0005516317,-15.225522,-40.057873,5.5221024,0.00059412344
5.909091,0.969697,0.00022674352,-0.0005760621,-14.9138565,-39.306805,5.4437304,0.00061908015
5.909091,1.010101,0.00023248792,-0.00060002506,-14.604015,-38.556488,5.367252,0.00064349105
5.909091,1.050505,0.00023787096,-0.0006235596,-14.295998,-37.806824,5.292469,0.0006673898
5.909091,1.0909091,0.00024292618,-0.00064663216,-13.989845,-37.05775,5.2191825,0.00069075776
5.909091,1.1313131,0.00024761073,-0.0006692447,-13.685657,-36.309246,5.1472034,0.00071358215
5.909091,1.1717172,0.00025196932,-0.00069141015,-13.383496,-35.56128,5.0763297,0.00073589163
5.909091,1.2121212,0.00025597215,-0.00071312115,-13.08348,-34.813835,5.006384,0.0007576698
5.909091,1.2525252,0.0002596248,-0.0007343758,-12.785751,-34.06695,4.937189,0.00077891775
5.909091,1.2929293,0.00026294403,-0.00075517595,-12.490428,-33.32059,4.868591,0.0007996438
5.909091,1.3333334,0.00026589446,-0.0007755235,-12.197682,-32.57481,4.8004465,0.00081983936
5.909091,1.3737373,0.00026852638,-0.0007954221,-11.907646,-31.82958,4.732629,0.00083952537
5.909091,1.4141414,0.00027078576,-0.0008148812,-11.620574,-31.084991,4.6650605,0.00085869455
5.909091,1.4545455,0.0002727192,-0.00083388947,-11.336639,-30.34098,4.59768,0.0008773525
5.909091,1.4949495,0.00027429312,-0.00085245445,-11.056101,-29.597502,4.5304756,0.0008954972
5.909091,1.5353535,0.0002755262,-0.00087059103,-10.779269,-28.854454,4.4634514,0.00091315026
5.909091,1.5757576,0.000276424,-0.0008883104,-10.506526,-28.111626,4.396671,0.00093032554
5.909091,1.6161616,0.00027699396,-0.0009056162,-10.238357,-27.368793,4.3302045,0.00094703026
5.909091,1.6565657,0.00027723052,-0.0009225458,-9.975475,-26.625624,4.2641234,0.0009633003
5.909091,1.6969697,0.00027718022,-0.00093913265,-9.718819,-25.881886,4.19846,0.0009791828
5.909091,1.7373737,0.00027686357,-0.00095541775,-9.469619,-25.137436,4.133123,0.0009947243
5.909091,1.7777778,0.0002763085,-0.00097145885,-9.2294,-24.392433,4.0678306,0.0010099894
5.909091,1.8181819,0.0002755709,-0.0009873789,-8.999609,-23.6471,4.001945,0.0010251128
5.909091,1.8585858,0.00027473643,-0.0010032766,-8.781093,-22.901562,3.934442,0.0010402134
5.909091,1.8989899,0.0002738759,-0.0010193214,-8.573305,-22.155455,3.8639343,0.0010554733
5.909091,1.939394,0.00027311593,-0.0010357108,-8.373655,-21.407984,3.789112,0.0010711158
5.909091,1.979798,0.0002725534,-0.0010526404,-8.177688,-20.658684,3.7093647,0.0010873532
5.909091,2.020202,0.00027233548,-0.0010703206,-7.9803963,-19.90838,3.625258,0.0011044242
5.909091,2.060606,0.0002725087,-0.0010888763,-7.7775497,-19.158745,3.5383208,0.0011224583
5.909091,2.10101,0.00027311593,-0.0011083577,-7.566489,-18.41035,3.4498725,0.0011415117
5.909091,2.1414142,0.00027406216,-0.0011286382,-7.3462167,-17.661478,3.3600721,0.0011614362
5.909091,2.1818182,0.00027520768,-0.0011495166,-7.1175528,-16.909822,3.2680829,0.0011820015
5.909091,2.2222223,0.00027631968,-0.0011706688,-6.883264,-16.155304,3.173258,0.0012028374
5.909091,2.2626262,0.00027718022,-0.0011917539,-6.6471105,-15.400087,3.0760353,0.001223563
5.909091,2.3030303,0.00027756393,-0.0012124795,-6.412212,-14.646166,2.9778738,0.0012438442
5.909091,2.3434343,0.00027728267,-0.0012326017,-6.180105,-13.893566,2.880452,0.0012634052
5.909091,2.3838384,0.0002762191,-0.0012519192,-5.951045,-13.140935,2.784976,0.0012820291
5.909091,2.4242425,0.0002742745,-0.0012703054,-5.724748,-12.38687,2.6919663,0.0012995776
5.909091,2.4646466,0.00027139857,-0.0012876596,-5.5009336,-11.630781,2.6013634,0.00131595
5.909091,2.5050504,0.00026754662,-0.0013039,-5.2795286,-10.872903,2.512784,0.0013310659
5.909091,2.5454545,0.00026268512,-0.0013190042,-5.0605702,-10.113844,2.425708,0.0013449073
5.909091,2.5858586,0.00025681034,-0.0013329256,-4.844126,-9.354226,2.3396163,0.0013574396
5.909091,2.6262627,0.00024989992,-0.00134564,-4.630254,-8.594453,2.254003,0.0013686479
5.909091,2.6666667,0.0002419278,-0.0013571475,-4.4189844,-7.8346243,2.1684244,0.001378542
5.909091,2.7070708,0.00023292378,-0.0013674442,-4.210342,-7.0746164,2.0824568,0.0013871399
5.909091,2.7474747,0.00022284128,-0.0013765022,-4.0043693,-6.3141026,1.9957142,0.0013944234
5.909091,2.7878788,0.00021168776,-0.0013843346,-3.801161,-5.552641,1.9078504,0.0014004264
5.909091,2.8282828,0.00019944459,-0.0013909191,-3.6008813,-4.789747,1.818552,0.0014051456
5.909091,2.868687,0.00018609688,-0.001396263,-3.4037542,-4.0248966,1.7275609,0.00140861
5.909091,2.909091,0.00017165579,-0.0014003478,-3.2100525,-3.257538,1.6346637,0.0014108295
5.909091,2.9494948,0.00015608221,-0.001403179,-3.0201235,-2.4870684,1.5396795,0.0014118332
5.909091,2.989899,0.00013934635,-0.001404738,-2.8343256,-1.7128046,1.4424708,0.0014116325
5.909091,3.030303,0.00012148172,-0.0014050007,-2.653051,-0.9340514,1.3429294,0.0014102429
6.040404,0.04040404,-4.7590584e-06,0.0001065433,-22.16715,-56.083157,7.8917947,0.00010664954
6.040404,0.08080808,1.0043383e-05,7.251091e-05,-21.811394,-55.30193,7.7377396,7.3203155e-05
6.040404,0.121212125,2.4402514e-05,3.8953498e-05,-21.45962,-54.521072,7.5878525,4.5965833e-05
6.040404,0.16161616,3.83202e-05,5.858019e-06,-21.111492,-53.740597,7.442217,3.876537e-05
6.040404,0.2020202,5.1794574e-05,-2.6771799e-05,-20.766779,-52.960552,7.3008614,5.8304435e-05
6.040404,0.24242425,6.484054e-05,-5.8950856e-05,-20.42522,-52.181057,7.16382,8.763275e-05
6.040404,0.28282827,7.745996e-05,-9.064935e-05,-20.086588,-51.40215,7.0310874,0.00011923653
6.040404,0.32323232,8.9658424e-05,-0.000121882185,-19.750689,-50.623966,6.902656,0.00015130731
6.040404,0.36363637,0.00010142848,-0.00015265122,-19.417398,-49.84666,6.7784777,0.0001832761
6.040404,0.4040404,0.0001127962,-0.00018295646,-19.086525,-49.070347,6.658503,0.00021493266
6.040404,0.44444445,0.000123756,-0.00021278486,-18.75797,-48.29515,6.542654,0.00024615636
6.040404,0.4848485,0.00013430044,-0.00024215691,-18.431612,-47.52119,6.4308457,0.00027690537
6.040404,0.5252525,0.00014445372,-0.00027106516,-18.107342,-46.74854,6.3229737,0.0003071534
6.040404,0.56565654,0.0001542233,-0.00029949658,-17.785074,-45.977325,6.2189183,0.0003368724
6.040404,0.6060606,0.00016359799,-0.00032746978,-17.464685,-45.20751,6.118542,0.00036606114
6.040404,0.64646465,0.00017258525,-0.00035498105,-17.146154,-44.439236,6.021701,0.00039471156
6.040404,0.68686867,0.00018119626,-0.00038202107,-16.8294,-43.672474,5.9282327,0.0004228146
6.040404,0.72727275,0.00018942542,-0.00040859543,-16.514317,-42.907146,5.8379655,0.000450369
6.040404,0.7676768,0.00019729696,-0.00043471158,-16.200878,-42.14324,5.750708,0.000477389
6.040404,0.8080808,0.00020479225,-0.00046037324,-15.8890295,-41.38068,5.666279,0.0005038684
6.040404,0.8484849,0.00021192618,-0.00048555993,-15.5787525,-40.619404,5.5844707,0.0005297935
6.040404,0.8888889,0.00021870807,-0.0005102884,-15.269989,-39.859272,5.5050774,0.0005551824
6.040404,0.9292929,0.00022512116,-0.00053455867,-14.962772,-39.100235,5.427885,0.00058002805
6.040404,0.969697,0.00023117848,-0.0005583577,-14.657085,-38.342148,5.3526707,0.0006043234
6.040404,1.010101,0.00023688003,-0.00058170594,-14.352935,-37.584885,5.2792244,0.00062808755
6.040404,1.050505,0.00024222955,-0.00060459226,-14.050413,-36.828426,5.207328,0.0006513117
6.040404,1.0909091,0.00024723075,-0.0006270185,-13.74954,-36.072636,5.136764,0.0006739994
6.040404,1.1313131,0.00025187433,-0.0006489791,-13.45036,-35.317406,5.0673237,0.0006961426
6.040404,1.1717172,0.00025617518,-0.00067049265,-13.153024,-34.56274,4.998809,0.00071776466
6.040404,1.2121212,0.0002601277,-0.0006915275,-12.857581,-33.808563,4.931019,0.0007388347
6.040404,1.2525252,0.0002637189,-0.0007121153,-12.564162,-33.05485,4.863787,0.0007593786
6.040404,1.2929293,0.00026696734,-0.0007322356,-12.272873,-32.30159,4.796942,0.00077938475
6.040404,1.3333334,0.0002698619,-0.0007519126,-11.983892,-31.548817,4.730354,0.00079887296
6.040404,1.3737373,0.00027239323,-0.0007711146,-11.697317,-30.7965,4.6639085,0.0008178116
6.040404,1.4141414,0.00027458742,-0.00078987144,-11.413333,-30.044683,4.597531,0.0008362387
6.040404,1.4545455,0.00027642213,-0.0008081719,-11.132109,-29.293358,4.5311737,0.0008541376
6.040404,1.4949495,0.00027790852,-0.00082603097,-10.853861,-28.542498,4.4648147,0.0008715276
6.040404,1.5353535,0.000279041,-0.000843443,-10.578793,-27.791998,4.3984914,0.00088840304
6.040404,1.5757576,0.0002798289,-0.00086043775,-10.307222,-27.041739,4.3322387,0.0009047968
6.040404,1.6161616,0.0002802778,-0.00087701343,-10.039576,-26.291569,4.2661333,0.0009207107
6.040404,1.6565657,0.00028040446,-0.0008931942,-9.776377,-25.541252,4.200227,0.0009361744
6.040404,1.6969697,0.00028024055,-0.0009090286,-9.518404,-24.790703,4.134514,0.00095124537
6.040404,1.7373737,0.00027978048,-0.00092454255,-9.2666855,-24.03999,4.068875,0.0009659483
6.040404,1.7777778,0.00027908199,-0.00093981065,-9.022374,-23.289312,4.00297,0.0009803728
6.040404,1.8181819,0.00027818233,-0.0009549204,-8.786591,-22.539042,3.9361324,0.0009946147
6.040404,1.8585858,0.00027718022,-0.00096998364,-8.559858,-21.789293,3.8672626,0.0010088098
6.040404,1.8989899,0.00027613714,-0.0009851735,-8.341378,-21.039503,3.7949843,0.0010231414
6.040404,1.939394,0.0002751816,-0.0010006409,-8.128699,-20.28859,3.7179737,0.0010377895
6.040404,1.979798,0.00027441047,-0.0010165852,-7.918057,-19.535782,3.6356409,0.0010529703
6.040404,2.020202,0.0002739206,-0.0010332,-7.705502,-18.781523,3.548655,0.0010688942
6.040404,2.060606,0.00027382,-0.0010506008,-7.4881964,-18.027271,3.4586077,0.0010856977
6.040404,2.10101,0.00027409755,-0.0010688156,-7.264729,-17.273624,3.3669338,0.0011034021
6.040404,2.1414142,0.0002746787,-0.001087727,-7.034932,-16.519094,3.27383,0.0011218727
6.040404,2.1818182,0.00027541257,-0.0011071172,-6.799861,-15.761586,3.1784773,0.0011408596
6.040404,2.2222223,0.00027608313,-0.0011266805,-6.562067,-15.001119,3.080198,0.0011600134
6.040404,2.2626262,0.00027645007,-0.001146093,-6.3247366,-14.239843,2.9794583,0.001178963
6.040404,2.3030303,0.00027630106,-0.001165079,-6.090368,-13.479677,2.877769,0.0011973935
6.040404,2.3434343,0.00027546845,-0.0011834037,-5.8599334,-12.720665,2.7769172,0.0012150421
6.040404,2.3838384,0.00027382374,-0.0012008902,-5.6332397,-11.961504,2.6782303,0.0012317129
6.040404,2.4242425,0.0002712719,-0.0012173951,-5.4096775,-11.20092,2.5823,0.0012472527
6.040404,2.4646466,0.00026775897,-0.0012328401,-5.188774,-10.438507,2.4890802,0.0012615822
6.040404,2.5050504,0.00026325695,-0.0012471545,-4.970316,-9.674666,2.3981495,0.0012746366
6.040404,2.5454545,0.00025775097,-0.0012603104,-4.754214,-8.910101,2.3089154,0.0012863972
6.040404,2.5858586,0.00025119632,-0.001272263,-4.5404587,-8.145466,2.220743,0.0012968241
6.040404,2.6262627,0.0002435986,-0.0012829974,-4.328997,-7.381061,2.1330283,0.0013059183
6.040404,2.6666667,0.00023493916,-0.0012925137,-4.119748,-6.616861,2.0452003,0.0013136925
6.040404,2.7070708,0.0002252087,-0.0013008025,-3.9126492,-5.85255,1.9567435,0.0013201538
6.040404,2.7474747,0.00021440536,-0.0013078451,-3.707632,-5.0876145,1.8671714,0.0013253031
6.040404,2.7878788,0.0002025161,-0.0013136584,-3.5047164,-4.321414,1.7760587,0.001329177
6.040404,2.8282828,0.00018950552,-0.0013182014,-3.3039982,-3.5532997,1.6830132,0.0013317534
6.040404,2.868687,0.00017537922,-0.0013215002,-3.1056447,-2.7826016,1.5877138,0.0013330869
6.040404,2.909091,0.00016011484,-0.0013235398,-2.9098837,-2.0086184,1.4898738,0.0013331895
6.040404,2.9494948,0.00014370307,-0.0013242997,-2.7170231,-1.2306497,1.3892759,0.0013320737
6.171717,0.04040404,-8.940697e-08,0.00011083856,-21.65608,-55.291695,7.6848083,0.0001108386
6.171717,0.08080808,1.4744699e-05,7.724576e-05,-21.320457,-54.49857,7.53327,7.8640405e-05
6.171717,0.121212125,2.910383e-05,4.4127926e-05,-20.98787,-53.705997,7.386225,5.2861204e-05
6.171717,0.16161616,4.3036416e-05,1.1486933e-05,-20.657999,-52.914032,7.243732,4.454304e-05
6.171717,0.2020202,5.651824e-05,-2.0679086e-05,-20.330559,-52.122673,7.105793,6.0182523e-05
6.171717,0.24242425,6.9554895e-05,-5.235523e-05,-20.005358,-51.332077,6.9724,8.705718e-05
6.171717,0.28282827,8.215569e-05,-8.355267e-05,-19.68217,-50.54231,6.843525,0.00011717767
6.171717,0.32323232,9.43318e-05,-0.00011428073,-19.36083,-49.753506,6.7191195,0.00014818426
6.171717,0.36363637,0.00010608323,-0.00014453568,-19.0412,-48.965786,6.5991244,0.00017928808
6.171717,0.4040404,0.00011743419,-0.00017430075,-18.72321,-48.179337,6.483459,0.00021017026
6.171717,0.44444445,0.00012834743,-0.00020358339,-18.406742,-47.39426,6.3720226,0.0002406642
6.171717,0.4848485,0.00013886951,-0.00023239665,-18.091743,-46.610683,6.264701,0.00027072668
6.171717,0.5252525,0.00014899671,-0.00026073307,-17.778143,-45.828728,6.1613765,0.00030030275
6.171717,0.56565654,0.00015872903,-0.0002885908,-17.465874,-45.048428,6.0619054,0.00032936234
6.171717,0.6060606,0.00016805157,-0.00031597726,-17.154966,-44.269917,5.9661307,0.0003578868
6.171717,0.64646465,0.0001770053,-0.0003428869,-16.845308,-43.49317,5.8738904,0.0003858786
6.171717,0.68686867,0.00018557534,-0.00036932714,-16.536907,-42.7182,5.7850037,0.00041332885
6.171717,0.72727275,0.00019376725,-0.00039529614,-16.229763,-41.945004,5.6992755,0.00044023263
6.171717,0.7676768,0.00020158291,-0.00042079017,-15.923826,-41.173485,5.616505,0.00046658335
6.171717,0.8080808,0.00020903349,-0.00044580176,-15.619088,-40.403572,5.536489,0.0004923761
6.171717,0.8484849,0.00021611713,-0.00047035888,-15.315533,-39.635178,5.4589925,0.00051763316
6.171717,0.8888889,0.00022284314,-0.00049445033,-15.013216,-38.868214,5.383797,0.0005423469
6.171717,0.9292929,0.00022920407,-0.00051806495,-14.712072,-38.102478,5.3106647,0.00056650315
6.171717,0.969697,0.00023520179,-0.00054120645,-14.412189,-37.33792,5.239365,0.0005901053
6.171717,1.010101,0.0002408512,-0.00056390464,-14.113557,-36.574352,5.169663,0.00061318657
6.171717,1.050505,0.00024614297,-0.00058610924,-13.81623,-35.811657,5.101325,0.0006356968
6.171717,1.0909091,0.0002510678,-0.0006078556,-13.520276,-35.049725,5.034115,0.0006576652
6.171717,1.1313131,0.0002556555,-0.0006291345,-13.225745,-34.288456,4.967816,0.0006790949
6.171717,1.1717172,0.00025987998,-0.00064995326,-12.932735,-33.52775,4.9022126,0.00069998344
6.171717,1.2121212,0.00026375242,-0.0006703064,-12.641301,-32.767517,4.837099,0.00072033046
6.171717,1.2525252,0.00026727282,-0.0006901864,-12.351565,-32.00774,4.7722983,0.00074012973
6.171717,1.2929293,0.00027043,-0.0007096026,-12.063599,-31.248365,4.7076507,0.0007593868
6.171717,1.3333334,0.00027324818,-0.000728555,-11.777541,-30.489407,4.643023,0.00077811116
6.171717,1.3737373,0.0002756901,-0.00074704736,-11.493496,-29.730833,4.578294,0.0007962944
6.171717,1.4141414,0.0002777744,-0.0007650852,-11.211596,-28.972706,4.5134015,0.0008139496
6.171717,1.4545455,0.00027951412,-0.00078266114,-10.93194,-28.214975,4.4483013,0.00083107554
6.171717,1.4949495,0.0002808906,-0.0007997751,-10.65471,-27.457659,4.3829775,0.0008476672
6.171717,1.5353535,0.00028192066,-0.00081645884,-10.380071,-26.700714,4.317462,0.0008637617
6.171717,1.5757576,0.00028258562,-0.00083269365,-10.108283,-25.94407,4.2518005,0.00087933685
6.171717,1.6161616,0.00028292462,-0.0008485187,-9.839624,-25.187618,4.1860476,0.0008944441
6.171717,1.6565657,0.0002829302,-0.000863947,-9.574531,-24.43131,4.1202297,0.0009090951
6.171717,1.6969697,0.00028262474,-0.0008789934,-9.313646,-23.6752,4.0543265,0.0009233126
6.171717,1.7373737,0.00028203428,-0.00089373067,-9.05778,-22.919506,3.9881785,0.0009371755
6.171717,1.7777778,0.00028117374,-0.00090820715,-8.80781,-22.164585,3.921396,0.000950736
6.171717,1.8181819,0.00028013252,-0.0009224992,-8.564547,-21.410858,3.853276,0.00096409494
6.171717,1.8585858,0.000278946,-0.0009367224,-8.328176,-20.65837,3.782704,0.0009773739
6.171717,1.8989899,0.00027771667,-0.0009510182,-8.097833,-19.906437,3.7082734,0.0009907382
6.171717,1.939394,0.0002765432,-0.00096556544,-7.8711715,-19.153536,3.6286836,0.0010043868
6.171717,1.979798,0.00027553365,-0.0009805225,-7.645097,-18.398483,3.5433946,0.0010185004
6.171717,2.020202,0.00027479045,-0.0009960663,-7.4167414,-17.641304,3.4531572,0.0010332753
6.171717,2.060606,0.00027438812,-0.0010122973,-7.184628,-16.883343,3.3596656,0.0010488254
6.171717,2.10101,0.0002743043,-0.0010292325,-6.9485226,-16.125206,3.2644322,0.0010651584
6.171717,2.1414142,0.00027449243,-0.0010467656,-6.7090206,-15.365635,3.1677444,0.0010821573
6.171717,2.1818182,0.0002747886,-0.0010646582,-6.4674096,-14.602823,3.068814,0.001099548
6.171717,2.2222223,0.00027496554,-0.0010826308,-6.2259674,-13.836907,2.9669886,0.0011170029
6.171717,2.2626262,0.00027479604,-0.0011003651,-5.9873724,-13.070021,2.862742,0.0011341588
6.171717,2.3030303,0.00027407706,-0.0011176132,-5.7534795,-12.304006,2.7576697,0.0011507291
6.171717,2.3434343,0.00027264282,-0.0011341386,-5.5247293,-11.538904,2.6536493,0.0011664495
6.171717,2.3838384,0.0002703648,-0.0011497699,-5.3004923,-10.773467,2.5521054,0.00118113
6.171717,2.4242425,0.00026715733,-0.0011644047,-5.0798855,-10.006588,2.4536927,0.0011946595
6.171717,2.4646466,0.00026299618,-0.0011779442,-4.8622413,-9.238048,2.358387,0.0012069464
6.171717,2.5050504,0.00025781617,-0.001190329,-4.647248,-8.468463,2.2657192,0.0012179295
6.171717,2.5454545,0.00025160052,-0.0012015235,-4.4347434,-7.698667,2.1750095,0.0012275836
6.171717,2.5858586,0.00024433434,-0.0012114998,-4.2246413,-6.9293675,2.0855215,0.0012358928
6.171717,2.6262627,0.00023602135,-0.0012202524,-4.0167713,-6.1607776,1.9965296,0.0012428685
6.171717,2.6666667,0.00022663549,-0.0012277775,-3.810951,-5.3927083,1.9073461,0.0012485195
6.171717,2.7070708,0.00021617487,-0.0012340564,-3.6070006,-4.6246448,1.8173369,0.0012528475
6.171717,2.7474747,0.00020461343,-0.0012390781,-3.4047463,-3.8558412,1.7259245,0.0012558588
6.171717,2.7878788,0.00019195303,-0.00124285,-3.204116,-3.0854895,1.6325846,0.0012575858
6.171717,2.8282828,0.00017817505,-0.0012453757,-3.005088,-2.3127046,1.5368425,0.0012580568
6.171717,2.868687,0.00016323477,-0.0012466181,-2.8077629,-1.5366454,1.4383067,0.0012572599
6.171717,2.909091,0.000147162,-0.0012465883,-2.612312,-0.75652605,1.3366259,0.0012552446
6.30303,0.04040404,4.9676746e-06,0.000113593414,-21.150524,-54.44008,7.430151,0.000113701986
6.30303,0.08080808,1.9747764e-05,8.046441e-05,-20.836245,-53.63608,7.2827806,8.2852246e-05
6.30303,0.121212125,3.4073368e-05,4.7838315e-05,-20.523943,-52.832825,7.1402354,5.8732436e-05
6.30303,0.16161616,4.7942623e-05,1.5702099e-05,-20.21331,-52.030334,7.0025177,5.04485e-05
6.30303,0.2020202,6.137043e-05,-1.5946105e-05,-19.904085,-51.228714,6.869586,6.340827e-05
6.30303,0.24242425,7.435307e-05,-4.7093257e-05,-19.596067,-50.428047,6.741413,8.801224e-05
6.30303,0.28282827,8.689985e-05,-7.77524e-05,-19.289074,-49.62843,6.6179175,0.00011660626
6.30303,0.32323232,9.9018216e-05,-0.000107932836,-18.982985,-48.829994,6.499032,0.0001464722
6.30303,0.36363637,0.000110698864,-0.00013760477,-18.677715,-48.03291,6.3846507,0.00017660497
6.30303,0.4040404,0.00012196414,-0.00016679615,-18.37316,-47.237297,6.2746687,0.0002066306
6.30303,0.44444445,0.00013282523,-0.00019549765,-18.069302,-46.44327,6.168963,0.00023635116
6.30303,0.4848485,0.00014328025,-0.00022371486,-17.766127,-45.651024,6.067405,0.0002656644
6.30303,0.5252525,0.00015332736,-0.00025144592,-17.463598,-44.860558,5.9698353,0.00029450693
6.30303,0.56565654,0.00016299449,-0.00027868338,-17.161737,-44.07207,5.8760977,0.00032284923
6.30303,0.6060606,0.00017224997,-0.00030543655,-16.860563,-43.285606,5.7860236,0.00035065872
6.30303,0.64646465,0.00018113293,-0.00033172593,-16.560047,-42.501137,5.699438,0.00037795663
6.30303,0.68686867,0.00018963031,-0.0003575161,-16.260256,-41.71871,5.616123,0.00040469423
6.30303,0.72727275,0.00019775704,-0.0003828276,-15.961133,-40.93825,5.5358896,0.0004308884
6.30303,0.7676768,0.00020550191,-0.00040766597,-15.662784,-40.159786,5.4585023,0.00045653322
6.30303,0.8080808,0.00021287054,-0.0004320182,-15.365139,-39.383137,5.383754,0.0004816156
6.30303,0.8484849,0.00021989085,-0.0004558973,-15.068299,-38.60826,5.311391,0.0005061564
6.30303,0.8888889,0.00022654235,-0.00047930144,-14.772218,-37.83497,5.24118,0.00053014274
6.30303,0.9292929,0.00023282506,-0.00050223805,-14.476946,-37.063164,5.172866,0.00055357977
6.30303,0.969697,0.00023874454,-0.0005246829,-14.182533,-36.29271,5.1062036,0.000576447
6.30303,1.010101,0.000244312,-0.00054666586,-13.888987,-35.523403,5.0409427,0.00059877534
6.30303,1.050505,0.0002495367,-0.0005681738,-13.596376,-34.755146,4.976824,0.00062055624
6.30303,1.0909091,0.00025437213,-0.000589218,-13.304704,-33.987762,4.913617,0.00064178114
6.30303,1.1313131,0.00025887415,-0.0006097816,-13.014077,-33.221165,4.8510747,0.0006624571
6.30303,1.1717172,0.0002630204,-0.00062987395,-12.724532,-32.455215,4.788973,0.000682584
6.30303,1.2121212,0.00026680157,-0.0006494988,-12.4361515,-31.689863,4.7271056,0.00070216216
6.30303,1.2525252,0.00027022883,-0.0006686542,-12.148971,-30.924969,4.6652865,0.0007211949
6.30303,1.2929293,0.0002732966,-0.0006873384,-11.863122,-30.160557,4.6033382,0.0007396791
6.30303,1.3333334,0.00027600303,-0.00070555136,-11.5786295,-29.396564,4.5411344,0.00075761497
6.30303,1.3737373,0.00027835555,-0.0007233061,-11.2956295,-28.633017,4.4785557,0.00077501836
6.30303,1.4141414,0.000280343,-0.000740584,-11.01419,-27.86988,4.4155293,0.0007918692
6.30303,1.4545455,0.0002819635,-0.00075740553,-10.734392,-27.107176,4.352017,0.00080818724
6.30303,1.4949495,0.00028322637,-0.00077377073,-10.45636,-26.344893,4.2880163,0.00082397717
6.30303,1.5353535,0.00028413162,-0.00078968145,-10.180233,-25.58302,4.2235355,0.00083924225
6.30303,1.5757576,0.0002846904,-0.00080516003,-9.906215,-24.82156,4.1586175,0.00085400895
6.30303,1.6161616,0.00028490275,-0.0008202102,-9.634499,-24.060448,4.093293,0.0008682824
6.30303,1.6565657,0.00028477795,-0.00083485804,-9.365507,-23.299805,4.0275903,0.0008820921
6.30303,1.6969697,0.00028433092,-0.00084912963,-9.099682,-22.539734,3.9614267,0.0008954693
6.30303,1.7373737,0.00028359145,-0.00086306967,-8.837724,-21.78063,3.8946204,0.00090846757
6.30303,1.7777778,0.00028259866,-0.00087673403,-8.580298,-21.022976,3.826758,0.0009211539
6.30303,1.8181819,0.0002813898,-0.0008902047,-8.327942,-20.267204,3.7570846,0.0009336191
6.30303,1.8585858,0.00028003938,-0.0009035785,-8.080646,-19.513262,3.6844695,0.0009459789
6.30303,1.8989899,0.00027862005,-0.0009169951,-7.8374195,-18.760204,3.6075144,0.00095838885
6.30303,1.939394,0.00027723797,-0.00093059987,-7.5961947,-18.006205,3.524945,0.00097101857
6.30303,1.979798,0.00027599558,-0.00094456784,-7.354455,-17.249575,3.436293,0.0009840641
6.30303,2.020202,0.0002749674,-0.00095903315,-7.110443,-16.490042,3.3423872,0.0009976731
6.30303,2.060606,0.00027423725,-0.00097410195,-6.8638525,-15.728768,3.2450538,0.0010119687
6.30303,2.10101,0.0002737958,-0.0009897556,-6.6155963,-14.966506,3.145905,0.0010269276
6.30303,2.1414142,0.0002735518,-0.0010058936,-6.366931,-14.202278,3.045328,0.0010424262
6.30303,2.1818182,0.00027337484,-0.0010222867,-6.1193852,-13.434596,2.9426029,0.0010582079
6.30303,2.2222223,0.00027301162,-0.001038665,-5.8749495,-12.663686,2.837124,0.0010739461
6.30303,2.2626262,0.00027228147,-0.0010547265,-5.6357536,-11.891598,2.7294173,0.001089305
6.30303,2.3030303,0.00027095713,-0.0010702293,-5.40309,-11.12009,2.6211407,0.0011039966
6.30303,2.3434343,0.00026886724,-0.0010849461,-5.176858,-10.349147,2.514257,0.0011177646
6.30303,2.3838384,0.0002659224,-0.0010987297,-4.9560394,-9.577586,2.4102833,0.0011304519
6.30303,2.4242425,0.0002620276,-0.0011114832,-4.7394643,-8.804444,2.3099189,0.0011419515
6.30303,2.4646466,0.00025713816,-0.0011231042,-4.526354,-8.02977,2.2131486,0.0011521645
6.30303,2.5050504,0.000251228,-0.0011335425,-4.3162937,-7.2544236,2.1194532,0.0011610488
6.30303,2.5454545,0.00024427474,-0.0011427738,-4.1090746,-6.479447,2.0280704,0.0011685898
6.30303,2.5858586,0.00023626536,-0.0011507738,-3.904539,-5.7055926,1.9381372,0.0011747774
6.30303,2.6262627,0.00022718869,-0.001157539,-3.702425,-4.933035,1.8488095,0.0011796233
6.30303,2.6666667,0.00021704845,-0.0011630394,-3.5024252,-4.1614394,1.7592753,0.001183119
6.30303,2.7070708,0.00020581111,-0.0011672974,-3.3042388,-3.3901021,1.6687803,0.0011853023
6.30303,2.7474747,0.00019346736,-0.0011702962,-3.1075664,-2.618033,1.5766307,0.0011861799
6.30303,2.7878788,0.00018000789,-0.001172021,-2.91219,-1.8441796,1.4822037,0.0011857639
6.30303,2.8282828,0.00016541779,-0.0011724774,-2.717983,-1.06747,1.3849466,0.0011840888
6.4343433,0.04040404,1.0298565e-05,0.000114671886,-20.655193,-53.52711,7.1329947,0.00011513341
6.4343433,0.08080808,2.4985522e-05,8.207373e-05,-20.363186,-52.71328,6.9913764,8.579262e-05
6.4343433,0.121212125,3.9212406e-05,4.9980357e-05,-20.07204,-51.90041,6.8548856,6.352676e-05
6.4343433,0.16161616,5.2966177e-05,1.8395483e-05,-19.781466,-51.08855,6.723469,5.6069686e-05
6.4343433,0.2020202,6.6280365e-05,-1.2682751e-05,-19.491201,-50.27774,6.59705,6.748288e-05
6.4343433,0.24242425,7.9160556e-05,-4.325807e-05,-19.201122,-49.468147,6.475532,9.0208945e-05
6.4343433,0.28282827,9.1588125e-05,-7.333979e-05,-18.91101,-48.659775,6.358812,0.00011733332
6.4343433,0.32323232,0.00010358542,-0.00010290742,-18.620804,-47.852837,6.2467847,0.00014601328
6.4343433,0.36363637,0.00011517666,-0.00013197772,-18.33044,-47.04739,6.139303,0.00017516786
6.4343433,0.4040404,0.00012633577,-0.00016055442,-18.039925,-46.243687,6.036236,0.0002042999
6.4343433,0.44444445,0.00013709441,-0.00018862262,-17.74921,-45.441727,5.937436,0.000233181
6.4343433,0.4848485,0.00014743768,-0.00021618977,-17.458345,-44.64174,5.8427377,0.00026167897
6.4343433,0.5252525,0.0001573842,-0.00024327636,-17.167341,-43.843773,5.7519817,0.00028974673
6.4343433,0.56565654,0.00016694516,-0.00026985444,-16.876245,-43.04795,5.66498,0.0003173202
6.4343433,0.6060606,0.00017610565,-0.00029594265,-16.585115,-42.25431,5.5815477,0.0003443766
6.4343433,0.64646465,0.00018488988,-0.00032155216,-16.294031,-41.46292,5.501489,0.00037091787
6.4343433,0.68686867,0.00019328482,-0.00034665503,-16.002993,-40.673756,5.424591,0.0003968989
6.4343433,0.72727275,0.00020130351,-0.00037127547,-15.712093,-39.88682,5.350644,0.00042233703
6.4343433,0.7676768,0.00020895526,-0.00039541535,-15.421348,-39.10204,5.2793984,0.00044723102
6.4343433,0.8080808,0.00021623634,-0.0004190635,-15.130788,-38.31927,5.210633,0.00047156375
6.4343433,0.8484849,0.00022315606,-0.00044223666,-14.840456,-37.538475,5.1440973,0.0004953503
6.4343433,0.8888889,0.00022970326,-0.00046491623,-14.550416,-36.759495,5.079538,0.000518566
6.4343433,0.9292929,0.00023590028,-0.0004871264,-14.260645,-35.982197,5.016686,0.0005412403
6.4343433,0.969697,0.00024172291,-0.00050885044,-13.971237,-35.20645,4.955287,0.000563346
6.4343433,1.010101,0.00024720654,-0.00053010136,-13.682166,-34.432064,4.8950777,0.000584909
6.4343433,1.050505,0.00025231577,-0.0005508736,-13.393482,-33.658882,4.8358,0.00060590834
6.4343433,1.0909091,0.00025707483,-0.0005711615,-13.105253,-32.886826,4.777187,0.0006263489
6.4343433,1.1313131,0.00026147813,-0.0005909819,-12.817478,-32.115696,4.719004,0.00064624334
6.4343433,1.1717172,0.00026552938,-0.0006103236,-12.530214,-31.345419,4.661005,0.000665583
6.4343433,1.2121212,0.00026920624,-0.0006291885,-12.243533,-30.575895,4.602978,0.00068436115
6.4343433,1.2525252,0.00027253665,-0.0006475821,-11.957454,-29.807058,4.544723,0.00070259435
6.4343433,1.2929293,0.00027549826,-0.00066549703,-11.672044,-29.038828,4.4860644,0.0007202677
6.4343433,1.3333334,0.0002780985,-0.00068295747,-11.38737,-28.271196,4.426853,0.0007374074
6.4343433,1.3737373,0.00028035417,-0.0006999299,-11.103476,-27.504114,4.3669724,0.0007539896
6.4343433,1.4141414,0.0002822224,-0.0007164404,-10.820455,-26.737589,4.306352,0.00077002356
6.4343433,1.4545455,0.0002837386,-0.00073248707,-10.538381,-25.97164,4.244942,0.00078552205
6.4343433,1.4949495,0.00028488785,-0.00074807927,-10.257329,-25.206207,4.1827126,0.0008004897
6.4343433,1.5353535,0.0002856832,-0.000763217,-9.97743,-24.441303,4.1196756,0.0008149325
6.4343433,1.5757576,0.0002861265,-0.0007779114,-9.698828,-23.67691,4.055849,0.00082886335
6.4343433,1.6161616,0.00028620847,-0.00079217926,-9.42178,-22.913097,3.9912512,0.00084229646
6.4343433,1.6565657,0.00028594956,-0.0008060336,-9.146566,-22.14991,3.9258447,0.0008552528
6.4343433,1.6969697,0.00028537586,-0.00081950985,-8.873665,-21.387674,3.859549,0.00086777634
6.4343433,1.7373737,0.00028450415,-0.00083264895,-8.603569,-20.626741,3.792118,0.000879913
6.4343433,1.7777778,0.00028335676,-0.0008454919,-8.336852,-19.867685,3.7230937,0.00089171046
6.4343433,1.8181819,0.00028201193,-0.00085813366,-8.07389,-19.11091,3.6516967,0.00090328517
6.4343433,1.8585858,0.00028048642,-0.0008706562,-7.81451,-18.356255,3.5767796,0.0009147212
6.4343433,1.8989899,0.00027888082,-0.0008831825,-7.557668,-17.602455,3.4969482,0.0009261673
6.4343433,1.939394,0.00027729943,-0.0008958522,-7.3015966,-16.847393,3.4109762,0.00093778793
6.4343433,1.979798,0.00027580187,-0.00090882555,-7.0443788,-16.089056,3.3184917,0.00094975287
6.4343433,2.020202,0.00027450174,-0.00092221797,-6.78526,-15.326963,3.2204502,0.00096220436
6.4343433,2.060606,0.00027344376,-0.0009361077,-6.525074,-14.562246,3.118786,0.00097522774
6.4343433,2.10101,0.00027261674,-0.00095048174,-6.2657123,-13.795863,3.0152714,0.0009888051
6.4343433,2.1414142,0.0002719164,-0.0009652134,-6.0090847,-13.027189,2.9104102,0.0010027839
6.4343433,2.1818182,0.00027122162,-0.0009801053,-5.7568183,-12.25495,2.8035972,0.0010169402
6.4343433,2.2222223,0.00027030706,-0.0009948798,-5.510695,-11.479486,2.6942992,0.001030947
6.4343433,2.2626262,0.00026895106,-0.0010092501,-5.272312,-10.702651,2.5831146,0.0010444713
6.4343433,2.3030303,0.00026697107,-0.0010229982,-5.042397,-9.926058,2.4717705,0.0010572601
6.4343433,2.3434343,0.00026418827,-0.0010359045,-4.820347,-9.149564,2.3623097,0.001069062
6.4343433,2.3838384,0.000260517,-0.0010478329,-4.6047273,-8.371981,2.25631,0.0010797328
6.4343433,2.4242425,0.0002558641,-0.0010586772,-4.3941636,-7.592539,2.1545212,0.0010891574
6.4343433,2.4646466,0.00025020726,-0.0010683741,-4.1877,-6.811581,2.0569172,0.0010972817
6.4343433,2.5050504,0.0002435185,-0.0010768566,-3.984894,-6.030279,1.9629151,0.0011040478
6.4343433,2.5454545,0.00023576245,-0.0010841079,-3.7855036,-5.2499676,1.8716655,0.0011094476
6.4343433,2.5858586,0.00022694841,-0.0010900963,-3.5892906,-4.471506,1.7821915,0.0011134701
6.4343433,2.6262627,0.00021707639,-0.0010948386,-3.395917,-3.6951032,1.6934967,0.0011161513
6.4343433,2.6666667,0.00020611472,-0.0010983143,-3.2049596,-2.9203074,1.6046426,0.0011174872
6.4343433,2.7070708,0.00019404292,-0.001100516,-3.0159407,-2.1461856,1.5147458,0.0011174919
6.4343433,2.7474747,0.00018087402,-0.0011014473,-2.8284166,-1.371545,1.4229903,0.0011161997
6.5656567,0.04040404,1.5854836e-05,0.00011404045,-20.175055,-52.55355,6.8000345,0.00011513731
6.5656567,0.08080808,3.0368567e-05,8.201599e-05,-19.905975,-51.731018,6.6656,8.745783e-05
6.5656567,0.121212125,4.4427812e-05,5.051121e-05,-19.636623,-50.909737,6.536547,6.7269706e-05
6.5656567,0.16161616,5.801022e-05,1.9522384e-05,-19.36672,-50.089703,6.412774,6.12071e-05
6.5656567,0.2020202,7.116236e-05,-1.09523535e-05,-19.096025,-49.27097,6.294144,7.200024e-05
6.5656567,0.24242425,8.3878636e-05,-4.0911138e-05,-18.8244,-48.45359,6.1805325,9.332388e-05
6.5656567,0.28282827,9.614229e-05,-7.035583e-05,-18.55173,-47.63769,6.071772,0.00011913556
6.5656567,0.32323232,0.000107988715,-9.9271536e-05,-18.277939,-46.823368,5.9677114,0.00014668469
6.5656567,0.36363637,0.000119417906,-0.00012768805,-18.00304,-46.010784,5.868187,0.00017482812
6.5656567,0.4040404,0.00013043918,-0.00015560165,-17.726995,-45.200005,5.7730236,0.00020304248
6.5656567,0.44444445,0.00014104322,-0.00018299744,-17.449883,-44.391224,5.6820483,0.00023104383
6.5656567,0.4848485,0.00015125424,-0.00020988844,-17.171774,-43.584557,5.595084,0.00025871026
6.5656567,0.5252525,0.0001610592,-0.00023627467,-16.892677,-42.780075,5.5119405,0.00028594717
6.5656567,0.56565654,0.00017047487,-0.00026215613,-16.612736,-41.9779,5.432419,0.00031270995
6.5656567,0.6060606,0.00017950684,-0.0002875384,-16.331991,-41.17804,5.356319,0.00033897054
6.5656567,0.64646465,0.00018815883,-0.00031243265,-16.050543,-40.380608,5.283428,0.0003647162
6.5656567,0.68686867,0.0001964327,-0.00033682212,-15.768448,-39.58554,5.2135477,0.0003899166
6.5656567,0.72727275,0.00020432658,-0.00036070496,-15.485802,-38.79282,5.1464334,0.00041455688
6.5656567,0.7676768,0.00021185912,-0.00038410723,-15.202657,-38.002426,5.0818596,0.00043866006
6.5656567,0.8080808,0.00021901727,-0.0004070159,-14.919036,-37.21426,5.0195737,0.0004622018
6.5656567,0.8484849,0.00022581033,-0.00042943284,-14.635011,-36.428192,4.9593368,0.00048518332
6.5656567,0.8888889,0.00023225695,-0.0004513655,-14.35063,-35.644154,4.9008856,0.0005076161
6.5656567,0.9292929,0.00023834035,-0.00047281943,-14.065875,-34.86196,4.843951,0.0005294944
6.5656567,0.969697,0.00024405867,-0.0004937649,-13.780812,-34.081528,4.7882786,0.0005507889
6.5656567,1.010101,0.0002494231,-0.00051425025,-13.495437,-33.30265,4.7335935,0.0005715463
6.5656567,1.050505,0.00025442615,-0.00053424574,-13.209783,-32.525238,4.679629,0.0005917357
6.5656567,1.0909091,0.00025907345,-0.0005537644,-12.923856,-31.749159,4.626123,0.00061137066
6.5656567,1.1313131,0.00026337244,-0.0005727969,-12.637696,-30.974266,4.5728188,0.0006304454
6.5656567,1.1717172,0.00026731193,-0.0005913526,-12.351336,-30.200523,4.5194807,0.00064896344
6.5656567,1.2121212,0.00027089566,-0.0006094333,-12.064802,-29.427807,4.465876,0.0006669283
6.5656567,1.2525252,0.0002741143,-0.00062704086,-11.778117,-28.656033,4.411801,0.0006843383
6.5656567,1.2929293,0.00027698092,-0.000644166,-11.491356,-27.885208,4.357067,0.0007011906
6.5656567,1.3333334,0.00027946755,-0.00066082366,-11.204511,-27.115211,4.301524,0.0007174887
6.5656567,1.3737373,0.00028162263,-0.0006770082,-10.917685,-26.346067,4.2450423,0.00073324714
6.5656567,1.4141414,0.00028339028,-0.00069272704,-10.63094,-25.57773,4.187522,0.00074845226
6.5656567,1.4545455,0.00028480217,-0.0007079821,-10.344341,-24.810179,4.1288996,0.0007631192
6.5656567,1.4949495,0.00028583407,-0.00072277524,-10.057997,-24.043362,4.06914,0.000777242
6.5656567,1.5353535,0.00028652512,-0.000737112,-9.772018,-23.277224,4.00821,0.0007908418
6.5656567,1.5757576,0.00028685108,-0.00075101294,-9.486608,-22.511786,3.9460928,0.0008039303
6.5656567,1.6161616,0.0002868399,-0.0007644836,-9.201987,-21.747032,3.882762,0.00081652455
6.5656567,1.6565657,0.00028645992,-0.0007775426,-8.9184475,-20.98304,3.818155,0.0008286325
6.5656567,1.6969697,0.00028577074,-0.0007902123,-8.636397,-20.22008,3.752103,0.0008402978
6.5656567,1.7373737,0.00028477423,-0.0008025374,-8.356366,-19.458572,3.6843147,0.00085156487
6.5656567,1.7777778,0.00028350204,-0.000814572,-8.078757,-18.69901,3.614278,0.0008624969
6.5656567,1.8181819,0.00028200448,-0.0008263737,-7.8038363,-17.941664,3.5411673,0.00087316666
6.5656567,1.8585858,0.00028033555,-0.00083803944,-7.5313435,-17.186218,3.4637887,0.0008836844
6.5656567,1.8989899,0.00027855113,-0.0008496661,-7.260318,-16.43123,3.3807857,0.0008941606
6.5656567,1.939394,0.0002767574,-0.0008614082,-6.9891634,-15.674286,3.2909827,0.00090477546
6.5656567,1.979798,0.000275027,-0.00087336823,-6.7167406,-14.913328,3.1941266,0.00091564836
6.5656567,2.020202,0.00027343445,-0.00088567473,-6.4431767,-14.147856,3.0913372,0.00092692295
6.5656567,2.060606,0.0002720207,-0.00089837424,-6.170363,-13.379131,2.9847286,0.0009386541
6.5656567,2.10101,0.00027078763,-0.00091145,-5.9010954,-12.608398,2.8762467,0.0009508244
6.5656567,2.1414142,0.00026964024,-0.0009247847,-5.6378207,-11.835338,2.7665591,0.0009632926
6.5656567,2.1818182,0.0002683904,-0.0009381566,-5.3823504,-11.058915,2.655208,0.00097579265
6.5656567,2.2222223,0.00026686303,-0.00095129944,-5.136164,-10.279375,2.541767,0.0009880215
6.5656567,2.2626262,0.0002648458,-0.00096396916,-4.900424,-9.498415,2.4269273,0.0009996899
6.5656567,2.3030303,0.00026213564,-0.0009759348,-4.6752543,-8.71726,2.3124857,0.0010105266
6.5656567,2.3434343,0.0002586022,-0.0009870064,-4.4595394,-7.9355817,2.2005663,0.0010203219
6.5656567,2.3838384,0.00025414117,-0.0009970516,-4.251459,-7.152153,2.092806,0.0010289314
6.5656567,2.4242425,0.00024866872,-0.0010059774,-4.049368,-6.3663793,1.9899763,0.0010362561
6.5656567,2.4646466,0.00024217181,-0.0010137055,-3.852225,-5.578938,1.8920299,0.0010422312
6.5656567,2.5050504,0.00023462996,-0.0010202043,-3.6595225,-4.7914405,1.7983339,0.0010468372
6.5656567,2.5454545,0.0002260115,-0.0010254495,-3.47099,-4.0055485,1.7079164,0.0010500608
6.5656567,2.5858586,0.00021632574,-0.001029402,-3.286343,-3.2223878,1.6196789,0.0010518866
6.5656567,2.6262627,0.0002055522,-0.0010320786,-3.1051488,-2.4422371,1.532486,0.0010523489
6.5656567,2.6666667,0.00019369833,-0.00103347,-2.926825,-1.6645644,1.445243,0.0010514654
6.5656567,2.7070708,0.00018073432,-0.0010335837,-2.7507393,-0.8883001,1.3569314,0.0010492664
6.69697,0.04040404,2.1500513e-05,0.000111686066,-19.715395,-51.522503,6.4391828,0.00011373676
6.69697,0.08080808,3.577955e-05,8.0280006e-05,-19.469584,-50.692627,6.313121,8.7892295e-05
6.69697,0.121212125,4.960224e-05,4.9410388e-05,-19.222334,-49.8642,6.192645,7.001263e-05
6.69697,0.16161616,6.297976e-05,1.9058585e-05,-18.97341,-49.03727,6.0775967,6.5800305e-05
6.69697,0.2020202,7.59121e-05,-1.0762364e-05,-18.722624,-48.21189,5.967783,7.667122e-05
6.69697,0.24242425,8.8404864e-05,-4.0043145e-05,-18.469833,-47.38807,5.863016,9.7050885e-05
6.69697,0.28282827,0.00010046922,-6.88117e-05,-18.214935,-46.565914,5.763096,0.00012177485
6.69697,0.32323232,0.000112114474,-9.70494e-05,-17.957952,-45.74554,5.6678247,0.00014828434
6.69697,0.36363637,0.00012334436,-0.00012476929,-17.69882,-44.927,5.5770044,0.00017544575
6.69697,0.4040404,0.00013417192,-0.00015196763,-17.437658,-44.11051,5.490425,0.00020272213
6.69697,0.44444445,0.00014458783,-0.00017865002,-17.174467,-43.29608,5.4078946,0.00022982922
6.69697,0.4848485,0.00015460886,-0.00020481646,-16.909405,-42.483894,5.329206,0.00025661974
6.69697,0.5252525,0.00016424246,-0.00023047626,-16.642498,-41.674015,5.2541485,0.00028301042
6.69697,0.56565654,0.00017349236,-0.0002556257,-16.373898,-40.866547,5.182528,0.00030894027
6.69697,0.6060606,0.00018235296,-0.00028025918,-16.103703,-40.061527,5.114128,0.00033436177
6.69697,0.64646465,0.00019084848,-0.00030438974,-15.832006,-39.258987,5.0487385,0.00035927183
6.69697,0.68686867,0.00019897707,-0.00032802112,-15.5589,-38.458946,4.986142,0.00038365313
6.69697,0.72727275,0.00020673126,-0.00035114773,-15.284471,-37.661366,4.9261065,0.00040748317
6.69697,0.7676768,0.00021411665,-0.00037378073,-15.008744,-36.86615,4.86841,0.0004307644
6.69697,0.8080808,0.00022112578,-0.00039590895,-14.731825,-36.073288,4.812807,0.00045347604
6.69697,0.8484849,0.00022779033,-0.00041753985,-14.453741,-35.282692,4.759052,0.00047563427
6.69697,0.8888889,0.00023410842,-0.00043869205,-14.17452,-34.49423,4.706898,0.0004972499
6.69697,0.9292929,0.00024004467,-0.00045933947,-13.894152,-33.707752,4.6560793,0.00051828
6.69697,0.969697,0.00024564192,-0.00047950447,-13.6126995,-32.923203,4.6063437,0.000538762
6.69697,1.010101,0.00025088526,-0.00049918704,-13.330148,-32.140434,4.557429,0.00055868697
6.69697,1.050505,0.00025577843,-0.00051837415,-13.046492,-31.35933,4.509057,0.0005780436
6.69697,1.0909091,0.00026031956,-0.0005370863,-12.761768,-30.579798,4.4609823,0.0005968484
6.69697,1.1313131,0.00026449934,-0.0005553048,-12.475958,-29.801756,4.412949,0.00061507995
6.69697,1.1717172,0.0002683252,-0.0005730558,-12.189088,-29.025116,4.364713,0.0006327649
6.69697,1.2121212,0.00027180463,-0.0005903188,-11.901206,-28.24986,4.3160357,0.0006498877
6.69697,1.2525252,0.00027491897,-0.00060710683,-11.612304,-27.475903,4.2667217,0.00066645263
6.69697,1.2929293,0.00027768314,-0.0006234199,-11.32247,-26.703222,4.216567,0.0006824663
6.69697,1.3333334,0.00028007478,-0.00063926354,-11.0316925,-25.931767,4.1653986,0.00069792534
6.69697,1.3737373,0.0002821181,-0.0006546285,-10.74012,-25.161533,4.113075,0.00071283174
6.69697,1.4141414,0.0002837889,-0.00066952594,-10.447767,-24.392427,4.0594788,0.00072718714
6.69697,1.4545455,0.00028511323,-0.000683967,-10.1548,-23.624434,4.004513,0.0007410131
6.69697,1.4949495,0.0002860576,-0.0006979462,-9.861287,-22.857431,3.9480968,0.00075429294
6.69697,1.5353535,0.00028665364,-0.0007114783,-9.567449,-22.091345,3.8901656,0.0007670539
6.69697,1.5757576,0.00028688647,-0.0007245727,-9.273435,-21.326063,3.8306468,0.00077930064
6.69697,1.6161616,0.00028677285,-0.0007372219,-8.979549,-20.561556,3.7694297,0.000791034
6.69697,1.6565657,0.00028631277,-0.00074947067,-8.686077,-19.797825,3.7063787,0.0008022975
6.69697,1.6969697,0.00028551556,-0.00076131895,-8.393415,-19.035017,3.641251,0.00081309635
6.69697,1.7373737,0.00028442033,-0.0007728264,-8.102036,-18.273441,3.5736654,0.00082350196
6.69697,1.7777778,0.00028303638,-0.0007840339,-7.8122787,-17.513456,3.5030067,0.0008335579
6.69697,1.8181819,0.00028141215,-0.00079498254,-7.5242815,-16.755201,3.4283814,0.00084332086
6.69697,1.8585858,0.00027958862,-0.00080577657,-7.2377367,-15.99811,3.3485565,0.0008529043
6.69697,1.8989899,0.0002776496,-0.00081650726,-6.9517064,-15.240606,3.262163,0.000862423
6.69697,1.939394,0.00027565286,-0.00082728826,-6.665016,-14.4803295,3.1681204,0.0008720036
6.69697,1.979798,0.0002736859,-0.0008382313,-6.3771377,-13.715261,3.0663173,0.0008817799
6.69697,2.020202,0.00027179904,-0.00084943883,-6.0891995,-12.945206,2.958078,0.0008918638
6.69697,2.060606,0.0002700314,-0.00086092576,-5.8041224,-12.171724,2.8457613,0.0009022805
6.69697,2.10101,0.00026836433,-0.00087268464,-5.5255756,-11.396347,2.7315357,0.0009130158
6.69697,2.1414142,0.00026669912,-0.00088458136,-5.256554,-10.619054,2.6162732,0.0009239116
6.69697,2.1818182,0.00026487373,-0.0008963924,-4.998971,-9.838889,2.4996896,0.0009347071
6.69697,2.2222223,0.00026269257,-0.00090788864,-4.754112,-9.055999,2.3815124,0.0009451292
6.69697,2.2626262,0.00025994517,-0.0009188112,-4.5226007,-8.27164,2.262538,0.0009548746
6.69697,2.3030303,0.00025645643,-0.00092897005,-4.3040214,-7.486652,2.1446595,0.0009637195
6.69697,2.3434343,0.00025209226,-0.00093817525,-4.096699,-6.700338,2.0300736,0.0009714542
6.69697,2.3838384,0.00024675392,-0.0009463001,-3.8984032,-5.9113827,1.9204772,0.0009779425
6.69697,2.4242425,0.00024039112,-0.0009532664,-3.7072134,-5.119331,1.8166656,0.0009831097
6.69697,2.4646466,0.0002329722,-0.0009589959,-3.5219533,-4.3252654,1.718556,0.0009868887
6.69697,2.5050504,0.00022447295,-0.0009634644,-3.342071,-3.5312896,1.6254524,0.0009892682
6.69697,2.5454545,0.0002148971,-0.0009666383,-3.1672885,-2.7395737,1.5362731,0.0009902376
6.69697,2.5858586,0.00020423532,-0.00096850656,-2.9972582,-1.9515955,1.4497731,0.0009898066
6.69697,2.6262627,0.00019250065,-0.00096907653,-2.831443,-1.1678132,1.36467,0.000988011
6.828283,0.04040404,2.7129427e-05,0.00010765903,-19.281635,-50.439896,6.059191,0.000111024645
6.828283,0.08080808,4.1106716e-05,7.691793e-05,-19.059017,-49.60402,5.9423904,8.7213135e-05
6.828283,0.121212125,5.4646283e-05,4.6717003e-05,-18.833836,-48.76989,5.8313246,7.1893635e-05
6.828283,0.16161616,6.773509e-05,1.7063692e-05,-18.60591,-47.937508,5.725748,6.9851354e-05
6.828283,0.2020202,8.0399215e-05,-1.2056902e-05,-18.375036,-47.1069,5.62543,8.129823e-05
6.828283,0.24242425,9.264238e-05,-4.064478e-05,-18.14109,-46.27808,5.5301175,0.000101166246
6.828283,0.28282827,0.00010443665,-6.86869e-05,-17.904037,-45.4511,5.439574,0.00012499961
6.828283,0.32323232,0.000115839764,-9.619631e-05,-17.663887,-44.62606,5.3535547,0.00015057417
6.828283,0.36363637,0.0001268331,-0.00012318417,-17.420664,-43.80306,5.2718105,0.00017680773
6.828283,0.4040404,0.00013741851,-0.00014963746,-17.17441,-42.982162,5.1941323,0.00020316303
6.828283,0.44444445,0.00014761277,-0.00017557107,-16.925245,-42.16349,5.1202884,0.00022937902
6.828283,0.4848485,0.00015741959,-0.00020098872,-16.673252,-41.347126,5.050041,0.00025529863
6.828283,0.5252525,0.00016683526,-0.0002258718,-16.41859,-40.53316,4.983191,0.00028080613
6.828283,0.56565654,0.00017588586,-0.00025024824,-16.161352,-39.721664,4.919524,0.00030587582
6.828283,0.6060606,0.0001845602,-0.000274105,-15.901648,-38.91267,4.85882,0.0003304482
6.828283,0.64646465,0.00019287132,-0.00029745512,-15.639567,-38.10615,4.8008814,0.0003545122
6.828283,0.68686867,0.00020080991,-0.00032028928,-15.375259,-37.302177,4.745482,0.00037803416
6.828283,0.72727275,0.00020838715,-0.00034262985,-15.10876,-36.50068,4.692419,0.0004010242
6.828283,0.7676768,0.00021560118,-0.00036445633,-14.840181,-35.70163,4.6414614,0.00042345282
6.828283,0.8080808,0.00022246689,-0.0003857799,-14.569541,-34.90492,4.5923896,0.00044532868
6.828283,0.8484849,0.00022898242,-0.00040660612,-14.296861,-34.11049,4.5449705,0.00046664922
6.828283,0.8888889,0.00023514219,-0.00042693503,-14.022194,-33.31824,4.4989715,0.0004874068
6.828283,0.9292929,0.00024094991,-0.00044676475,-13.745565,-32.528107,4.454155,0.00050759787
6.828283,0.969697,0.00024640746,-0.00046611018,-13.466937,-31.739939,4.410268,0.0005272337
6.828283,1.010101,0.0002515223,-0.00048496202,-13.18632,-30.953661,4.3670716,0.00054630724
6.828283,1.050505,0.00025628693,-0.00050332583,-12.903729,-30.169212,4.324316,0.00056481845
6.828283,1.0909091,0.0002607014,-0.0005212035,-12.619147,-29.386522,4.2817497,0.0005827678
6.828283,1.1313131,0.00026477315,-0.00053858757,-12.332604,-28.605518,4.239144,0.00060015114
6.828283,1.1717172,0.00026849285,-0.00055550784,-12.044095,-27.826189,4.1962442,0.00061699055
6.828283,1.2121212,0.00027185678,-0.0005719345,-11.753656,-27.048506,4.1528335,0.0006332576
6.828283,1.2525252,0.000274878,-0.0005878825,-11.461339,-26.272465,4.108705,0.0006489713
6.828283,1.2929293,0.00027753226,-0.00060336106,-11.167173,-25.498032,4.0636435,0.00066413
6.828283,1.3333334,0.00027985312,-0.0006183591,-10.871268,-24.725206,4.0174904,0.00067873835
6.828283,1.3737373,0.00028180517,-0.00063289143,-10.573706,-23.953938,3.9700446,0.00069279555
6.828283,1.4141414,0.00028339773,-0.0006469581,-10.27459,-23.184189,3.9211848,0.00070630666
6.828283,1.4545455,0.0002846308,-0.0006605573,-9.974148,-22.415892,3.8707643,0.0007192709
6.828283,1.4949495,0.0002855137,-0.0006737113,-9.672423,-21.648838,3.8186474,0.0007317137
6.828283,1.5353535,0.0002860278,-0.0006864108,-9.369684,-20.882925,3.764704,0.0007436207
6.828283,1.5757576,0.00028619356,-0.0006986577,-9.066181,-20.117962,3.7087657,0.00075500284
6.828283,1.6161616,0.00028600544,-0.0007104892,-8.762138,-19.35376,3.6506536,0.0007658943
6.828283,1.6565657,0.00028547086,-0.0007219035,-8.4579115,-18.59021,3.5901167,0.0007762978
6.828283,1.6969697,0.00028460287,-0.0007329304,-8.153845,-17.8273,3.5267828,0.0007862479
6.828283,1.7373737,0.00028342195,-0.0007435959,-7.850281,-17.065157,3.4601448,0.0007957781
6.828283,1.7777778,0.00028194487,-0.0007539466,-7.54746,-16.30391,3.3894706,0.00080494
6.828283,1.8181819,0.0002801977,-0.0007640328,-7.24536,-15.54346,3.3137224,0.0008137917
6.828283,1.8585858,0.00027824938,-0.0007739384,-6.943558,-14.783113,3.2316244,0.0008224374
6.828283,1.8989899,0.00027615204,-0.00078374334,-6.641242,-14.021271,3.1417723,0.00083097146
6.828283,1.939394,0.0002739597,-0.0007935334,-6.3376102,-13.255721,3.0431583,0.0008394934
6.828283,1.979798,0.0002717562,-0.00080343895,-6.032928,-12.48493,2.9358597,0.0008481542
6.828283,2.020202,0.000269562,-0.00081349723,-5.7294245,-11.709141,2.8214579,0.0008569956
6.828283,2.060606,0.00026742741,-0.0008237567,-5.431153,-10.930326,2.702602,0.00086607883
6.828283,2.10101,0.00026530586,-0.00083414465,-5.1426997,-10.150298,2.5817146,0.0008753197
6.828283,2.1414142,0.0002630949,-0.0008445531,-4.867585,-9.369152,2.4599223,0.00088458403
6.828283,2.1818182,0.0002606474,-0.00085477903,-4.607861,-8.585926,2.3371353,0.0008936354
6.828283,2.2222223,0.00025776215,-0.0008645747,-4.3645587,-7.8004932,2.2132642,0.0009021811
6.828283,2.2626262,0.0002542287,-0.0008737184,-4.1378326,-7.013655,2.0892463,0.0009099539
6.828283,2.3030303,0.00024988316,-0.00088201463,-3.9266562,-6.225666,1.967094,0.00091672863
6.828283,2.3434343,0.0002446063,-0.00088929385,-3.7287734,-5.4353876,1.8491141,0.0009223209
6.828283,2.3838384,0.00023831427,-0.0008954536,-3.5415044,-4.6413097,1.737065,0.00092662335
6.828283,2.4242425,0.0002309382,-0.0009004045,-3.362623,-3.8431256,1.6317672,0.00092954864
6.828283,2.4646466,0.00022249855,-0.0009040944,-3.1907952,-3.0423276,1.5331285,0.00093107054
6.828283,2.5050504,0.00021294877,-0.000906473,-3.02543,-2.2416334,1.44037,0.0009311501
6.828283,2.5454545,0.0002023112,-0.0009075254,-2.866209,-1.4438256,1.3523014,0.00092980225
6.959596,0.04040404,3.261119e-05,0.00010206364,-18.879084,-49.314354,5.6691165,0.00010714698
6.959596,0.08080808,4.6255067e-05,7.202849e-05,-18.67911,-48.473995,5.5621266,8.5601605e-05
6.959596,0.121212125,5.9451908e-05,4.2544678e-05,-18.475557,-47.635754,5.460915,7.3106625e-05
6.959596,0.16161616,7.22073e-05,1.3610348e-05,-18.268148,-46.79951,5.3652086,7.347881e-05
6.959596,0.2020202,8.45436e-05,-1.4772639e-05,-18.056753,-45.965282,5.2746863,8.582453e-05
6.959596,0.24242425,9.6447766e-05,-4.2608008e-05,-17.841293,-45.13304,5.189071,0.00010544009
6.959596,0.28282827,0.0001079645,-6.990135e-05,-17.62176,-44.302864,5.1080446,0.00012861777
6.959596,0.32323232,0.00011906773,-9.665452e-05,-17.398102,-43.47477,5.0313354,0.00015335977
6.959596,0.36363637,0.00012977421,-0.00012287684,-17.17043,-42.64886,4.958681,0.00017871782
6.959596,0.4040404,0.00014010072,-0.00014856085,-16.938784,-41.82514,4.8898177,0.0002042022
6.959596,0.44444445,0.00015002862,-0.00017371215,-16.703327,-41.003777,4.8245034,0.00022953104
6.959596,0.4848485,0.00015958771,-0.00019834004,-16.464132,-40.184746,4.7624907,0.00025457222
6.959596,0.5252525,0.0001687631,-0.00022244267,-16.221363,-39.368168,4.703572,0.00027921627
6.959596,0.56565654,0.00017758645,-0.000246007,-15.975092,-38.554024,4.647529,0.00030340796
6.959596,0.6060606,0.00018603541,-0.000269074,-15.725484,-37.742363,4.5941525,0.00032712382
6.959596,0.64646465,0.00019413047,-0.00029161386,-15.4726515,-36.933197,4.5432363,0.00035032167
6.959596,0.68686867,0.0002018679,-0.0003136415,-15.21667,-36.126476,4.4945855,0.00037299012
6.959596,0.72727275,0.00020924397,-0.00033515878,-14.957621,-35.32217,4.4480014,0.00039511322
6.959596,0.7676768,0.00021627732,-0.00035615638,-14.695595,-34.52021,4.4032936,0.00041668123
6.959596,0.8080808,0.00022296794,-0.00037666224,-14.430648,-33.720547,4.3602424,0.00043770895
6.959596,0.8484849,0.00022930466,-0.000396654,-14.162764,-32.923065,4.318664,0.00045816484
6.959596,0.8888889,0.00023531355,-0.00041615777,-13.892011,-32.127693,4.278337,0.00047807922
6.959596,0.9292929,0.00024096109,-0.00043515302,-13.618381,-31.334322,4.2390566,0.0004974137
6.959596,0.969697,0.00024626963,-0.0004536528,-13.341861,-30.54289,4.2006016,0.0005161876
6.959596,1.010101,0.00025124662,-0.0004716646,-13.062463,-29.75332,4.1627564,0.00053440843
6.959596,1.050505,0.00025588274,-0.0004891865,-12.780175,-28.965557,4.1252985,0.0005520683
6.959596,1.0909091,0.0002601873,-0.00050621293,-12.495033,-28.179586,4.088004,0.00056916516
6.959596,1.1313131,0.00026412867,-0.00052275136,-12.20701,-27.395353,4.05066,0.00058569014
6.959596,1.1717172,0.00026774406,-0.00053880736,-11.916168,-26.612888,4.0130367,0.0006016646
6.959596,1.2121212,0.00027101114,-0.0005543865,-11.622528,-25.832224,3.974937,0.000617083
6.959596,1.2525252,0.00027393363,-0.0005694851,-11.326176,-25.053364,3.9361236,0.00063194375
6.959596,1.2929293,0.00027651712,-0.00058410317,-11.0271845,-24.276348,3.8964229,0.00064624933
6.959596,1.3333334,0.00027873926,-0.00059825927,-10.72567,-23.501179,3.855616,0.00066000735
6.959596,1.3737373,0.00028062984,-0.0006119367,-10.421792,-22.727861,3.8135285,0.00067321584
6.959596,1.4141414,0.00028215535,-0.00062513724,-10.115664,-21.95632,3.7699728,0.00068586314
6.959596,1.4545455,0.00028332882,-0.0006378945,-9.807487,-21.186459,3.7247567,0.0006979861
6.959596,1.4949495,0.00028414838,-0.00065018795,-9.497449,-20.418102,3.6776764,0.0007095665
6.959596,1.5353535,0.00028461777,-0.0006620269,-9.185786,-19.651047,3.628526,0.0007206157
6.959596,1.5757576,0.00028472953,-0.00067343935,-8.872759,-18.88501,3.577044,0.0007311576
6.959596,1.6161616,0.00028449297,-0.0006844066,-8.55857,-18.1197,3.5229127,0.0007411806
6.959596,1.6565657,0.00028390624,-0.0006949678,-8.243492,-17.354855,3.4657445,0.00075072167
6.959596,1.6969697,0.00028297678,-0.00070513226,-7.927781,-16.590261,3.4050295,0.00075979426
6.959596,1.7373737,0.0002817288,-0.00071493164,-7.6115327,-15.825766,3.3400865,0.000768439
6.959596,1.7777778,0.00028016232,-0.00072439946,-7.294816,-15.061311,3.270018,0.0007766888
6.959596,1.8181819,0.00027834252,-0.00073359907,-6.977325,-14.296552,3.193652,0.0007846287
6.959596,1.8585858,0.0002762787,-0.0007425789,-6.658479,-13.530703,3.109567,0.0007923088
6.959596,1.8989899,0.00027402118,-0.00075141154,-6.337539,-12.762319,3.0163355,0.0007998168
6.959596,1.939394,0.0002716463,-0.0007601995,-6.0142317,-11.989625,2.913015,0.0008072763
6.959596,1.979798,0.00026918948,-0.0007690005,-5.6898127,-11.211759,2.799864,0.0008147544
6.959596,2.020202,0.00026669167,-0.00077788346,-5.367794,-10.42955,2.678747,0.0008223303
6.959596,2.060606,0.00026418455,-0.00078684464,-5.0535455,-9.645395,2.5526128,0.0008300108
6.959596,2.10101,0.00026159175,-0.0007958282,-4.752678,-8.861202,2.4241564,0.0008377188
6.959596,2.1414142,0.00025881082,-0.00080470555,-4.4692516,-8.076957,2.2947614,0.00084530114
6.959596,2.1818182,0.00025568716,-0.00081326626,-4.205436,-7.291552,2.1645436,0.0008525127
6.959596,2.2222223,0.0002520308,-0.00082131475,-3.9620073,-6.5044727,2.0336225,0.00085911434
6.959596,2.2626262,0.0002476573,-0.0008286126,-3.7386143,-5.7159996,1.9031229,0.0008648312
6.959596,2.3030303,0.00024238601,-0.00083499216,-3.5335953,-4.925762,1.775228,0.0008694612
6.959596,2.3434343,0.00023611076,-0.0008403044,-3.3441353,-4.132143,1.6523893,0.0008728458
6.959596,2.3838384,0.0002287738,-0.0008444432,-3.1670165,-3.3333097,1.5364934,0.00087488384
6.959596,2.4242425,0.00022031553,-0.00084732845,-2.9996936,-2.5290508,1.4284155,0.0008755024
6.959596,2.4646466,0.00021073781,-0.00084890984,-2.8406684,-1.721337,1.3280575,0.0008746761
6.959596,2.5050504,0.00020003133,-0.0008491501,-2.6892781,-0.91354156,1.2345921,0.0008723924
7.090909,0.04040404,3.7861988e-05,9.504892e-05,-18.512451,-48.157276,5.2777824,0.0001023124
7.090909,0.08080808,5.109422e-05,6.575324e-05,-18.3341,-47.314236,5.1807613,8.327129e-05
7.090909,0.121212125,6.3886866e-05,3.7020072e-05,-18.151075,-46.473557,5.089518,7.383778e-05
7.090909,0.16161616,7.625483e-05,8.85129e-06,-17.963223,-45.6352,5.0036826,7.676682e-05
7.090909,0.2020202,8.821301e-05,-1.8769875e-05,-17.770391,-44.799114,4.9228816,9.018782e-05
7.090909,0.24242425,9.976886e-05,-4.5839697e-05,-17.572506,-43.965263,4.84678,0.000109795736
7.090909,0.28282827,0.000110931695,-7.2358176e-05,-17.369562,-43.133648,4.7750363,0.0001324445
7.090909,0.32323232,0.00012171082,-9.83309e-05,-17.161589,-42.30428,4.70734,0.00015646881
7.090909,0.36363637,0.00013209693,-0.0001237616,-16.948647,-41.477196,4.643379,0.00018101528
7.090909,0.4040404,0.00014210865,-0.0001486484,-16.730856,-40.65245,4.5828834,0.00020564828
7.090909,0.44444445,0.00015174598,-0.00017300434,-16.508268,-39.83003,4.5255723,0.00023012463
7.090909,0.4848485,0.00016101636,-0.00019682758,-16.281088,-39.009987,4.47122,0.00025429777
7.090909,0.5252525,0.00016993098,-0.00022011437,-16.049414,-38.192356,4.419597,0.0002780771
7.090909,0.56565654,0.00017849542,-0.0002428852,-15.813362,-37.377117,4.3704834,0.0003014197
7.090909,0.6060606,0.00018669665,-0.0002651196,-15.573074,-36.564247,4.3236985,0.00032425922
7.090909,0.64646465,0.00019454397,-0.0002868399,-15.328692,-35.75375,4.279043,0.0003465898
7.090909,0.68686867,0.00020206533,-0.00030804798,-15.08028,-34.945522,4.236345,0.00036840732
7.090909,0.72727275,0.00020924024,-0.00032872893,-14.827948,-34.13954,4.195428,0.0003896719
7.090909,0.7676768,0.00021605939,-0.00034890324,-14.571742,-33.335686,4.156124,0.00041038412
7.090909,0.8080808,0.00022255257,-0.0003685709,-14.311733,-32.533882,4.1182723,0.000430551
7.090909,0.8484849,0.00022870116,-0.00038773753,-14.047975,-31.734034,4.08169,0.00045016065
7.090909,0.8888889,0.00023454241,-0.00040639006,-13.780444,-30.936022,4.0462193,0.00046921533
7.090909,0.9292929,0.00024002232,-0.00042454898,-13.509194,-30.139772,4.0116787,0.0004877013
7.090909,0.969697,0.00024518184,-0.00044219755,-13.234223,-29.345196,3.977885,0.0005056212
7.090909,1.010101,0.0002500154,-0.00045935996,-12.955529,-28.552223,3.9446707,0.0005229907
7.090909,1.050505,0.00025452487,-0.00047602504,-12.673143,-27.760845,3.911846,0.0005397988
7.090909,1.0909091,0.0002586916,-0.0004922077,-12.387085,-26.971027,3.8792183,0.00055604836
7.090909,1.1313131,0.0002625268,-0.0005078949,-12.097353,-26.182768,3.8465986,0.00057173206
7.090909,1.1717172,0.00026603043,-0.0005230922,-11.804039,-25.396164,3.8137891,0.00058685406
7.090909,1.2121212,0.00026920997,-0.0005378127,-11.50721,-24.611237,3.780587,0.00060142874
7.090909,1.2525252,0.0002720412,-0.00055204704,-11.206949,-23.82805,3.7468104,0.0006154367
7.090909,1.2929293,0.00027454644,-0.00056580454,-10.903372,-23.046692,3.7122345,0.0006288963
7.090909,1.3333334,0.00027669966,-0.0005790852,-10.596586,-22.267193,3.67668,0.0006417962
7.090909,1.3737373,0.00027851947,-0.000591889,-10.286797,-21.48959,3.6399136,0.000654145
7.090909,1.4141414,0.00028000027,-0.0006042328,-9.974177,-20.713842,3.6017165,0.000665956
7.090909,1.4545455,0.00028112903,-0.000616109,-9.658922,-19.93989,3.5618463,0.00067721773
7.090909,1.4949495,0.00028190948,-0.00062753446,-9.341248,-19.167576,3.52003,0.000687948
7.090909,1.5353535,0.00028233416,-0.000638498,-9.021305,-18.396568,3.4759548,0.0006981349
7.090909,1.5757576,0.0002824124,-0.0006490294,-8.69933,-17.626606,3.4292564,0.0007078106
7.090909,1.6161616,0.00028214604,-0.0006591249,-8.375457,-16.857296,3.3794801,0.0007169742
7.090909,1.6565657,0.00028151646,-0.00066879205,-8.049757,-16.08817,3.3260894,0.0007256268
7.090909,1.6969697,0.00028055534,-0.0006780699,-7.72225,-15.31888,3.2684116,0.00073381886
7.090909,1.7373737,0.0002792552,-0.00068696775,-7.3927355,-14.549071,3.2055767,0.0007415579
7.090909,1.7777778,0.0002776403,-0.0006955266,-7.060836,-13.778378,3.136505,0.0007488934
7.090909,1.8181819,0.00027573295,-0.00070378,-6.7259483,-13.006431,3.0598657,0.000755867
7.090909,1.8585858,0.0002735667,-0.0007117912,-6.387213,-12.232455,2.9741073,0.00076255196
7.090909,1.8989899,0.0002711881,-0.0007196218,-6.0439763,-11.455304,2.877727,0.00076902437
7.090909,1.939394,0.00026862323,-0.00072734244,-5.6966705,-10.673922,2.7698367,0.00077536155
7.090909,1.979798,0.00026593357,-0.0007350091,-5.3477583,-9.888218,2.6508534,0.00078163866
7.090909,2.020202,0.00026313402,-0.00074264966,-5.0023603,-9.099712,2.5228665,0.0007878883
7.090909,2.060606,0.00026023015,-0.0007502716,-4.6673903,-8.310991,2.3890607,0.00079412037
7.090909,2.10101,0.00025714748,-0.0007577799,-4.3495145,-7.52367,2.2523785,0.000800222
7.090909,2.1414142,0.00025378168,-0.0007650722,-4.0533566,-6.7374196,2.11436,0.00080606487
7.090909,2.1818182,0.00024997815,-0.0007719323,-3.781114,-5.9507046,1.975345,0.00081139914
7.090909,2.2222223,0.0002455283,-0.0007781647,-3.533266,-5.162661,1.835659,0.00081598066
7.090909,2.2626262,0.00024025515,-0.0007835701,-3.3089411,-4.3730574,1.6966778,0.0008195759
7.090909,2.3030303,0.00023401342,-0.0007879827,-3.1058745,-3.580955,1.5608392,0.00082199695
7.090909,2.3434343,0.0002266895,-0.0007912703,-2.920611,-2.7841358,1.430837,0.00082310196
7.090909,2.3838384,0.00021821633,-0.0007933304,-2.74949,-1.9805045,1.3087415,0.00082279486
7.090909,2.4242425,0.00020858645,-0.0007941127,-2.5896065,-1.1698859,1.1955575,0.0008210501
7.2222223,0.04040404,4.2755157e-05,8.68272e-05,-18.185438,-46.982773,4.893192,9.678309e-05
7.2222223,0.08080808,5.551055e-05,5.829148e-05,-18.02696,-46.138832,4.805968,8.049421e-05
7.2222223,0.121212125,6.785616e-05,3.0333176e-05,-17.862865,-45.297657,4.7244163,7.432739e-05
7.2222223,0.16161616,7.980503e-05,2.9355288e-06,-17.692928,-44.45907,4.6480875,7.9859004e-05
7.2222223,0.2020202,9.134784e-05,-2.390705e-05,-17.517092,-43.62305,4.576579,9.4424446e-05
7.2222223,0.24242425,0.00010249391,-5.0177798e-05,-17.335285,-42.789482,4.5094924,0.00011411754
7.2222223,0.28282827,0.00011327118,-7.5906515e-05,-17.147476,-41.958317,4.446451,0.00013635306
7.2222223,0.32323232,0.00012366846,-0.00010108575,-16.953762,-41.12959,4.3870935,0.00015972544
7.2222223,0.36363637,0.00013370253,-0.00012571551,-16.754162,-40.303204,4.331102,0.00018352318
7.2222223,0.4040404,0.00014338084,-0.00014980324,-16.548815,-39.479183,4.278171,0.00020736217
7.2222223,0.44444445,0.00015269779,-0.00017334335,-16.337835,-38.657524,4.2280316,0.00023100764
7.2222223,0.4848485,0.00016165525,-0.0001963526,-16.12138,-37.83817,4.1804366,0.00025433593
7.2222223,0.5252525,0.00017028302,-0.00021883845,-15.899552,-37.02108,4.135153,0.0002772843
7.2222223,0.56565654,0.00017855689,-0.00024078041,-15.672531,-36.20629,4.091995,0.00029976285
7.2222223,0.6060606,0.00018649176,-0.00026220828,-15.440414,-35.393627,4.0507746,0.00032176444
7.2222223,0.64646465,0.00019409135,-0.00028310716,-15.203378,-34.5831,4.0113254,0.0003432508
7.2222223,0.68686867,0.00020135567,-0.0003034845,-14.96149,-33.77456,3.9734993,0.00036420728
7.2222223,0.72727275,0.00020830147,-0.00032335147,-14.714886,-32.967915,3.9371526,0.00038463707
7.2222223,0.7676768,0.00021490268,-0.00034269318,-14.463618,-32.16305,3.902148,0.0004045019
7.2222223,0.8080808,0.00022120029,-0.00036154315,-14.207781,-31.359829,3.8683681,0.00042384313
7.2222223,0.8484849,0.00022716075,-0.00037986785,-13.947423,-30.55814,3.8356657,0.00044260774
7.2222223,0.8888889,0.00023279525,-0.00039768778,-13.682529,-29.757805,3.8039372,0.00046081364
7.2222223,0.9292929,0.00023812056,-0.00041500293,-13.413181,-28.958775,3.7730348,0.00047846508
7.2222223,0.969697,0.00024312362,-0.00043183006,-13.139436,-28.16092,3.7428308,0.00049556664
7.2222223,1.010101,0.00024781004,-0.00044814125,-12.861255,-27.364199,3.7131855,0.0005120941
7.2222223,1.050505,0.00025216676,-0.00046396442,-12.5787,-26.56856,3.6839523,0.0005280635
7.2222223,1.0909091,0.0002562087,-0.00047929212,-12.291806,-25.774002,3.6549847,0.00054347387
7.2222223,1.1313131,0.000259934,-0.00049412064,-12.000658,-24.9806,3.6261134,0.00055831973
7.2222223,1.1717172,0.00026332773,-0.0005084742,-11.705269,-24.188337,3.597181,0.0005726146
7.2222223,1.2121212,0.0002664104,-0.0005223248,-11.405758,-23.397379,3.5680008,0.00058634265
7.2222223,1.2525252,0.00026916713,-0.00053569116,-11.102247,-22.607792,3.5383878,0.0005995131
7.2222223,1.2929293,0.00027159043,-0.00054859,-10.794847,-21.819714,3.5081515,0.0006121375
7.2222223,1.3333334,0.00027368963,-0.0005609989,-10.483708,-21.033247,3.4770532,0.0006242001
7.2222223,1.3737373,0.00027546287,-0.0005729329,-10.169002,-20.248438,3.444884,0.0006357137
7.2222223,1.4141414,0.00027688593,-0.00058439374,-9.85088,-19.465328,3.4113553,0.0006466698
7.2222223,1.4545455,0.00027798116,-0.00059539825,-9.529568,-18.683905,3.3761806,0.00065709406
7.2222223,1.4949495,0.00027872622,-0.00060592964,-9.2051525,-17.90396,3.3390093,0.0006669625
7.2222223,1.5353535,0.00027912483,-0.00061600097,-8.877771,-17.125277,3.2994454,0.0006762898
7.2222223,1.5757576,0.00027918443,-0.0006256327,-8.547481,-16.3475,3.2570055,0.0006850987
7.2222223,1.6161616,0.00027889386,-0.0006348267,-8.214199,-15.570186,3.2111118,0.0006933879
7.2222223,1.6565657,0.00027825497,-0.0006435923,-7.87777,-14.79281,3.1610832,0.00070116826
7.2222223,1.6969697,0.00027725287,-0.00065194257,-7.537765,-14.014843,3.1060808,0.00070844777
7.2222223,1.7373737,0.0002759304,-0.00065990724,-7.19359,-13.235821,3.0451024,0.0007152728
7.2222223,1.7777778,0.00027427264,-0.0006675143,-6.844282,-12.455255,2.9768894,0.00072166533
7.2222223,1.8181819,0.00027230754,-0.0006747972,-6.488752,-11.672768,2.8999622,0.00072766934
7.2222223,1.8585858,0.00027005188,-0.00068179704,-6.1258726,-10.887799,2.8126845,0.0007333316
7.2222223,1.8989899,0.00026754104,-0.0006885752,-5.7552433,-10.099853,2.713487,0.0007387246
7.2222223,1.939394,0.00026482344,-0.00069518015,-5.3780785,-9.308679,2.601509,0.0007439132
7.2222223,1.979798,0.00026191399,-0.00070166215,-4.998423,-8.515108,2.4772456,0.00074895174
7.2222223,2.020202,0.00025882386,-0.00070801564,-4.623243,-7.721171,2.3428679,0.0007538408
7.2222223,2.060606,0.00025554188,-0.0007142499,-4.261196,-6.9292703,2.201659,0.0007585872
7.2222223,2.10101,0.00025199167,-0.0007202551,-3.9200065,-6.1403627,2.0565774,0.0007630643
7.2222223,2.1414142,0.00024805777,-0.0007259026,-3.6046798,-5.3532553,1.9092313,0.0007671162
7.2222223,2.1818182,0.00024355575,-0.0007310137,-3.3173056,-4.5658855,1.7600956,0.0007705196
7.2222223,2.2222223,0.00023831986,-0.00073539466,-3.0579083,-3.7769427,1.6097139,0.000773047
7.2222223,2.2626262,0.00023215264,-0.0007388685,-2.8251283,-2.9858766,1.4597821,0.00077448145
7.2222223,2.3030303,0.00022491254,-0.00074127875,-2.6161127,-2.1912932,1.313104,0.0007746482
7.2222223,2.3434343,0.0002165027,-0.00074252114,-2.4269168,-1.390523,1.1727287,0.00077344105
7.2222223,2.3838384,0.00020687468,-0.0007424839,-2.2534406,-0.58117414,1.0410563,0.0007707655
7.353535,0.04040404,4.7152862e-05,7.762574e-05,-17.899975,-45.80683,4.5221653,9.082482e-05
7.353535,0.08080808,5.940534e-05,4.9872324e-05,-17.759075,-44.964066,4.4442406,7.7564444e-05
7.353535,0.121212125,7.126294e-05,2.2690743e-05,-17.611565,-44.12433,4.3717685,7.478821e-05
7.353535,0.16161616,8.273311e-05,-3.9190054e-06,-17.457344,-43.28755,4.3042917,8.282588e-05
7.353535,0.2020202,9.3821436e-05,-2.996996e-05,-17.296291,-42.45357,4.2413206,9.849193e-05
7.353535,0.24242425,0.00010454655,-5.5462122e-05,-17.12842,-41.622246,4.1824317,0.00011834707
7.353535,0.28282827,0.0001148954,-8.039549e-05,-16.953693,-40.793518,4.127203,0.00014022978
7.353535,0.32323232,0.00012489967,-0.0001047682,-16.772182,-39.96726,4.075251,0.00016302241
7.353535,0.36363637,0.0001345519,-0.0001286082,-16.583984,-39.143417,4.0262337,0.00018612974
7.353535,0.4040404,0.0001438614,-0.00015188754,-16.389221,-38.321903,3.97983,0.00020920308
7.353535,0.44444445,0.00015283376,-0.0001746323,-16.188013,-37.50266,3.9357626,0.00023206593
7.353535,0.4848485,0.00016146153,-0.00019684248,-15.980525,-36.685555,3.893784,0.0002545914
7.353535,0.5252525,0.0001697652,-0.00021851994,-15.766937,-35.87058,3.8536785,0.000276715
7.353535,0.56565654,0.00017773546,-0.00023966096,-15.54735,-35.057564,3.815261,0.00029837436
7.353535,0.6060606,0.0001853928,-0.00026027672,-15.321988,-34.246403,3.7783666,0.00031955354
7.353535,0.64646465,0.0001927223,-0.00028037466,-15.090934,-33.43696,3.742859,0.00034022323
7.353535,0.68686867,0.00019973889,-0.0002999436,-14.854395,-32.629093,3.7086205,0.00036036342
7.353535,0.72727275,0.00020643137,-0.00031899847,-14.61241,-31.822622,3.6755383,0.0003799657
7.353535,0.7676768,0.00021281838,-0.0003375411,-14.365125,-31.017382,3.6435246,0.00039903092
7.353535,0.8080808,0.00021889061,-0.0003555622,-14.112664,-30.21324,3.6124825,0.00041753752
7.353535,0.8484849,0.00022464432,-0.0003730785,-13.855064,-29.409998,3.5823288,0.00043549127
7.353535,0.8888889,0.00023009069,-0.00039007515,-13.59239,-28.607481,3.552992,0.00045288005
7.353535,0.9292929,0.00023523718,-0.0004065819,-13.324702,-27.805586,3.5243804,0.00046972904
7.353535,0.969697,0.00024007261,-0.00042258017,-13.052032,-27.004164,3.496399,0.00048601322
7.353535,1.010101,0.00024460815,-0.0004380755,-12.77445,-26.203169,3.468954,0.00050174026
7.353535,1.050505,0.0002488289,-0.0004530698,-12.491989,-25.40252,3.441941,0.00051690236
7.353535,1.0909091,0.00025273673,-0.00046755746,-12.204702,-24.602257,3.4152455,0.000531494
7.353535,1.1313131,0.0002563428,-0.0004815571,-11.912666,-23.802399,3.3887365,0.0005455354
7.353535,1.1717172,0.0002596341,-0.0004950613,-11.615952,-23.003025,3.3622618,0.000559013
7.353535,1.2121212,0.0002626218,-0.0005080737,-11.314619,-22.204237,3.335678,0.0005719345
7.353535,1.2525252,0.00026528724,-0.0005205907,-11.008819,-21.406221,3.3087974,0.00058428757
7.353535,1.2929293,0.00026763603,-0.0005326234,-10.698602,-20.60909,3.2814262,0.00059608446
7.353535,1.3333334,0.0002696663,-0.0005441755,-10.384134,-19.813025,3.2533214,0.0006073277
7.353535,1.3737373,0.0002713818,-0.00055523776,-10.065529,-19.018133,3.2242339,0.0006180106
7.353535,1.4141414,0.00027276576,-0.00056582503,-9.742887,-18.224533,3.1938474,0.0006281394
7.353535,1.4545455,0.00027382374,-0.0005759392,-9.416309,-17.432203,3.161827,0.0006377189
7.353535,1.4949495,0.00027454458,-0.0005855784,-9.085792,-16.64106,3.1277518,0.0006467432
7.353535,1.5353535,0.00027493015,-0.0005947538,-8.751266,-15.850866,3.0911417,0.0006552241
7.353535,1.5757576,0.00027496554,-0.00060347654,-8.412617,-15.061337,3.051406,0.00066316663
7.353535,1.6161616,0.00027465634,-0.00061175413,-8.069466,-14.271998,3.007891,0.00067058124
7.353535,1.6565657,0.00027401187,-0.000619594,-7.7211695,-13.482256,2.9597971,0.0006774801
7.353535,1.6969697,0.00027301162,-0.0006269999,-7.3668885,-12.691568,2.9061816,0.0006838598
7.353535,1.7373737,0.00027166307,-0.00063401833,-7.005399,-11.899391,2.8459184,0.0006897681
7.353535,1.7777778,0.00026997924,-0.00064064376,-6.635132,-11.105297,2.7777154,0.00069520733
7.353535,1.8181819,0.0002679769,-0.0006469395,-6.254428,-10.30905,2.7000034,0.0007002445
7.353535,1.8585858,0.0002656579,-0.00065291114,-5.861989,-9.510583,2.6111255,0.00070488796
7.353535,1.8989899,0.00026305765,-0.0006586071,-5.457708,-8.710197,2.509523,0.0007091986
7.353535,1.939394,0.00026020408,-0.00066407956,-5.0439343,-7.908695,2.3943267,0.00071323756
7.353535,1.979798,0.00025711022,-0.0006693378,-4.626552,-7.107798,2.265981,0.00071702077
7.353535,2.020202,0.00025378168,-0.0006744005,-4.214624,-6.30977,2.1265235,0.00072057004
7.353535,2.060606,0.00025015883,-0.00067920424,-3.818511,-5.5163894,1.9789958,0.00072380784
7.353535,2.10101,0.00024619885,-0.0006836876,-3.4468253,-4.727356,1.8260947,0.0007266654
7.353535,2.1414142,0.00024174154,-0.00068769045,-3.104616,-3.9401977,1.6692661,0.00072894245
7.353535,2.1818182,0.00023660436,-0.00069104135,-2.793525,-3.1520188,1.5089781,0.00073042436
7.353535,2.2222223,0.00023062527,-0.0006935708,-2.513059,-2.3612258,1.3459995,0.0007309094
7.353535,2.2626262,0.00022360869,-0.00069511123,-2.261244,-1.5670531,1.1823988,0.00073019206
7.353535,2.3030303,0.00021542236,-0.0006955359,-2.0348303,-0.76796675,1.0214795,0.00072813255
7.4848485,0.04040404,5.1001087e-05,6.769039e-05,-17.655933,-44.646843,4.169957,8.475317e-05
7.4848485,0.08080808,6.270595e-05,4.0717423e-05,-17.529596,-43.807247,4.100549,7.476593e-05
7.4848485,0.121212125,7.403828e-05,1.4306977e-05,-17.395784,-42.971035,4.036342,7.540794e-05
7.4848485,0.16161616,8.5011125e-05,-1.1518598e-05,-17.254417,-42.138054,3.9767916,8.578793e-05
7.4848485,0.2020202,9.56133e-05,-3.6789104e-05,-17.105412,-41.30806,3.9213905,0.00010244677
7.4848485,0.24242425,0.00010587834,-6.149523e-05,-16.948763,-40.480877,3.8696628,0.00012244136
7.4848485,0.28282827,0.00011578575,-8.5644424e-05,-16.784515,-39.656395,3.8211534,0.00014401843
7.4848485,0.32323232,0.0001253672,-0.00010924414,-16.61272,-38.834396,3.77547,0.00016628654
7.4848485,0.36363637,0.00013461709,-0.00013228878,-16.433521,-38.01475,3.7322404,0.00018873814
7.4848485,0.4040404,0.00014353171,-0.00015478581,-16.247034,-37.197308,3.691145,0.0002110924
7.4848485,0.44444445,0.00015213527,-0.00017675571,-16.053404,-36.381916,3.6518884,0.00023321174
7.4848485,0.4848485,0.00016042404,-0.0001981873,-15.852837,-35.568443,3.6142385,0.00025497857
7.4848485,0.5252525,0.00016839057,-0.00021907501,-15.645524,-34.75672,3.5779977,0.00027631366
7.4848485,0.56565654,0.00017606281,-0.00023943745,-15.431669,-33.946598,3.542979,0.00029720095
7.4848485,0.6060606,0.00018341653,-0.00025927834,-15.211379,-33.13785,3.5090551,0.00031759546
7.4848485,0.64646465,0.00019046478,-0.00027858652,-14.984919,-32.33031,3.47611,0.0003374719
7.4848485,0.68686867,0.00019721128,-0.00029738434,-14.752391,-31.523771,3.4440498,0.00035683293
7.4848485,0.72727275,0.00020365044,-0.00031564757,-14.513974,-30.71801,3.4128194,0.00037564198
7.4848485,0.7676768,0.0002098009,-0.00033340976,-14.269818,-29.912832,3.3823414,0.000393927
7.4848485,0.8080808,0.00021565147,-0.00035065226,-14.020029,-29.108004,3.3525867,0.00041165831
7.4848485,0.8484849,0.00022118911,-0.0003673751,-13.76471,-28.303333,3.3235066,0.00042882288
7.4848485,0.8888889,0.00022643805,-0.00038359873,-13.50393,-27.49862,3.2950592,0.00044544603
7.4848485,0.9292929,0.00023140572,-0.000399312,-13.237774,-26.693691,3.2672012,0.0004615178
7.4848485,0.969697,0.00023607537,-0.00041451864,-12.96632,-25.888437,3.239879,0.00047702965
7.4848485,1.010101,0.00024043024,-0.0004292205,-12.689585,-25.082716,3.2130334,0.0004919725
7.4848485,1.050505,0.0002445113,-0.000443412,-12.407644,-24.276535,3.1866038,0.0005063595
7.4848485,1.0909091,0.00024828874,-0.00045710057,-12.120531,-23.469814,3.1604931,0.00052018097
7.4848485,1.1313131,0.00025176443,-0.00047029927,-11.82833,-22.662674,3.1345978,0.00053344795
7.4848485,1.1717172,0.00025493652,-0.00048298948,-11.53105,-21.855152,3.1087966,0.00054614234
7.4848485,1.2121212,0.00025782548,-0.0004951693,-11.2287245,-21.047361,3.0829484,0.0005582711
7.4848485,1.2525252,0.00026041083,-0.0005068686,-10.921449,-20.239557,3.0568597,0.0005698505
7.4848485,1.2929293,0.00026267767,-0.0005180631,-10.609269,-19.431877,3.0303388,0.00058085186
7.4848485,1.3333334,0.00026463903,-0.00052876957,-10.292184,-18.624496,3.0031507,0.0005912961
7.4848485,1.3737373,0.00026629865,-0.0005389843,-9.970278,-17.817638,2.9749775,0.0006011814
7.4848485,1.4141414,0.00026763603,-0.0005487073,-9.643523,-17.011444,2.9455075,0.00061049877
7.4848485,1.4545455,0.00026865117,-0.00055795535,-9.311834,-16.205973,2.9143298,0.0006192638
7.4848485,1.4949495,0.0002693422,-0.0005667228,-8.975055,-15.401198,2.8809838,0.0006274711
7.4848485,1.5353535,0.00026971288,-0.0005750153,-8.632905,-14.596963,2.844923,0.00063512806
7.4848485,1.5757576,0.0002697464,-0.0005828459,-8.2848625,-13.792946,2.8055077,0.00064224016
7.4848485,1.6161616,0.00026943535,-0.00059021264,-7.930208,-12.988728,2.7620027,0.00064880383
7.4848485,1.6565657,0.00026878528,-0.00059713237,-7.567845,-12.183761,2.7135623,0.0006548378
7.4848485,1.6969697,0.00026778132,-0.0006036218,-7.1962986,-11.377442,2.6592352,0.00066035305
7.4848485,1.7373737,0.00026644208,-0.0006096903,-6.813739,-10.569346,2.5978954,0.0006653673
7.4848485,1.7777778,0.00026475266,-0.0006153509,-6.4179544,-9.759164,2.5282784,0.00066988857
7.4848485,1.8181819,0.00026273914,-0.0006206427,-6.0068245,-8.947025,2.4489253,0.00067396526
7.4848485,1.8585858,0.00026039965,-0.00062558614,-5.578885,-8.13353,2.358282,0.0006776179
7.4848485,1.8989899,0.00025774725,-0.0006302111,-5.1346354,-7.3199377,2.2548544,0.00068088155
7.4848485,1.939394,0.00025482662,-0.0006345622,-4.6778383,-6.508212,2.1377826,0.00068381714
7.4848485,1.979798,0.00025160238,-0.0006386228,-4.216433,-5.7008834,2.0072594,0.0006863985
7.4848485,2.020202,0.0002481006,-0.0006423928,-3.7616107,-4.9001966,1.8648999,0.0006886381
7.4848485,2.060606,0.00024424307,-0.0006458163,-3.3252602,-4.1068172,1.713082,0.0006904588
7.4848485,2.10101,0.00023994967,-0.00064880215,-2.9163914,-3.318589,1.5538316,0.0006917514
7.4848485,2.1414142,0.00023507886,-0.00065119937,-2.5395727,-2.5313303,1.3881127,0.00069233135
7.4848485,2.1818182,0.0002294369,-0.00065284595,-2.1956518,-1.7411702,1.2162197,0.00069198926
7.4848485,2.2222223,0.00022282265,-0.00065357424,-1.8832691,-0.94615585,1.0390922,0.00069051376
7.616162,0.04040404,5.42067e-05,5.7257712e-05,-17.450785,-43.520485,3.8401659,7.8846766e-05
7.616162,0.08080808,6.5343454e-05,3.105402e-05,-17.335514,-42.686043,3.7783556,7.234721e-05
7.616162,0.121212125,7.612631e-05,5.4091215e-06,-17.212004,-41.85529,3.721399,7.631824e-05
7.616162,0.16161616,8.657761e-05,-1.9658357e-05,-17.080196,-41.027943,3.6687112,8.878138e-05
7.616162,0.2020202,9.667687e-05,-4.4154003e-05,-16.940025,-40.203728,3.6197562,0.00010628261
7.616162,0.24242425,0.00010645576,-6.8111345e-05,-16.791536,-39.38237,3.5740259,0.00012638031
7.616162,0.28282827,0.000115910545,-9.150244e-05,-16.63478,-38.56366,3.5310395,0.00014767516
7.616162,0.32323232,0.00012505054,-0.00011434592,-16.4699,-37.747368,3.4903738,0.00016944802
7.616162,0.36363637,0.00013388693,-0.00013663806,-16.29699,-36.93324,3.451652,0.00019129996
7.616162,0.4040404,0.00014240667,-0.00015839562,-16.116259,-36.12105,3.4145575,0.0002129996
7.616162,0.44444445,0.00015063956,-0.0001796037,-15.927881,-35.310623,3.3787942,0.00023441366
7.616162,0.4848485,0.00015856326,-0.00020028464,-15.7320795,-34.501675,3.3441255,0.00025545302
7.616162,0.5252525,0.00016620196,-0.00022043474,-15.529044,-33.69402,3.3103745,0.00027606986
7.616162,0.56565654,0.00017353706,-0.0002400484,-15.319046,-32.887424,3.2773829,0.0002962066
7.616162,0.6060606,0.00018058345,-0.0002591461,-15.102314,-32.081673,3.2450137,0.00031585927
7.616162,0.64646465,0.00018734485,-0.00027771294,-14.878992,-31.27645,3.2132192,0.00033499638
7.616162,0.68686867,0.00019382127,-0.0002957601,-14.649363,-30.471594,3.1819067,0.000353611
7.616162,0.72727275,0.00020000525,-0.00031329505,-14.413534,-29.666792,3.1510687,0.00037169326
7.616162,0.7676768,0.00020590983,-0.00033031404,-14.171719,-28.861805,3.1206665,0.000389238
7.616162,0.8080808,0.00021152012,-0.00034680963,-13.924069,-28.056423,3.0906873,0.00040622367
7.616162,0.8484849,0.00021685474,-0.00036279857,-13.670694,-27.25042,3.0611405,0.00042266864
7.616162,0.8888889,0.00022190623,-0.00037827715,-13.411645,-26.443525,3.0320137,0.00043856126
7.616162,0.9292929,0.00022666901,-0.00039323233,-13.1470585,-25.635607,3.0032969,0.00045388378
7.616162,0.969697,0.0002311524,-0.00040768832,-12.87696,-24.826508,2.974973,0.00046865895
7.616162,1.010101,0.00023535453,-0.0004216358,-12.601394,-24.016088,2.9470246,0.00048287524
7.616162,1.050505,0.00023926981,-0.00043506548,-12.320387,-23.204334,2.919396,0.0004965199
7.616162,1.0909091,0.000242915,-0.00044799782,-12.033942,-22.391207,2.89203,0.00050961727
7.616162,1.1313131,0.00024624728,-0.00046040863,-11.74208,-21.576773,2.8648355,0.00052212435
7.616162,1.1717172,0.00024930201,-0.0004723277,-11.444719,-20.761118,2.837696,0.0005340833
7.616162,1.2121212,0.00025208294,-0.00048374385,-11.141947,-19.94442,2.8104732,0.00054548506
7.616162,1.2525252,0.00025456026,-0.0004946478,-10.833625,-19.126808,2.7830024,0.00055630686
7.616162,1.2929293,0.00025674514,-0.00050505437,-10.51975,-18.308561,2.7550535,0.0005665668
7.616162,1.3333334,0.00025864318,-0.00051495247,-10.200258,-17.489897,2.7263625,0.0005762572
7.616162,1.3737373,0.00026023202,-0.0005243588,-9.87499,-16.671026,2.6966355,0.0005853827
7.616162,1.4141414,0.00026153028,-0.0005332716,-9.543802,-15.852189,2.6654837,0.00059395004
7.616162,1.4545455,0.0002625063,-0.00054168515,-9.206407,-15.033439,2.6324952,0.0006019405
7.616162,1.4949495,0.00026316755,-0.00054962374,-8.862397,-14.214831,2.5971644,0.0006093795
7.616162,1.5353535,0.0002635233,-0.000557065,-8.511187,-13.396243,2.5588899,0.0006162515
7.616162,1.5757576,0.00026354194,-0.00056403875,-8.151942,-12.577437,2.5170338,0.0006225705
7.616162,1.6161616,0.0002632402,-0.000570545,-7.7834764,-11.757987,2.4708595,0.0006283446
7.616162,1.6565657,0.00026260316,-0.00057658553,-7.404168,-10.937357,2.4195416,0.00063357025
7.616162,1.6969697,0.0002616383,-0.00058219023,-7.0120134,-10.115066,2.3621912,0.00063827896
7.616162,1.7373737,0.0002603177,-0.00058734044,-6.6044765,-9.290718,2.2978344,0.0006424439
7.616162,1.7777778,0.0002586618,-0.0005920902,-6.1788144,-8.464242,2.22539,0.00064612436
7.616162,1.8181819,0.0002566781,-0.0005964432,-5.732515,-7.6362133,2.1436625,0.000649329
7.616162,1.8585858,0.00025437027,-0.00060041994,-5.264296,-6.808004,2.0513558,0.00065208
7.616162,1.8989899,0.0002517458,-0.0006040372,-4.7754207,-5.981932,1.9471583,0.0006543981
7.616162,1.939394,0.00024881586,-0.000607308,-4.2712827,-5.1610546,1.8301572,0.000656302
7.616162,1.979798,0.0002455823,-0.00061024725,-3.7619488,-4.34863,1.7001601,0.0006578088
7.616162,2.020202,0.00024200417,-0.00061280094,-3.2606444,-3.5465813,1.5579286,0.00065885583
7.616162,2.060606,0.00023803487,-0.0006149374,-2.78022,-2.7540367,1.4047469,0.0006594002
7.616162,2.10101,0.00023355708,-0.00061652064,-2.329593,-1.9667032,1.2415184,0.0006592773
7.616162,2.1414142,0.00022842921,-0.00061742775,-1.9122226,-1.1783704,1.0683963,0.0006583289
7.616162,2.1818182,0.00022243522,-0.00061748736,-1.5275582,-0.38394508,0.8852967,0.0006563292
7.7474747,0.04040404,5.6724995e-05,4.6590343e-05,-17.279863,-42.44468,3.5348325,7.340562e-05
7.7474747,0.08080808,6.7280605e-05,2.1114945e-05,-17.171833,-41.617184,3.4795964,7.051611e-05
7.7474747,0.121212125,7.751398e-05,-3.7942082e-06,-17.054924,-40.79353,3.4288075,7.760678e-05
7.7474747,0.16161616,8.741766e-05,-2.8135255e-05,-16.929108,-39.973385,3.3818634,9.183377e-05
7.7474747,0.2020202,9.7010285e-05,-5.1913783e-05,-16.79439,-39.15636,3.3381915,0.00011002743
7.7474747,0.24242425,0.000106299296,-7.513352e-05,-16.650827,-38.342133,3.2972465,0.00013017138
7.7474747,0.28282827,0.000115284696,-9.780936e-05,-16.498518,-37.53036,3.2585359,0.00015118609
7.7474747,0.32323232,0.00012398697,-0.00011993572,-16.337618,-36.720745,3.221638,0.00017250318
7.7474747,0.36363637,0.00013239309,-0.00014152564,-16.168325,-35.912964,3.1861432,0.00019379742
7.7474747,0.4040404,0.00014051795,-0.00016256794,-15.99084,-35.10677,3.1517458,0.0002148805
7.7474747,0.44444445,0.00014836714,-0.00018307194,-15.805379,-34.301807,3.1181617,0.0002356441
7.7474747,0.4848485,0.00015592761,-0.00020305254,-15.612251,-33.497845,3.0851562,0.00025601513
7.7474747,0.5252525,0.000163218,-0.00022249669,-15.411677,-32.694607,3.0525587,0.00027594363
7.7474747,0.56565654,0.000170229,-0.00024142116,-15.20393,-31.891808,3.0202298,0.00029540158
7.7474747,0.6060606,0.00017697178,-0.00025981665,-14.98927,-31.089157,2.9880822,0.00031436238
7.7474747,0.64646465,0.0001834277,-0.0002776999,-14.767963,-30.286427,2.9560468,0.00033281068
7.7474747,0.68686867,0.0001896359,-0.00029505417,-14.540192,-29.483294,2.9241128,0.00035074027
7.7474747,0.72727275,0.00019555911,-0.0003118962,-14.306208,-28.679543,2.8922596,0.00036813397
7.7474747,0.7676768,0.00020121783,-0.0003282167,-14.066161,-27.874886,2.8605032,0.00038498678
7.7474747,0.8080808,0.00020660087,-0.0003440231,-13.820233,-27.069117,2.828854,0.00040129267
7.7474747,0.8484849,0.00021170825,-0.0003593117,-13.568545,-26.261967,2.7973626,0.0004170435
7.7474747,0.8888889,0.00021653622,-0.00037409924,-13.311154,-25.453238,2.7660403,0.00043224782
7.7474747,0.9292929,0.0002211146,-0.0003883671,-13.048154,-24.642788,2.7349143,0.0004469012
7.7474747,0.969697,0.00022540428,-0.00040211715,-12.779539,-23.830418,2.7039847,0.00046098296
7.7474747,1.010101,0.00022943318,-0.00041535497,-12.505288,-23.016062,2.6732643,0.00047450958
7.7474747,1.050505,0.00023318268,-0.00042808056,-12.225418,-22.19965,2.6427214,0.00048747013
7.7474747,1.0909091,0.00023665652,-0.0004402902,-11.939822,-21.381207,2.6123064,0.0004998617
7.7474747,1.1313131,0.00023986772,-0.00045200624,-11.648477,-20.560776,2.581946,0.0005117091
7.7474747,1.1717172,0.00024280511,-0.00046319887,-11.351213,-19.738445,2.5515394,0.0005229795
7.7474747,1.2121212,0.0002454482,-0.00047388673,-11.047926,-18.914387,2.5209446,0.00053367915
7.7474747,1.2525252,0.00024782866,-0.00048405863,-10.738481,-18.088825,2.4899845,0.0005438123
7.7474747,1.2929293,0.000249926,-0.00049373135,-10.422662,-17.261982,2.458421,0.00055338384
7.7474747,1.3333334,0.00025174394,-0.00050289,-10.100271,-16.434114,2.4259949,0.0005623819
7.7474747,1.3737373,0.00025326945,-0.0005115457,-9.771035,-15.605516,2.3923752,0.0005708103
7.7474747,1.4141414,0.00025450066,-0.0005196985,-9.434542,-14.776362,2.3571727,0.0005786684
7.7474747,1.4545455,0.0002554562,-0.0005273521,-9.090322,-13.946819,2.3199446,0.0005859677
7.7474747,1.4949495,0.00025609136,-0.0005345177,-8.737716,-13.116948,2.2801826,0.00059269887
7.7474747,1.5353535,0.00025643967,-0.0005411953,-8.375875,-12.286698,2.2372887,0.00059887697
7.7474747,1.5757576,0.0002564788,-0.000547383,-8.003575,-11.455811,2.190643,0.0006044911
7.7474747,1.6161616,0.00025620125,-0.0005531069,-7.6191716,-10.623889,2.1395748,0.0006095624
7.7474747,1.6565657,0.00025559962,-0.0005583521,-7.220651,-9.790446,2.0833738,0.0006140751
7.7474747,1.6969697,0.00025468133,-0.00056313723,-6.8054013,-8.955043,2.0213218,0.0006180503
7.7474747,1.7373737,0.0002534315,-0.0005674921,-6.370403,-8.117353,1.9526983,0.0006215101
7.7474747,1.7777778,0.00025186315,-0.0005714018,-5.9124527,-7.27756,1.8767949,0.00062444777
7.7474747,1.8181819,0.00024997443,-0.0005749017,-5.428897,-6.4366527,1.7927847,0.0006268965
7.7474747,1.8585858,0.00024775974,-0.00057800487,-4.9187007,-5.596675,1.6997763,0.00062886765
7.7474747,1.8989899,0.00024524517,-0.0005807169,-4.384174,-4.760887,1.5967268,0.00063037866
7.7474747,1.939394,0.00024241395,-0.0005830489,-3.8323457,-3.9332979,1.482588,0.0006314353
7.7474747,1.979798,0.00023927167,-0.0005849898,-3.2753694,-3.1176832,1.3565663,0.00063203165
7.7474747,2.020202,0.00023578294,-0.0005864892,-2.7280133,-2.315479,1.2182317,0.0006321101
7.7474747,2.060606,0.0002318602,-0.0005874783,-2.2036862,-1.5242019,1.0673327,0.0006315773
7.7474747,2.10101,0.00022739358,-0.00058783405,-1.7104044,-0.73721844,0.9033096,0.00063028303
7.878788,0.04040404,5.855225e-05,3.5868958e-05,-17.136768,-41.43438,3.254659,6.866548e-05
7.878788,0.08080808,6.852113e-05,1.1082739e-05,-17.032146,-40.615265,3.204952,6.941161e-05
7.878788,0.121212125,7.817708e-05,-1.3124198e-05,-16.918169,-39.80002,3.1592724,7.9271056e-05
7.878788,0.16161616,8.754432e-05,-3.6781654e-05,-16.794823,-38.988155,3.1169672,9.495735e-05
7.878788,0.2020202,9.6630305e-05,-5.9887767e-05,-16.662245,-38.179302,3.0774257,0.0001136836
7.878788,0.24242425,0.00010542944,-8.243509e-05,-16.520473,-37.372967,3.0400991,0.00013383165
7.878788,0.28282827,0.000113945454,-0.00010443665,-16.36969,-36.56875,3.0044854,0.00015456577
7.878788,0.32323232,0.00012220815,-0.00012590177,-16.210108,-35.766277,2.9701371,0.00017545966
7.878788,0.36363637,0.00013019331,-0.00014682487,-16.04193,-34.96517,2.9366653,0.00019623415
7.878788,0.4040404,0.00013792515,-0.00016720966,-15.865482,-34.16514,2.903745,0.00021675427
7.878788,0.44444445,0.00014537945,-0.00018706731,-15.680946,-33.36574,2.871109,0.00023691637
7.878788,0.4848485,0.00015259348,-0.00020640157,-15.488716,-32.566776,2.838526,0.00025668342
7.878788,0.5252525,0.0001595337,-0.00022520497,-15.289035,-31.767849,2.8058474,0.000275986
7.878788,0.56565654,0.00016623177,-0.00024348497,-15.082202,-30.96871,2.7729537,0.00029481848
7.878788,0.6060606,0.0001726523,-0.00026123784,-14.8685,-30.169088,2.7397838,0.0003131358
7.878788,0.64646465,0.00017883256,-0.0002784822,-14.648257,-29.36875,2.706281,0.00033095834
7.878788,0.68686867,0.00018474646,-0.00029520132,-14.421645,-28.56737,2.6724615,0.0003482457
7.878788,0.72727275,0.00019040518,-0.00031141564,-14.188911,-27.764782,2.6383386,0.00036501212
7.878788,0.7676768,0.00019580498,-0.00032709911,-13.950221,-26.960695,2.6039708,0.00038122621
7.878788,0.8080808,0.00020094961,-0.00034226663,-13.705736,-26.154953,2.5693789,0.00039689697
7.878788,0.8484849,0.00020582415,-0.00035692565,-13.455507,-25.347296,2.5346434,0.00041201882
7.878788,0.8888889,0.0002104491,-0.000371065,-13.199618,-24.537588,2.4998102,0.00042658884
7.878788,0.9292929,0.000214817,-0.00038468838,-12.938089,-23.725683,2.4649248,0.00044060356
7.878788,0.969697,0.00021892227,-0.00039780326,-12.670863,-22.911455,2.4300191,0.0004540643
7.878788,1.010101,0.00022276305,-0.0004104022,-12.397897,-22.094845,2.3951242,0.00046696182
7.878788,1.050505,0.0002263356,-0.00042247772,-12.118996,-21.275776,2.3602293,0.00047928616
7.878788,1.0909091,0.0002296567,-0.00043405592,-11.834098,-20.454287,2.3253014,0.00049106695
7.878788,1.1313131,0.00023273006,-0.00044510886,-11.542988,-19.63046,2.2902765,0.00050228
7.878788,1.1717172,0.00023552589,-0.00045565516,-11.245461,-18.804367,2.2550588,0.00051292696
7.878788,1.2121212,0.00023804978,-0.0004656799,-10.941247,-17.976229,2.2195077,0.00052299665
7.878788,1.2525252,0.00024032034,-0.00047519617,-10.630093,-17.146206,2.18345,0.0005325085
7.878788,1.2929293,0.00024232641,-0.00048420578,-10.31169,-16.31461,2.1466475,0.0005414585
7.878788,1.3333334,0.0002440624,-0.0004926976,-9.985632,-15.48164,2.1088467,0.00054983393
7.878788,1.3737373,0.00024553202,-0.00050069205,-9.651528,-14.6476345,2.0697002,0.0005576545
7.878788,1.4141414,0.0002467241,-0.00050817244,-9.308801,-13.812801,2.0288262,0.0005649
7.878788,1.4545455,0.0002476368,-0.0005151611,-8.9568,-12.977328,1.9857881,0.00057158986
7.878788,1.4949495,0.00024828129,-0.000521658,-8.59463,-12.14129,1.9400896,0.0005777289
7.878788,1.5353535,0.00024863333,-0.0005276557,-8.22119,-11.304645,1.8911885,0.00058330013
7.878788,1.5757576,0.00024869852,-0.000533171,-7.8349085,-10.467133,1.8385407,0.0005883216
7.878788,1.6161616,0.0002484694,-0.00053820387,-7.433904,-9.628413,1.7815892,0.00059279037
7.878788,1.6565657,0.00024793856,-0.00054276735,-7.0157514,-8.788017,1.7198052,0.00059671595
7.878788,1.6969697,0.00024712086,-0.0005468745,-6.5774174,-7.945482,1.6527488,0.00060011697
7.878788,1.7373737,0.0002459865,-0.0005505234,-6.115493,-7.1005526,1.5800697,0.00060298044
7.878788,1.7777778,0.00024455227,-0.0005537439,-5.626515,-6.253554,1.5014867,0.00060534134
7.878788,1.8181819,0.00024282373,-0.0005565323,-5.1078005,-5.405742,1.4167092,0.0006071998
7.878788,1.8585858,0.00024080463,-0.000558909,-4.558739,-4.5596128,1.3252693,0.00060857716
7.878788,1.8989899,0.00023848936,-0.0005608704,-3.9826603,-3.7190802,1.2263703,0.00060946925
7.878788,1.939394,0.00023588724,-0.0005624257,-3.388182,-2.8888075,1.1187422,0.00060988974
7.878788,1.979798,0.00023297779,-0.000563547,-2.7890224,-2.072816,1.0007591,0.00060980645
7.878788,2.020202,0.00022971071,-0.000564171,-2.2011187,-1.2720021,0.8705352,0.0006091436
8.010101,0.04040404,5.9703365e-05,2.527982e-05,-17.01439,-40.50162,2.9992864,6.483487e-05
8.010101,0.08080808,6.908178e-05,1.1436641e-06,-16.909567,-39.691875,2.954164,6.909125e-05
8.010101,0.121212125,7.818639e-05,-2.2443011e-05,-16.795118,-38.885796,2.9125874,8.1343715e-05
8.010101,0.16161616,8.702092e-05,-4.5457855e-05,-16.671118,-38.082863,2.873892,9.8178694e-05
8.010101,0.2020202,9.559281e-05,-6.7934394e-05,-16.537708,-37.28255,2.837434,0.00011727347
8.010101,0.24242425,0.00010391511,-8.9870766e-05,-16.39501,-36.484344,2.802661,0.0001373867
8.010101,0.28282827,0.000111974776,-0.00011126511,-16.243288,-35.68778,2.7690635,0.00015785523
8.010101,0.32323232,0.00011979416,-0.00013212301,-16.082764,-34.89241,2.7361813,0.00017834554
8.010101,0.36363637,0.00012736768,-0.00015244447,-15.913712,-34.0978,2.7036395,0.00019865004
8.010101,0.4040404,0.00013469905,-0.00017224252,-15.736468,-33.303623,2.6711078,0.000218658
8.010101,0.44444445,0.00014178827,-0.00019150786,-15.551321,-32.509487,2.638335,0.00023828381
8.010101,0.4848485,0.00014864095,-0.0002102498,-15.358622,-31.715096,2.605111,0.00025748613
8.010101,0.5252525,0.00015524775,-0.00022847764,-15.158681,-30.920189,2.5712864,0.0002762316
8.010101,0.56565654,0.00016160868,-0.00024616532,-14.951819,-30.124464,2.5367785,0.00029447366
8.010101,0.6060606,0.00016773306,-0.0002633538,-14.7383175,-29.327679,2.5015297,0.00031223326
8.010101,0.64646465,0.00017361529,-0.00028001517,-14.518435,-28.529633,2.4655485,0.00032947044
8.010101,0.68686867,0.00017925724,-0.00029615685,-14.292455,-27.730162,2.4288266,0.0003461821
8.010101,0.72727275,0.00018465519,-0.00031178817,-14.060537,-26.929043,2.3914363,0.0003623664
8.010101,0.7676768,0.00018979609,-0.00032690726,-13.822825,-26.126102,2.353447,0.00037800914
8.010101,0.8080808,0.00019469485,-0.0003415011,-13.579459,-25.321236,2.314922,0.00039310186
8.010101,0.8484849,0.00019935705,-0.00035559013,-13.3304405,-24.514257,2.2759736,0.0004076611
8.010101,0.8888889,0.00020375289,-0.0003691502,-13.075766,-23.70506,2.2366598,0.0004216481
8.010101,0.9292929,0.00020790845,-0.0003822036,-12.815409,-22.893562,2.197065,0.00043509254
8.010101,0.969697,0.0002118107,-0.0003947448,-12.549229,-22.079668,2.1572447,0.00044798126
8.010101,1.010101,0.00021547638,-0.0004067663,-12.27707,-21.263323,2.1172457,0.00046031392
8.010101,1.050505,0.00021888316,-0.00041828118,-11.998742,-20.444551,2.077069,0.00047209003
8.010101,1.0909091,0.00022203662,-0.0004292708,-11.713974,-19.623335,2.0367181,0.0004832946
8.010101,1.1313131,0.00022495165,-0.00043975562,-11.422546,-18.799774,1.9961456,0.00049395167
8.010101,1.1717172,0.00022761896,-0.0004497245,-11.124045,-17.97397,1.9552495,0.00050404615
8.010101,1.2121212,0.0002300255,-0.00045918487,-10.818184,-17.146072,1.9139341,0.0005135781
8.010101,1.2525252,0.00023218803,-0.00046813115,-10.504605,-16.31635,1.8719945,0.0005225496
8.010101,1.2929293,0.00023410283,-0.0004765652,-10.182877,-15.485017,1.8292377,0.00053096004
8.010101,1.3333334,0.00023577176,-0.00048450008,-9.852478,-14.652342,1.7853963,0.0005388215
8.010101,1.3737373,0.00023717806,-0.0004919134,-9.512925,-13.818611,1.740159,0.0005461064
8.010101,1.4141414,0.00023833662,-0.0004988387,-9.163516,-12.984065,1.6931599,0.0005528512
8.010101,1.4545455,0.00023924187,-0.00050525554,-8.803498,-12.148912,1.643988,0.00055903476
8.010101,1.4949495,0.00023989566,-0.00051119365,-8.431832,-11.313263,1.5922065,0.00056468474
8.010101,1.5353535,0.00024027377,-0.000516627,-8.047248,-10.477042,1.5373695,0.00056976744
8.010101,1.5757576,0.00024040043,-0.0005215835,-7.6480055,-9.640065,1.479034,0.00057431846
8.010101,1.6161616,0.00024025142,-0.0005260743,-7.2320604,-8.801996,1.4168162,0.00057833805
8.010101,1.6565657,0.00023985095,-0.0005300846,-6.7965965,-7.9622865,1.3504581,0.0005818231
8.010101,1.6969697,0.00023915432,-0.000533646,-6.3384943,-7.1205597,1.2798376,0.00058478443
8.010101,1.7373737,0.00023820437,-0.00053674914,-5.854029,-6.276506,1.2050228,0.0005872316
8.010101,1.7777778,0.00023698062,-0.0005394146,-5.3396683,-5.430473,1.1262321,0.0005891756
8.010101,1.8181819,0.00023547187,-0.0005416572,-4.7928143,-4.5837564,1.0436859,0.0005906264
8.010101,1.8585858,0.00023372285,-0.0005434789,-4.2132416,-3.7389865,0.9573418,0.00059160433
8.010101,1.8989899,0.00023172237,-0.0005448833,-3.6051412,-2.9003108,0.8665218,0.000592109
8.010101,1.939394,0.00022944249,-0.0005458463,-2.9782825,-2.0726397,0.76960284,0.0005921081
8.010101,1.979798,0.0002268944,-0.00054635666,-2.3474767,-1.2599308,0.66391474,0.0005915967
8.141415,0.04040404,6.0217455e-05,1.4953315e-05,-16.905855,-39.654903,2.767729,6.20463e-05
8.141415,0.08080808,6.902777e-05,-8.609146e-06,-16.797804,-38.854946,2.7263412,6.9562564e-05
8.141415,0.121212125,7.7582896e-05,-3.161095e-05,-16.680086,-38.058308,2.687993,8.377564e-05
8.141415,0.16161616,8.590706e-05,-5.4070726e-05,-16.55282,-37.26433,2.6519928,0.00010150697
8.141415,0.2020202,9.398535e-05,-7.5977296e-05,-16.416227,-36.472454,2.617709,0.00012085444
8.141415,0.24242425,0.000101834536,-9.735115e-05,-16.270506,-35.682106,2.5845578,0.00014088122
8.141415,0.28282827,0.000109452754,-0.000118205324,-16.115934,-34.89277,2.552042,0.0001610975
8.141415,0.32323232,0.00011684559,-0.00013852306,-15.9528055,-34.103992,2.5197027,0.00018122232
8.141415,0.36363637,0.00012400933,-0.00015830807,-15.781438,-33.315315,2.487177,0.0002010964
8.141415,0.4040404,0.00013096444,-0.00017757714,-15.602183,-32.52644,2.4541335,0.00022064752
8.141415,0.44444445,0.00013767369,-0.0001963079,-15.415339,-31.737003,2.4203413,0.00023977247
8.141415,0.4848485,0.00014418177,-0.0002145376,-15.221281,-30.94671,2.3856068,0.00025848552
8.141415,0.5252525,0.0001504533,-0.00023222715,-15.020319,-30.155367,2.349813,0.00027670496
8.141415,0.56565654,0.00015649945,-0.0002494119,-14.812762,-29.362768,2.3128884,0.0002944459
8.141415,0.6060606,0.00016232021,-0.00026607886,-14.598907,-28.568766,2.2747989,0.00031168223
8.141415,0.64646465,0.00016791746,-0.000282228,-14.378992,-27.77322,2.235572,0.00032840358
8.141415,0.68686867,0.00017326698,-0.0002978593,-14.153199,-26.976007,2.1952698,0.00034458906
8.141415,0.72727275,0.0001783967,-0.000312984,-13.921699,-26.177052,2.1539545,0.00036025594
8.141415,0.7676768,0.00018328242,-0.00032758713,-13.684596,-25.376293,2.1117373,0.00037537416
8.141415,0.8080808,0.00018794835,-0.00034167804,-13.441915,-24.573631,2.0687177,0.00038995958
8.141415,0.8484849,0.00019236654,-0.000355253,-13.193654,-23.769009,2.0250294,0.00040399205
8.141415,0.8888889,0.00019656122,-0.00036832318,-12.939713,-22.962387,1.9807522,0.00041749046
8.141415,0.9292929,0.00020049699,-0.0003808774,-12.679953,-22.153688,1.936026,0.00043042612
8.141415,0.969697,0.00020420924,-0.00039290823,-12.414217,-21.342897,1.8909228,0.00044280727
8.141415,1.010101,0.0002076868,-0.00040443614,-12.142203,-20.529987,1.8455039,0.00045464534
8.141415,1.050505,0.00021091849,-0.00041544996,-11.863681,-19.714937,1.7998198,0.00046592412
8.141415,1.0909091,0.00021391921,-0.00042595156,-11.578281,-18.897787,1.7538863,0.00047665098
8.141415,1.1313131,0.00021668151,-0.00043594465,-11.285704,-18.078629,1.7076584,0.000486825
8.141415,1.1717172,0.0002192203,-0.00044543855,-10.985497,-17.257524,1.6610996,0.00049646053
8.141415,1.2121212,0.00022151321,-0.0004544109,-10.677314,-16.43466,1.6140801,0.00050552684
8.141415,1.2525252,0.00022359192,-0.00046288036,-10.360681,-15.610215,1.5664779,0.0005140541
8.141415,1.2929293,0.00022542104,-0.00047084503,-10.035154,-14.784421,1.5180876,0.0005220246
8.141415,1.3333334,0.00022702478,-0.0004783012,-9.700211,-13.957579,1.468662,0.00052944524
8.141415,1.3737373,0.00022840872,-0.0004852675,-9.355279,-13.1299305,1.4179437,0.0005363349
8.141415,1.4141414,0.00022955984,-0.00049173646,-8.999664,-12.30175,1.3655981,0.0005426808
8.141415,1.4545455,0.00023046881,-0.0004977118,-8.632548,-11.473254,1.3112918,0.0005484824
8.141415,1.4949495,0.00023114309,-0.00050320104,-8.252912,-10.644565,1.2546527,0.0005537494
8.141415,1.5353535,0.00023159757,-0.00050820224,-7.8593707,-9.815665,1.195347,0.0005584863
8.141415,1.5757576,0.00023180805,-0.0005127378,-7.4502387,-8.986381,1.1331077,0.0005627033
8.141415,1.6161616,0.00023178943,-0.00051679276,-7.0232544,-8.156376,1.0677538,0.0005663931
8.141415,1.6565657,0.00023152493,-0.00052040257,-6.5757027,-7.325185,0.9993033,0.0005695811
8.141415,1.6969697,0.00023102015,-0.00052355975,-6.1042285,-6.492327,0.9279997,0.00057226315
8.141415,1.7373737,0.00023028255,-0.00052626804,-5.60513,-5.657491,0.85433584,0.0005744459
8.141415,1.7777778,0.00022932142,-0.0005285572,-5.0748096,-4.8208494,0.7790135,0.0005761606
8.141415,1.8181819,0.0002281256,-0.00053040683,-4.510784,-3.9835637,0.70267886,0.0005773844
8.141415,1.8585858,0.00022671372,-0.00053184293,-3.913187,-3.1480772,0.62560165,0.00057814876
8.141415,1.8989899,0.00022508204,-0.0005328525,-3.2865806,-2.318277,0.54707265,0.0005784407
8.141415,1.939394,0.00022324361,-0.00053341873,-2.6413367,-1.4988389,0.46491194,0.00057825015
8.141415,1.979798,0.00022116676,-0.00053352676,-1.9927642,-0.6934772,0.37529632,0.0005775513
8.272727,0.04040404,6.015785e-05,4.976988e-06,-16.805601,-38.898796,2.5586293,6.0363378e-05
8.272727,0.08080808,6.8407506e-05,-1.8060207e-05,-16.691988,-38.108555,2.5202668,7.075138e-05
8.272727,0.121212125,7.645972e-05,-4.0551648e-05,-16.568901,-37.321056,2.4843976,8.654782e-05
8.272727,0.16161616,8.427538e-05,-6.250478e-05,-16.43653,-36.535603,2.450342,0.00010492467
8.272727,0.2020202,9.18787e-05,-8.3919615e-05,-16.295135,-35.751583,2.417466,0.00012443551
8.272727,0.24242425,9.9277124e-05,-0.00010480732,-16.144964,-34.96842,2.3851867,0.00014436246
8.272727,0.28282827,0.00010645948,-0.00012516975,-15.986335,-34.18557,2.3529978,0.00016432008
8.272727,0.32323232,0.00011344254,-0.00014501251,-15.819569,-33.402607,2.320468,0.00018411367
8.272727,0.36363637,0.000120213255,-0.00016432814,-15.64499,-32.61914,2.2872386,0.00020360493
8.272727,0.4040404,0.00012678467,-0.0001831241,-15.462973,-31.834848,2.2530117,0.0002227303
8.272727,0.44444445,0.00013315491,-0.00020140223,-15.273808,-31.049463,2.2175534,0.00024143961
8.272727,0.4848485,0.00013930723,-0.00021915883,-15.077856,-30.262833,2.1807194,0.00025968655
8.272727,0.5252525,0.00014526024,-0.0002364032,-14.875408,-29.474804,2.1424012,0.00027746533
8.272727,0.56565654,0.00015100092,-0.0002531316,-14.666768,-28.685266,2.1025589,0.00029474887
8.272727,0.6060606,0.00015650503,-0.00026935525,-14.452145,-27.894197,2.061205,0.0003115222
8.272727,0.64646465,0.00016182289,-0.0002850499,-14.231755,-27.101568,2.0183828,0.00032778055
8.272727,0.68686867,0.00016690046,-0.00030023977,-14.005753,-26.307405,1.9741731,0.00034351082
8.272727,0.72727275,0.00017177127,-0.00031490996,-13.774226,-25.511694,1.9287074,0.00035871108
8.272727,0.7676768,0.0001764074,-0.00032907538,-13.537209,-24.714458,1.8820986,0.0003733767
8.272727,0.8080808,0.00018082932,-0.00034273788,-13.294638,-23.915716,1.8345028,0.00038751579
8.272727,0.8484849,0.00018502027,-0.00035587326,-13.046467,-23.115482,1.786075,0.00040109633
8.272727,0.8888889,0.00018897839,-0.00036850572,-12.7925,-22.313717,1.7369512,0.00041413683
8.272727,0.9292929,0.00019272044,-0.0003806241,-12.532577,-21.510468,1.687275,0.00042663317
8.272727,0.969697,0.0001962427,-0.0003922414,-12.2664175,-20.705652,1.6371652,0.0004385938
8.272727,1.010101,0.00019953772,-0.00040334463,-11.993725,-19.899343,1.5867094,0.00045000244
8.272727,1.050505,0.00020260736,-0.00041394867,-11.714138,-19.091442,1.5360008,0.00046087228
8.272727,1.0909091,0.00020545349,-0.00042403862,-11.427278,-18.282005,1.4850662,0.00047118985
8.272727,1.1313131,0.00020809658,-0.00043363497,-11.13279,-17.471056,1.4339088,0.00048098178
8.272727,1.1717172,0.00021050498,-0.0004427228,-10.830263,-16.658695,1.3824998,0.0004902202
8.272727,1.2121212,0.00021271035,-0.0004513096,-10.51925,-15.845008,1.3307611,0.0004989249
8.272727,1.2525252,0.00021469407,-0.0004593972,-10.1993475,-15.0302105,1.2785809,0.0005070891
8.272727,1.2929293,0.00021646358,-0.00046698935,-9.870132,-14.214512,1.225782,0.0005147189
8.272727,1.3333334,0.00021803007,-0.00047409348,-9.531049,-13.3981085,1.1722041,0.0005218254
8.272727,1.3737373,0.00021940097,-0.00048070587,-9.181631,-12.581339,1.1175836,0.0005284079
8.272727,1.4141414,0.0002205614,-0.00048682652,-8.821232,-11.7644415,1.061679,0.0005344599
8.272727,1.4545455,0.00022150017,-0.00049247034,-8.449093,-10.947711,1.0041869,0.00053999014
8.272727,1.4949495,0.0002222415,-0.0004976317,-8.0642395,-10.131246,0.94489044,0.00054500333
8.272727,1.5353535,0.00022278354,-0.00050232,-7.6654053,-9.315123,0.88357043,0.0005495069
8.272727,1.5757576,0.00022311509,-0.00050655566,-7.250923,-8.499197,0.82012445,0.0005535151
8.272727,1.6161616,0.00022323616,-0.0005103275,-6.818666,-7.6832137,0.7546163,0.00055701757
8.272727,1.6565657,0.0002231542,-0.0005136486,-6.365907,-6.8667035,0.6873542,0.0005600292
8.272727,1.6969697,0.0002228748,-0.0005165301,-5.8893785,-6.0491776,0.6189241,0.0005625625
8.272727,1.7373737,0.00022240356,-0.00051898323,-5.3854504,-5.2302737,0.55021095,0.0005646299
8.272727,1.7777778,0.00022173859,-0.0005210098,-4.8505898,-4.4099903,0.48229873,0.0005662325
8.272727,1.8181819,0.00022087805,-0.0005226191,-4.282322,-3.5890965,0.41619352,0.00056737807
8.272727,1.8585858,0.00021986291,-0.00052382797,-3.6807804,-2.7695234,0.3522512,0.0005680981
8.272727,1.8989899,0.00021867082,-0.00052460656,-3.0506396,-1.954569,0.28956747,0.00056835636
8.272727,1.939394,0.00021731481,-0.00052494556,-2.4021845,-1.1483189,0.2252292,0.0005681492
8.272727,1.979798,0.00021578185,-0.0005248096,-1.7505522,-0.35401443,0.15424648,0.0005674389
8.40404,0.04040404,5.9597194e-05,-4.5541674e-06,-16.709896,-38.23409,2.370547,5.9770948e-05
8.40404,0.08080808,6.73309e-05,-2.7136877e-05,-16.589247,-37.45302,2.3346097,7.25938e-05
8.40404,0.121212125,7.4870884e-05,-4.9183145e-05,-16.4595,-36.67397,2.3006353,8.95803e-05
8.40404,0.16161616,8.2209706e-05,-7.0694834e-05,-16.32092,-35.89624,2.2679234,0.000108425986
8.40404,0.2020202,8.9362264e-05,-9.168498e-05,-16.17379,-35.119198,2.2358565,0.00012803027
8.40404,0.24242425,9.633042e-05,-0.000112157315,-16.01842,-34.34232,2.2038515,0.00014784727
8.40404,0.28282827,0.000103093684,-0.00013209507,-15.8551,-33.56508,2.171435,0.00016756316
8.40404,0.32323232,0.00010968372,-0.00015152618,-15.684157,-32.787064,2.1381986,0.00018705803
8.40404,0.36363637,0.00011608191,-0.00017043762,-15.505916,-32.007984,2.1037846,0.00020621346
8.40404,0.4040404,0.00012229383,-0.00018883497,-15.320751,-31.22766,2.067936,0.0002249765
8.40404,0.44444445,0.00012831204,-0.00020670705,-15.128927,-30.445885,2.030457,0.00024329362
8.40404,0.4848485,0.00013412535,-0.00022407062,-14.930747,-29.662601,1.9912158,0.00026114602
8.40404,0.5252525,0.00013976544,-0.00024092011,-14.726484,-28.877817,1.9501499,0.00027852625
8.40404,0.56565654,0.00014519133,-0.00025726296,-14.516369,-28.091553,1.9072465,0.0002954061
8.40404,0.6060606,0.00015041418,-0.000273088,-14.300594,-27.303911,1.862554,0.00031177152
8.40404,0.64646465,0.00015543588,-0.00028839894,-14.079281,-26.51496,1.8161594,0.00032761908
8.40404,0.68686867,0.00016025826,-0.00030320697,-13.852496,-25.724817,1.7681885,0.0003429536
8.40404,0.72727275,0.00016486458,-0.00031750463,-13.620325,-24.933636,1.7187794,0.00035775625
8.40404,0.7676768,0.00016925484,-0.00033129193,-13.382669,-24.14151,1.668106,0.00037202355
8.40404,0.8080808,0.00017343089,-0.00034456886,-13.139447,-23.348454,1.616379,0.00038575378
8.40404,0.8484849,0.00017739832,-0.00035733916,-12.8905325,-22.554615,1.5637419,0.00039895042
8.40404,0.8888889,0.000181159,-0.00036961585,-12.635697,-21.759958,1.5104105,0.00041162418
8.40404,0.9292929,0.00018469058,-0.00038138218,-12.374671,-20.964518,1.4565458,0.00042374874
8.40404,0.969697,0.00018804148,-0.00039265119,-12.1071615,-20.168262,1.402304,0.00043535564
8.40404,1.010101,0.000191167,-0.00040342286,-11.8328705,-19.37115,1.3478066,0.0004464245
8.40404,1.050505,0.00019408017,-0.0004136879,-11.551393,-18.573153,1.2931722,0.00045695165
8.40404,1.0909091,0.00019679777,-0.00042345934,-11.262359,-17.774225,1.2384611,0.0004669552
8.40404,1.1313131,0.00019932166,-0.0004327353,-10.965442,-16.97441,1.1837078,0.00047643358
8.40404,1.1717172,0.0002016332,-0.0004415121,-10.660211,-16.173693,1.128913,0.00048537497
8.40404,1.2121212,0.00020375289,-0.00044980645,-10.346317,-15.3721485,1.0740364,0.0004938027
8.40404,1.2525252,0.00020567887,-0.00045759976,-10.023415,-14.569956,1.018983,0.00050169847
8.40404,1.2929293,0.00020740926,-0.00046491995,-9.69108,-13.767271,0.96363914,0.0005090866
8.40404,1.3333334,0.0002089683,-0.00047175027,-9.348957,-12.964339,0.9078464,0.0005159613
8.40404,1.3737373,0.00021033175,-0.0004781019,-8.996637,-12.16145,0.8514288,0.00052232255
8.40404,1.4141414,0.00021151453,-0.000483986,-8.63362,-11.358915,0.7941891,0.0005281863
8.40404,1.4545455,0.0002125185,-0.0004893914,-8.259227,-10.556951,0.7359395,0.0005335429
8.40404,1.4949495,0.00021334365,-0.00049432926,-7.872689,-9.755843,0.676531,0.0005384022
8.40404,1.5353535,0.00021398626,-0.0004988145,-7.472868,-8.955657,0.6159032,0.00054277625
8.40404,1.5757576,0.00021445192,-0.00050284155,-7.058288,-8.156377,0.55412954,0.0005466619
8.40404,1.6161616,0.00021476112,-0.0005064253,-6.626975,-7.35783,0.4915006,0.00055008085
8.40404,1.6565657,0.00021488778,-0.000509575,-6.176359,-6.5596056,0.4286002,0.0005530311
8.40404,1.6969697,0.00021484867,-0.0005122945,-5.7033362,-5.7612557,0.36630985,0.0005555228
8.40404,1.7373737,0.00021465123,-0.00051458925,-5.204413,-4.962327,0.3058577,0.0005575637
8.40404,1.7777778,0.00021429919,-0.000516478,-4.67605,-4.162589,0.2486193,0.0005591723
8.40404,1.8181819,0.00021382421,-0.00051796995,-4.1157455,-3.3623626,0.1957627,0.0005603692
8.40404,1.8585858,0.00021320581,-0.00051904656,-3.5234685,-2.5629375,0.14762239,0.00056112924
8.40404,1.8989899,0.00021247752,-0.0005197171,-2.9034283,-1.766721,0.10287211,0.0005614736
8.40404,1.939394,0.0002116356,-0.00051995553,-2.2653527,-0.976966,0.057819806,0.00056137634
8.40404,1.979798,0.00021064281,-0.0005197041,-1.6236308,-0.19636646,0.00634282,0.00056076975
8.535354,0.04040404,5.863607e-05,-1.360476e-05,-16.617159,-37.658363,2.2020402,6.0193674e-05
8.535354,0.08080808,6.5878034e-05,-3.579259e-05,-16.488705,-36.88557,2.1680732,7.497349e-05
8.535354,0.121212125,7.293187e-05,-5.7455152e-05,-16.35171,-36.113995,2.1355238,9.284477e-05
8.535354,0.16161616,7.982552e-05,-7.8603625e-05,-16.20646,-35.342995,2.1037035,0.00011202965
8.535354,0.2020202,8.654222e-05,-9.922683e-05,-16.053236,-34.57194,2.072002,0.00013166442
8.535354,0.24242425,9.308383e-05,-0.00011932291,-15.892334,-33.80033,2.0398839,0.0001513359
8.535354,0.28282827,9.945221e-05,-0.00013891421,-15.7241,-33.027794,2.0068862,0.00017084467
8.535354,0.32323232,0.00010565668,-0.00015798956,-15.548746,-32.253937,1.9726301,0.00019006323
8.535354,0.36363637,0.00011169538,-0.00017655827,-15.366675,-31.478666,1.9367989,0.00020892268
8.535354,0.4040404,0.000117558986,-0.00019460171,-15.178143,-30.701841,1.89916,0.00022735423
8.535354,0.44444445,0.00012324005,-0.00021213666,-14.983393,-29.92341,1.8595756,0.00024533665
8.535354,0.4848485,0.00012874231,-0.00022916868,-14.782692,-29.143475,1.8179296,0.0002628552
8.535354,0.5252525,0.00013404898,-0.00024568476,-14.576253,-28.362162,1.7742149,0.0002798752
8.535354,0.56565654,0.00013918988,-0.00026169233,-14.364219,-27.579617,1.728451,0.0002964063
8.535354,0.6060606,0.00014412403,-0.00027718768,-14.146736,-26.79606,1.6807268,0.00031241757
8.535354,0.64646465,0.00014886819,-0.00029218197,-13.923866,-26.01168,1.6311696,0.00032792077
8.535354,0.68686867,0.00015342422,-0.00030667149,-13.695629,-25.226711,1.5799477,0.00034290872
8.535354,0.72727275,0.00015777536,-0.00032065623,-13.462001,-24.441336,1.5272504,0.0003573702
8.535354,0.7676768,0.00016192347,-0.0003341399,-13.222874,-23.655714,1.4732759,0.00037130673
8.535354,0.8080808,0.00016588531,-0.00034710206,-12.978084,-22.869947,1.418265,0.0003847048
8.535354,0.8484849,0.00016963854,-0.00035959482,-12.727479,-22.084146,1.3624239,0.00039759988
8.535354,0.8888889,0.00017320178,-0.00037156604,-12.470798,-21.298307,1.305968,0.00040995143
8.535354,0.9292929,0.00017656013,-0.0003830511,-12.207753,-20.512426,1.2491093,0.0004217839
8.535354,0.969697,0.00017973036,-0.00039404444,-11.938056,-19.726444,1.1920359,0.00043309815
8.535354,1.010101,0.00018269382,-0.00040454417,-11.661401,-18.940311,1.1348985,0.00044388403
8.535354,1.050505,0.00018548779,-0.00041455217,-11.377427,-18.153881,1.0778384,0.0004541577
8.535354,1.0909091,0.00018808618,-0.000424074,-11.085797,-17.367104,1.0209451,0.0004639129
8.535354,1.1313131,0.00019049272,-0.00043310598,-10.786209,-16.579943,0.9642764,0.00047314717
8.535354,1.1717172,0.00019271858,-0.00044165552,-10.478338,-15.792323,0.9078614,0.0004818714
8.535354,1.2121212,0.00019477867,-0.00044972636,-10.161914,-15.004306,0.85168725,0.0004900944
8.535354,1.2525252,0.00019666925,-0.00045732036,-9.83666,-14.215985,0.79567593,0.00049781596
8.535354,1.2929293,0.00019838475,-0.00046444312,-9.502321,-13.427507,0.7397762,0.00050503854
8.535354,1.3333334,0.00019993074,-0.00047108904,-9.158666,-12.639143,0.68383545,0.0005117589
8.535354,1.3737373,0.00020133145,-0.00047727674,-8.805422,-11.851157,0.62773716,0.00051800336
8.535354,1.4141414,0.00020256266,-0.00048298948,-8.442208,-11.063861,0.5713461,0.0005237466
8.535354,1.4545455,0.00020363927,-0.00048824772,-8.068615,-10.277609,0.51455045,0.00052901305
8.535354,1.4949495,0.00020456128,-0.00049304403,-7.683982,-9.492643,0.45731717,0.00053379557
8.535354,1.5353535,0.00020533986,-0.00049739704,-7.287406,-8.709189,0.39971536,0.0005381155
8.535354,1.5757576,0.00020596758,-0.0005013067,-6.877613,-7.927324,0.34197435,0.0005419696
8.535354,1.6161616,0.00020645186,-0.0005047899,-6.4528546,-7.1469646,0.28459924,0.00054537616
8.535354,1.6565657,0.00020679273,-0.000507839,-6.0107846,-6.367849,0.22839905,0.0005483281
8.535354,1.6969697,0.0002070032,-0.0005104784,-5.5485377,-5.5895996,0.17452306,0.00055085256
8.535354,1.7373737,0.00020708516,-0.0005127005,-5.062704,-4.811708,0.12444169,0.0005529431
8.535354,1.7777778,0.0002070535,-0.0005145278,-4.5497994,-4.03373,0.07972354,0.000554626
8.535354,1.8181819,0.0002069287,-0.00051595457,-4.0071745,-3.255521,0.041586813,0.0005559034
8.535354,1.8585858,0.00020671263,-0.0005169902,-3.434328,-2.4776332,0.010171276,0.0005567845
8.535354,1.8989899,0.00020644441,-0.0005176291,-2.8347507,-1.7015473,-0.016369056,0.00055727834
8.535354,1.939394,0.00020609237,-0.0005178321,-2.2171981,-0.92961204,-0.042505633,0.00055733667
8.535354,1.979798,0.00020565279,-0.0005175639,-1.5949781,-0.16387156,-0.07533875,0.000556925
8.666667,0.04040404,5.7343394e-05,-2.2124499e-05,-16.527422,-37.166576,2.0517566,6.146347e-05
8.666667,0.08080808,6.411038e-05,-4.399009e-05,-16.391005,-36.401024,2.0193937,7.775133e-05
8.666667,0.121212125,7.071905e-05,-6.532855e-05,-16.246664,-35.6359,1.987916,9.627566e-05
8.666667,0.16161616,7.7180564e-05,-8.616038e-05,-16.094666,-34.870552,1.9566708,0.000115673894
8.666667,0.2020202,8.3476305e-05,-0.00010647252,-15.935306,-34.10452,1.9250592,0.00013529483
8.666667,0.24242425,8.962862e-05,-0.00012627617,-15.768864,-33.337322,1.8925984,0.00015485141
8.666667,0.28282827,9.561889e-05,-0.00014556386,-15.595581,-32.568695,1.858859,0.00017416029
8.666667,0.32323232,0.00010145642,-0.00016434677,-15.415781,-31.798471,1.8234901,0.00019314054
8.666667,0.36363637,0.00010713935,-0.00018261,-15.229661,-31.026539,1.7862333,0.00021171974
8.666667,0.4040404,0.00011265837,-0.00020037405,-15.037539,-30.253021,1.746901,0.00022987316
8.666667,0.44444445,0.00011802092,-0.00021762401,-14.839557,-29.47797,1.7053756,0.00024756647
8.666667,0.4848485,0.00012319721,-0.00023437478,-14.63593,-28.701578,1.661622,0.0002647812
8.666667,0.5252525,0.00012821332,-0.00025061332,-14.42679,-27.924133,1.6156452,0.0002815061
8.666667,0.56565654,0.00013305806,-0.00026634522,-14.212245,-27.145884,1.5675281,0.0002977318
8.666667,0.6060606,0.00013772026,-0.00028157607,-13.992374,-26.367155,1.5173979,0.00031345166
8.666667,0.64646465,0.00014220178,-0.00029631518,-13.767165,-25.58821,1.4654201,0.00032867008
8.666667,0.68686867,0.00014649518,-0.0003105458,-13.53662,-24.809368,1.4117928,0.00034336498
8.666667,0.72727275,0.00015061162,-0.0003242623,-13.300653,-24.030851,1.3567529,0.00035753308
8.666667,0.7676768,0.0001545418,-0.00033749826,-13.0591,-23.252798,1.3005363,0.0003711984
8.666667,0.8080808,0.00015827455,-0.00035023503,-12.81184,-22.475399,1.2434009,0.00038433762
8.666667,0.8484849,0.0001618322,-0.00036247447,-12.55864,-21.698648,1.1856018,0.0003969602
8.666667,0.8888889,0.00016521476,-0.00037422776,-12.299277,-20.922592,1.1273748,0.00040907497
8.666667,0.9292929,0.00016840547,-0.00038549304,-12.033496,-20.147154,1.0689523,0.0004206724
8.666667,0.969697,0.00017143041,-0.00039627962,-11.760967,-19.372202,1.0105486,0.0004317707
8.666667,1.010101,0.0001742579,-0.0004065726,-11.481481,-18.597633,0.9523311,0.00044234275
8.666667,1.050505,0.00017692894,-0.00041639246,-11.194706,-17.823278,0.8944577,0.00045242294
8.666667,1.0909091,0.00017943047,-0.0004257355,-10.900409,-17.049004,0.8370415,0.00046200218
8.666667,1.1313131,0.00018175505,-0.00043459982,-10.598328,-16.274658,0.7801675,0.00047107524
8.666667,1.1717172,0.00018392876,-0.0004429929,-10.288251,-15.500173,0.7238624,0.00047965875
8.666667,1.2121212,0.00018594228,-0.00045091845,-9.970006,-14.725536,0.6681325,0.00048775197
8.666667,1.2525252,0.00018780679,-0.00045836344,-9.643478,-13.950833,0.61293477,0.0004953468
8.666667,1.2929293,0.00018951856,-0.00046535954,-9.308522,-13.176201,0.5582022,0.00050247065
8.666667,1.3333334,0.00019109808,-0.00047188625,-8.965014,-12.401834,0.5038626,0.0005091121
8.666667,1.3737373,0.00019251555,-0.0004779566,-8.612879,-11.628069,0.44980672,0.00051527156
8.666667,1.4141414,0.00019382127,-0.0004835818,-8.251919,-10.855224,0.39596337,0.00052097795
8.666667,1.4545455,0.0001949817,-0.0004887469,-7.8818464,-10.08369,0.34228295,0.00052620476
8.666667,1.4949495,0.00019601174,-0.00049346685,-7.50225,-9.313823,0.28883007,0.0005309709
8.666667,1.5353535,0.00019691885,-0.00049774535,-7.1123996,-8.545913,0.23577039,0.0005352826
8.666667,1.5757576,0.00019770116,-0.0005016029,-6.7112575,-7.780162,0.18350859,0.0005391579
8.666667,1.6161616,0.0001983624,-0.0005050283,-6.297325,-7.0166497,0.13271056,0.00054258754
8.666667,1.6565657,0.00019890629,-0.00050803646,-5.8684897,-6.2552085,0.08438216,0.0005455866
8.666667,1.6969697,0.00019934773,-0.00051063113,-5.422056,-5.4956,0.039877128,0.0005481639
8.666667,1.7373737,0.00019970164,-0.0005128328,-4.954812,-4.7373185,0.00082832255,0.0005503437
8.666667,1.7777778,0.00019997545,-0.00051463954,-4.463236,-3.9797177,-0.031087976,0.00055212685
8.666667,1.8181819,0.00020018034,-0.0005160663,-3.9444516,-3.2223318,-0.054734107,0.00055353105
8.666667,1.8585858,0.00020034797,-0.00051709823,-3.3973856,-2.4649403,-0.07024508,0.00055455376
8.666667,1.8989899,0.00020045973,-0.0005177371,-2.824559,-1.7081406,-0.07997361,0.0005551899
8.666667,1.939394,0.00020057522,-0.0005179625,-2.233521,-0.95337886,-0.08914542,0.0005554418
8.666667,1.979798,0.00020062365,-0.00051771477,-1.636375,-0.20220207,-0.10560758,0.00055522827
8.797979,0.04040404,5.5797398e-05,-3.009662e-05,-16.441742,-36.752213,1.9183156,6.3396816e-05
8.797979,0.08080808,6.211735e-05,-5.1684678e-05,-16.297506,-35.992832,1.8872799,8.080762e-05
8.797979,0.121212125,6.829947e-05,-7.276051e-05,-16.145906,-35.233078,1.8566428,9.9794335e-05
8.797979,0.16161616,7.4349344e-05,-9.332597e-05,-15.987264,-34.47248,1.8257606,0.00011932126
8.797979,0.2020202,8.0252066e-05,-0.00011338852,-15.821816,-33.710598,1.794112,0.00013891491
8.797979,0.24242425,8.602068e-05,-0.0001329314,-15.649796,-32.947155,1.7612345,0.00015833607
8.797979,0.28282827,9.165332e-05,-0.00015196949,-15.471419,-32.181942,1.726761,0.00017746846
8.797979,0.32323232,9.714067e-05,-0.0001705084,-15.286928,-31.414955,1.690391,0.00019623818
8.797979,0.36363637,0.00010247715,-0.00018854253,-15.096541,-30.646263,1.6519012,0.00021459229
8.797979,0.4040404,0.000107679516,-0.00020607188,-14.900427,-29.876015,1.6111684,0.00023250913
8.797979,0.44444445,0.00011271238,-0.00022308901,-14.698734,-29.104488,1.5681245,0.00024994556
8.797979,0.4848485,0.0001175981,-0.00023960322,-14.491587,-28.331982,1.5227665,0.00026690637
8.797979,0.5252525,0.00012232177,-0.0002556257,-14.279119,-27.558882,1.4751511,0.0002833851
8.797979,0.56565654,0.00012688711,-0.00027113408,-14.061311,-26.785477,1.425413,0.00029935603
8.797979,0.6060606,0.00013128482,-0.00028615445,-13.83826,-26.012201,1.3737015,0.0003148334
8.797979,0.64646465,0.00013551116,-0.0003006719,-13.609893,-25.239363,1.32024,0.00032979823
8.797979,0.68686867,0.00013956428,-0.0003146939,-13.376177,-24.467304,1.2652538,0.00034425344
8.797979,0.72727275,0.0001434572,-0.00032822788,-13.137,-23.696213,1.2089919,0.00035820875
8.797979,0.7676768,0.00014717318,-0.0003412664,-12.892241,-22.926292,1.1517428,0.00037164864
8.797979,0.8080808,0.00015072152,-0.00035382248,-12.641725,-22.157637,1.0937647,0.0003845872
8.797979,0.8484849,0.00015409105,-0.0003658831,-12.385263,-21.390265,1.0353444,0.00039700692
8.797979,0.8888889,0.00015730038,-0.00037747435,-12.122621,-20.624071,0.9767483,0.000408938
8.797979,0.9292929,0.00016034767,-0.00038858503,-11.853633,-19.85903,0.9181896,0.00042036854
8.797979,0.969697,0.00016322732,-0.00039921142,-11.578036,-19.094936,0.8599031,0.00043129217
8.797979,1.010101,0.00016595982,-0.00040936284,-11.295612,-18.331543,0.80209225,0.00044172458
8.797979,1.050505,0.00016850606,-0.00041905046,-11.006155,-17.568659,0.74490047,0.00045166092
8.797979,1.0909091,0.0001709275,-0.00042827055,-10.709478,-16.806084,0.6884433,0.00046112025
8.797979,1.1313131,0.00017320178,-0.00043702312,-10.405474,-16.043655,0.6328123,0.00047009368
8.797979,1.1717172,0.00017532706,-0.00044531003,-10.0940075,-15.281226,0.5780456,0.00047858187
8.797979,1.2121212,0.00017731078,-0.00045313314,-9.774992,-14.518753,0.5241487,0.0004865889
8.797979,1.2525252,0.00017917529,-0.00046050176,-9.448434,-13.75628,0.47109428,0.00049413124
8.797979,1.2929293,0.00018090382,-0.00046741404,-9.114336,-12.993935,0.41881976,0.0005012006
8.797979,1.3333334,0.00018250942,-0.00047387928,-8.772709,-12.231926,0.36726743,0.00050781027
8.797979,1.3737373,0.00018399023,-0.00047989003,-8.423576,-11.470571,0.31637573,0.00051395217
8.797979,1.4141414,0.0001853481,-0.00048544817,-8.066907,-10.710232,0.2660988,0.0005196286
8.797979,1.4545455,0.00018660724,-0.0004905816,-7.702593,-9.951337,0.21644036,0.0005248739
8.797979,1.4949495,0.00018774159,-0.00049526617,-7.330367,-9.194308,0.16754271,0.000529656
8.797979,1.5353535,0.00018876791,-0.000499513,-6.9497128,-8.439528,0.11967261,0.00053399114
8.797979,1.5757576,0.00018969737,-0.000503337,-6.559779,-7.6873264,0.073358156,0.00053789705
8.797979,1.6161616,0.00019051693,-0.0005067475,-6.1592617,-6.9379115,0.029403098,0.00054137764
8.797979,1.6565657,0.00019126013,-0.0005097408,-5.7463365,-6.19132,-0.01103762,0.0005444411
8.797979,1.6969697,0.00019192137,-0.00051234104,-5.318474,-5.447366,-0.046454165,0.000547108
8.797979,1.7373737,0.00019249506,-0.00051453896,-4.872525,-4.7056236,-0.075101614,0.0005493675
8.797979,1.7777778,0.00019304268,-0.0005163532,-4.405057,-3.9654253,-0.09530593,0.0005512586
8.797979,1.8181819,0.00019353442,-0.00051778555,-3.9128246,-3.2258668,-0.10604514,0.0005527725
8.797979,1.8585858,0.00019402616,-0.0005188398,-3.394118,-2.48618,-0.10774832,0.0005539322
8.797979,1.8989899,0.00019450672,-0.0005195029,-2.8504841,-1.7461953,-0.10329059,0.0005547217
8.797979,1.939394,0.00019499287,-0.0005197469,-2.2881668,-1.0066001,-0.098485775,0.00055512076
8.797979,1.979798,0.00019547343,-0.0005195271,-1.7180338,-0.2684992,-0.10170665,0.000555084
8.929293,0.04040404,5.4061413e-05,-3.748946e-05,-16.361118,-36.40797,1.8002744,6.578827e-05
8.929293,0.08080808,5.996041e-05,-5.8850273e-05,-16.209225,-35.653725,1.7703528,8.4015504e-05
8.929293,0.121212125,6.574392e-05,-7.9708174e-05,-16.05055,-34.898525,1.7403762,0.000103323066
8.929293,0.16161616,7.1398914e-05,-0.00010005571,-15.88531,-34.141895,1.7097768,0.00012291847
8.929293,0.2020202,7.691793e-05,-0.000119904056,-15.713707,-33.38354,1.6780769,0.00014245474
8.929293,0.24242425,8.2321465e-05,-0.00013925321,-15.535973,-32.623344,1.6448512,0.00016176613
8.929293,0.28282827,8.760765e-05,-0.00015809573,-15.3522625,-31.861238,1.6098083,0.00018074668
8.929293,0.32323232,9.2756e-05,-0.00017643161,-15.162773,-31.09735,1.5726827,0.00019932834
8.929293,0.36363637,9.778328e-05,-0.00019427203,-14.967661,-30.331875,1.5333254,0.00021749297
8.929293,0.4040404,0.00010265224,-0.00021160766,-14.767025,-29.565083,1.4916474,0.00023519201
8.929293,0.44444445,0.00010740012,-0.0002284497,-14.561035,-28.797358,1.4476328,0.00025243624
8.929293,0.4848485,0.000111995265,-0.00024478324,-14.349724,-28.02906,1.4013263,0.00026918724
8.929293,0.5252525,0.00011643022,-0.00026062503,-14.133171,-27.260643,1.3528366,0.00028544947
8.929293,0.56565654,0.00012074225,-0.00027596764,-13.911373,-26.492493,1.3023266,0.00030122555
8.929293,0.6060606,0.00012487732,-0.00029082224,-13.684365,-25.725027,1.2499915,0.00031649947
8.929293,0.64646465,0.00012887456,-0.00030518137,-13.452105,-24.958609,1.1960522,0.0003312768
8.929293,0.68686867,0.00013270229,-0.00031904876,-13.214518,-24.193521,1.14078,0.00034554594
8.929293,0.72727275,0.00013638474,-0.00033242628,-12.971483,-23.42995,1.084458,0.00035931607
8.929293,0.7676768,0.00013990514,-0.00034533255,-12.722948,-22.668112,1.0273519,0.00037259632
8.929293,0.8080808,0.00014327094,-0.00035774894,-12.4687195,-21.907967,0.96976304,0.00038537107
8.929293,0.8484849,0.000146484,-0.00036969595,-12.208667,-21.149517,0.91196907,0.000397659
8.929293,0.8888889,0.00014953874,-0.00038116612,-11.942603,-20.392637,0.8542434,0.00040945015
8.929293,0.9292929,0.00015245564,-0.00039215386,-11.670392,-19.637196,0.79681313,0.00042074622
8.929293,0.969697,0.00015522912,-0.00040269457,-11.391846,-18.882904,0.7399054,0.00043157735
8.929293,1.010101,0.00015784241,-0.000412751,-11.106833,-18.129536,0.6837056,0.00044190226
8.929293,1.050505,0.00016033463,-0.00042235665,-10.815231,-17.376825,0.6283643,0.00045176578
8.929293,1.0909091,0.00016268343,-0.00043149106,-10.51693,-16.62449,0.57399774,0.00046114036
8.929293,1.1313131,0.00016489625,-0.0004401654,-10.211851,-15.872334,0.520687,0.00047003868
8.929293,1.1717172,0.00016701221,-0.00044840202,-9.900037,-15.120209,0.4684543,0.00047849497
8.929293,1.2121212,0.0001689773,-0.00045617856,-9.581486,-14.368039,0.41730002,0.00048646913
8.929293,1.2525252,0.00017083623,-0.0004634969,-9.256239,-13.6158,0.36722437,0.00049397815
8.929293,1.2929293,0.00017258525,-0.00047037564,-8.9244585,-12.863663,0.31813464,0.0005010378
8.929293,1.3333334,0.00017421693,-0.00047680177,-8.586187,-12.111784,0.27000824,0.0005076332
8.929293,1.3737373,0.00017576106,-0.00048278272,-8.241652,-11.360518,0.22276692,0.0005137812
8.929293,1.4141414,0.00017718598,-0.00048832595,-7.8908663,-10.610249,0.17640854,0.0005194777
8.929293,1.4545455,0.00017852895,-0.0004934333,-7.533862,-9.861393,0.131004,0.0005247371
8.929293,1.4949495,0.00017975271,-0.00049810484,-7.1704993,-9.114444,0.08672097,0.00052954647
8.929293,1.5353535,0.00018089637,-0.00050235353,-6.80044,-8.369887,0.043928202,0.00053393125
8.929293,1.5757576,0.00018195622,-0.00050618313,-6.4229674,-7.6281343,0.0032286574,0.0005378935
8.929293,1.6161616,0.00018293597,-0.0005095862,-6.0370107,-6.889548,-0.03445017,0.0005414274
8.929293,1.6565657,0.00018383935,-0.0005125925,-5.640887,-6.154326,-0.06784235,0.0005445622
8.929293,1.6969697,0.0001846794,-0.00051519834,-5.23225,-5.4224205,-0.09533173,0.00054729864
8.929293,1.7373737,0.00018546358,-0.00051740557,-4.808097,-4.6935024,-0.11513043,0.00054964103
8.929293,1.7777778,0.00018622726,-0.0005192328,-4.36487,-3.966818,-0.12558791,0.0005516188
8.929293,1.8181819,0.00018697046,-0.0005206764,-3.8990881,-3.241248,-0.12582594,0.00055322854
8.929293,1.8585858,0.00018771738,-0.0005217511,-3.4084098,-2.5155926,-0.11659878,0.0005544926
8.929293,1.8989899,0.00018849038,-0.0005224347,-2.8933482,-1.7890222,-0.10118234,0.0005553977
8.929293,1.939394,0.0001892969,-0.0005227048,-2.3589938,-1.0617077,-0.08584091,0.00055592594
8.929293,1.979798,0.00019011647,-0.00052250363,-1.8150995,-0.3344785,-0.07922958,0.00055601646
9.060606,0.04040404,5.2196905e-05,-4.42788e-05,-16.285862,-36.12652,1.6959708,6.8448004e-05
9.060606,0.08080808,5.769357e-05,-6.545894e-05,-16.126415,-35.37663,1.667015,8.725492e-05
9.060606,0.121212125,6.308779e-05,-8.614734e-05,-15.960627,-34.6252,1.6376326,0.000106777494
9.060606,0.16161616,6.8372115e-05,-0.00010632165,-15.788663,-33.87193,1.6073154,0.00012640822
9.060606,0.2020202,7.3546544e-05,-0.00012600422,-15.61072,-33.1167,1.5756285,0.00014589776
9.060606,0.24242425,7.8611076e-05,-0.00014519691,-15.426961,-32.359455,1.542235,0.00016511162
9.060606,0.28282827,8.355826e-05,-0.00016387366,-15.237529,-31.600327,1.5068727,0.00018394715
9.060606,0.32323232,8.838251e-05,-0.00018206425,-15.042576,-30.839554,1.4693592,0.00020238296
9.060606,0.36363637,9.309128e-05,-0.00019975193,-14.842208,-30.077372,1.4295769,0.0002203788
9.060606,0.4040404,9.766966e-05,-0.00021693297,-14.636516,-29.314201,1.3875072,0.00023790602
9.060606,0.44444445,0.00010212138,-0.00023363158,-14.425576,-28.550455,1.3431686,0.0002549755
9.060606,0.4848485,0.000106446445,-0.00024983846,-14.209463,-27.78658,1.2966458,0.0002715697
9.060606,0.5252525,0.00011063367,-0.00026554614,-13.988233,-27.023056,1.2480785,0.00028767093
9.060606,0.56565654,0.00011468306,-0.0002807621,-13.761869,-26.260292,1.1976597,0.00030328133
9.060606,0.6060606,0.0001185853,-0.0002954956,-13.530373,-25.498688,1.1456048,0.00031840245
9.060606,0.64646465,0.0001223553,-0.00030973554,-13.293724,-24.738575,1.0921664,0.00033302692
9.060606,0.68686867,0.00012597814,-0.00032349862,-13.051847,-23.980206,1.0376252,0.00034716257
9.060606,0.72727275,0.00012946501,-0.00033678114,-12.804732,-23.223799,0.98225355,0.00036080842
9.060606,0.7676768,0.00013281032,-0.0003495831,-12.552221,-22.46939,0.9263402,0.00037396114
9.060606,0.8080808,0.00013601221,-0.00036191754,-12.294263,-21.716991,0.8701901,0.00038663112
9.060606,0.8484849,0.00013907254,-0.000373777,-12.030713,-20.966526,0.8140654,0.00039881124
9.060606,0.8888889,0.00014200434,-0.00038517267,-11.761511,-20.217842,0.75821537,0.0004105158
9.060606,0.9292929,0.0001448039,-0.00039609522,-11.48649,-19.470667,0.702882,0.00042173403
9.060606,0.969697,0.00014748052,-0.00040657073,-11.205584,-18.724758,0.6482759,0.0004324931
9.060606,1.010101,0.00015001744,-0.00041657872,-10.918716,-17.979813,0.59456384,0.00044276752
9.060606,1.050505,0.00015244074,-0.00042613223,-10.6258135,-17.235514,0.5418872,0.000452578
9.060606,1.0909091,0.00015472993,-0.00043522753,-10.32686,-16.491594,0.49034932,0.0004619138
9.060606,1.1313131,0.00015691482,-0.00044387393,-10.021868,-15.747813,0.4399998,0.0004707933
9.060606,1.1717172,0.00015898235,-0.0004520733,-9.710878,-15.003975,0.3908736,0.00047921357
9.060606,1.2121212,0.0001609698,-0.00045982562,-9.394007,-14.260002,0.34294996,0.00048718668
9.060606,1.2525252,0.00016282313,-0.0004671272,-9.071395,-13.515886,0.29619506,0.000494691
9.060606,1.2929293,0.00016460381,-0.00047399104,-8.743158,-12.771703,0.2505648,0.0005017588
9.060606,1.3333334,0.00016627088,-0.00048040785,-8.40958,-12.027709,0.20597415,0.00050836767
9.060606,1.3737373,0.00016784482,-0.0004863944,-8.070792,-11.284172,0.1623984,0.00051454
9.060606,1.4141414,0.00016934052,-0.0004919339,-7.726972,-10.54148,0.119839065,0.0005202645
9.060606,1.4545455,0.0001707524,-0.000497045,-7.378176,-9.8000765,0.078397594,0.00052555697
9.060606,1.4949495,0.00017207302,-0.0005017221,-7.024416,-9.060502,0.0382901,0.00053040945
9.060606,1.5353535,0.00017331913,-0.0005059745,-6.665438,-8.32329,-6.295377e-05,0.0005348362
9.060606,1.5757576,0.00017447956,-0.00050981157,-6.3006654,-7.5889654,-0.035974953,0.0005388422
9.060606,1.6161616,0.00017558411,-0.0005132314,-5.9291596,-6.857984,-0.068442225,0.00054243545
9.060606,1.6565657,0.0001766216,-0.000516247,-5.5494018,-6.130708,-0.09611141,0.0005456245
9.060606,1.6969697,0.00017761625,-0.00051886216,-5.159221,-5.4072504,-0.117314495,0.0005484209
9.060606,1.7373737,0.00017856248,-0.00052108243,-4.7556443,-4.687358,-0.13024732,0.00055082794
9.060606,1.7777778,0.00017949753,-0.00052291714,-4.335071,-3.970256,-0.13330576,0.0005528668
9.060606,1.8181819,0.00018044561,-0.0005243812,-3.8937278,-3.2547078,-0.12578498,0.00055455946
9.060606,1.8585858,0.00018139184,-0.00052546896,-3.4287007,-2.5391276,-0.10869403,0.0005558962
9.060606,1.8989899,0.00018239766,-0.0005261544,-2.9396534,-1.8223389,-0.085647956,0.00055687287
9.060606,1.939394,0.00018343888,-0.0005264431,-2.4305928,-1.1040996,-0.06316447,0.00055748736
9.060606,1.979798,0.0001845248,-0.00052624755,-1.9103608,-0.38519624,-0.049991343,0.00055766106
9.191919,0.04040404,5.0233677e-05,-5.045347e-05,-16.215181,-35.90103,1.6035486,7.119674e-05
9.191919,0.08080808,5.5357814e-05,-7.150695e-05,-16.048101,-35.154793,1.5754538,9.043081e-05
9.191919,0.121212125,6.0386956e-05,-9.2046335e-05,-15.875001,-34.406574,1.5466473,0.00011008684
9.191919,0.16161616,6.5336004e-05,-0.000112093985,-15.696082,-33.656265,1.5166776,0.00012974534
9.191919,0.2020202,7.016584e-05,-0.0001316499,-15.511478,-32.903847,1.4851625,0.0001491809
9.191919,0.24242425,7.490255e-05,-0.0001507122,-15.321331,-32.149433,1.4518472,0.00016829903
9.191919,0.28282827,7.953867e-05,-0.00016927533,-15.125747,-31.393219,1.4165038,0.00018703085
9.191919,0.32323232,8.405186e-05,-0.0001873523,-14.924856,-30.635489,1.3790139,0.00020534264
9.191919,0.36363637,8.847006e-05,-0.00020492263,-14.718751,-29.876678,1.3393205,0.00022320448
9.191919,0.4040404,9.276532e-05,-0.00022201426,-14.507522,-29.117216,1.2974195,0.00024061532
9.191919,0.44444445,9.694323e-05,-0.00023860112,-14.29121,-28.35751,1.2533996,0.00025754317
9.191919,0.4848485,0.00010100752,-0.00025470927,-14.069896,-27.598078,1.2073599,0.00027400607
9.191919,0.5252525,0.00010495074,-0.00027032197,-13.843627,-26.839397,1.1594591,0.00028998038
9.191919,0.56565654,0.00010877475,-0.00028545596,-13.612385,-26.08182,1.1099259,0.0003054784
9.191919,0.6060606,0.00011245906,-0.0003001094,-13.376211,-25.32576,1.0589741,0.0003204882
9.191919,0.64646465,0.000116016716,-0.00031427294,-13.135074,-24.57149,1.0068877,0.0003350035
9.191919,0.68686867,0.0001194682,-0.00032796897,-12.888976,-23.819242,0.95390725,0.00034905056
9.191919,0.72727275,0.00012277067,-0.00034118816,-12.637856,-23.069153,0.90033466,0.00036260445
9.191919,0.7676768,0.00012595765,-0.00035392493,-12.381696,-22.321262,0.8464464,0.00037567032
9.191919,0.8080808,0.00012900867,-0.00036620535,-12.120396,-21.575499,0.792516,0.00038826486
9.191919,0.8484849,0.0001319386,-0.0003780201,-11.853901,-20.83172,0.73880893,0.00040038355
9.191919,0.8888889,0.00013474561,-0.0003893692,-11.582198,-20.089767,0.68556845,0.0004120252
9.191919,0.9292929,0.00013745762,-0.00040027127,-11.305186,-19.349356,0.63299423,0.00042321588
9.191919,0.969697,0.00014002807,-0.0004107114,-11.022806,-18.610155,0.5812993,0.00043392595
9.191919,1.010101,0.00014249794,-0.00042069517,-10.735081,-17.87188,0.5306153,0.0004441735
9.191919,1.050505,0.00014485791,-0.0004302319,-10.441967,-17.134209,0.4810646,0.000453964
9.191919,1.0909091,0.00014710985,-0.0004393123,-10.143502,-16.39681,0.4327359,0.00046328892
9.191919,1.1313131,0.00014926866,-0.00044795312,-9.8397455,-15.659477,0.38565227,0.00047216853
9.191919,1.1717172,0.00015132502,-0.00045613945,-9.530785,-14.921995,0.3398398,0.00048058553
9.191919,1.2121212,0.00015328825,-0.0004638899,-9.216792,-14.184276,0.2952486,0.0004885603
9.191919,1.2525252,0.00015515089,-0.0004712008,-8.8979025,-13.446276,0.25185782,0.00049608666
9.191919,1.2929293,0.00015694462,-0.00047806092,-8.57433,-12.708079,0.2095723,0.00050316384
9.191919,1.3333334,0.00015863776,-0.00048449263,-8.246318,-11.969875,0.16834116,0.00050980295
9.191919,1.3737373,0.00016027316,-0.00049048476,-7.9140606,-11.231948,0.12812752,0.00051600655
9.191919,1.4141414,0.00016181357,-0.0004960317,-7.577791,-10.49465,0.08894198,0.0005217577
9.191919,1.4545455,0.00016328692,-0.0005011596,-7.2376037,-9.7584505,0.05090142,0.0005270897
9.191919,1.4949495,0.000164669,-0.0005058516,-6.893548,-9.023879,0.014258685,0.000531979
9.191919,1.5353535,0.00016600639,-0.0005101226,-6.545446,-8.291501,-0.020515556,0.0005364543
9.191919,1.5757576,0.00016725436,-0.000513969,-6.1928563,-7.561951,-0.05268368,0.00054049806
9.191919,1.6161616,0.00016844273,-0.0005173981,-5.8349223,-6.8357816,-0.08118794,0.0005441266
9.191919,1.6565657,0.00016959943,-0.0005204268,-5.4702425,-6.11347,-0.10462162,0.0005473646
9.191919,1.6969697,0.00017070025,-0.000523055,-5.0967627,-5.395279,-0.12129305,0.0005502046
9.191919,1.7373737,0.00017177872,-0.0005252864,-4.711561,-4.681022,-0.12938471,0.0005526606
9.191919,1.7777778,0.00017284788,-0.0005271379,-4.311002,-3.9699724,-0.1274005,0.0005547529
9.191919,1.8181819,0.00017392635,-0.0005286038,-3.8910084,-3.2607465,-0.11476653,0.0005564821
9.191919,1.8585858,0.00017504208,-0.00052968785,-3.4482358,-2.5516148,-0.09273161,0.00055786106
9.191919,1.8989899,0.0001762025,-0.00053039193,-2.9815583,-1.8410815,-0.06508995,0.0005588944
9.191919,1.939394,0.00017742068,-0.000530662,-2.494116,-1.1287967,-0.0385156,0.00055953575
9.191919,1.979798,0.00017869845,-0.0005304795,-1.9940883,-0.4156395,-0.021626957,0.0005597692
9.323233,0.04040404,4.824251e-05,-5.6035817e-05,-16.14731,-35.725266,1.5209411,7.394155e-05
9.323233,0.08080808,5.3012744e-05,-7.696636e-05,-15.972395,-34.98204,1.4936711,9.345679e-05
9.323233,0.121212125,5.7708472e-05,-9.741075e-05,-15.791776,-34.23662,1.4654809,0.00011322156
9.323233,0.16161616,6.2309206e-05,-0.00011736527,-15.605606,-33.488934,1.4359766,0.00013287981
9.323233,0.2020202,6.682612e-05,-0.00013682619,-15.414038,-32.73912,1.4048467,0.00015227323
9.323233,0.24242425,7.124618e-05,-0.00015580282,-15.217174,-31.987358,1.371875,0.00017131999
9.323233,0.28282827,7.557683e-05,-0.00017428026,-15.01512,-31.233944,1.3369268,0.00018996175
9.323233,0.32323232,7.981807e-05,-0.00019227341,-14.808011,-30.479288,1.2998888,0.00020818258
9.323233,0.36363637,8.395687e-05,-0.00020976923,-14.59591,-29.723793,1.260757,0.00022594664
9.323233,0.4040404,8.799322e-05,-0.00022678636,-14.378924,-28.967937,1.2195845,0.00024325884
9.323233,0.44444445,9.191781e-05,-0.00024331547,-14.15709,-28.21216,1.1764504,0.00026009866
9.323233,0.4848485,9.574555e-05,-0.00025935285,-13.930481,-27.456936,1.1315275,0.00027646177
9.323233,0.5252525,9.9454075e-05,-0.00027490966,-13.699178,-26.702726,1.0849448,0.00029234643
9.323233,0.56565654,0.00010305643,-0.00028999336,-13.463185,-25.949915,1.0369529,0.00030776093
9.323233,0.6060606,0.00010655075,-0.00030458719,-13.222525,-25.198782,0.9877903,0.00032268625
9.323233,0.64646465,0.00010991469,-0.00031871907,-12.977268,-24.449644,0.93768466,0.00033713956
9.323233,0.68686867,0.000113178045,-0.00033237413,-12.727368,-23.702625,0.8869219,0.00035111513
9.323233,0.72727275,0.000116333365,-0.00034555793,-12.472819,-22.957842,0.83576465,0.0003646145
9.323233,0.7676768,0.0001193732,-0.00035828352,-12.21364,-22.215263,0.78447765,0.0003776467
9.323233,0.8080808,0.00012229197,-0.0003705267,-11.949776,-21.474834,0.73331964,0.0003901863
9.323233,0.8484849,0.0001251027,-0.0003823284,-11.681221,-20.736368,0.6825341,0.00040227565
9.323233,0.8888889,0.00012781657,-0.0003936682,-11.40795,-19.999636,0.63233775,0.0004138982
9.323233,0.9292929,0.00013041869,-0.00040455535,-11.129944,-19.264376,0.58292097,0.00042505772
9.323233,0.969697,0.00013292208,-0.00041498616,-10.847203,-18.530275,0.53444725,0.00043575428
9.323233,1.010101,0.00013531558,-0.00042496994,-10.559717,-17.797003,0.48704627,0.000445993
9.323233,1.050505,0.00013762154,-0.00043450482,-10.267528,-17.064234,0.4408195,0.0004557786
9.323233,1.0909091,0.0001398325,-0.00044359453,-9.970688,-16.33169,0.3958103,0.00046511207
9.323233,1.1313131,0.00014195964,-0.00045224465,-9.669279,-15.599098,0.35205027,0.00047400186
9.323233,1.1717172,0.00014399737,-0.00046044216,-9.363427,-14.866293,0.30951568,0.00048243365
9.323233,1.2121212,0.00014595687,-0.00046820752,-9.053254,-14.133107,0.26817062,0.0004904301
9.323233,1.2525252,0.00014782883,-0.00047552958,-8.738981,-13.399549,0.2279364,0.00049797766
9.323233,1.2929293,0.00014962815,-0.00048241206,-8.420798,-12.665629,0.18874282,0.0005050841
9.323233,1.3333334,0.00015134364,-0.0004888531,-8.098945,-11.931525,0.15051837,0.0005117443
9.323233,1.3737373,0.00015300326,-0.00049486384,-7.7736487,-11.197489,0.11320989,0.00051797705
9.323233,1.4141414,0.0001545772,-0.000500435,-7.4451003,-10.463814,0.07685295,0.0005237645
9.323233,1.4545455,0.0001561027,-0.0005055815,-7.1134562,-9.731007,0.041562587,0.000529132
9.323233,1.4949495,0.00015754066,-0.0005102977,-6.7787747,-8.999544,0.007625633,0.00053406256
9.323233,1.5353535,0.00015892275,-0.00051457435,-6.4409122,-8.270046,-0.024463555,0.0005385566
9.323233,1.5757576,0.0001602415,-0.0005184449,-6.099493,-7.5431643,-0.05393061,0.00054264395
9.323233,1.6161616,0.00016151741,-0.0005218927,-5.7537704,-6.819587,-0.07967669,0.00054631475
9.323233,1.6565657,0.00016273744,-0.00052493624,-5.4024253,-6.099868,-0.10027382,0.00054958306
9.323233,1.6969697,0.00016392581,-0.00052756444,-5.04348,-5.384375,-0.1140061,0.00055244536
9.323233,1.7373737,0.00016508438,-0.00052980706,-4.674037,-4.673011,-0.119121425,0.00055493094
9.323233,1.7777778,0.00016625598,-0.0005316641,-4.2903967,-3.9650607,-0.11418455,0.0005570528
9.323233,1.8181819,0.00016742386,-0.00053313,-3.8883018,-3.2590852,-0.09877274,0.0005588008
9.323233,1.8585858,0.00016864203,-0.00053421594,-3.463949,-2.553213,-0.074281216,0.00056020246
9.323233,1.8989899,0.00016991422,-0.000534907,-3.0156398,-1.8458797,-0.04463332,0.0005612453
9.323233,1.939394,0.00017126277,-0.00053517893,-2.545872,-1.1367509,-0.016469747,0.00056191406
9.323233,1.979798,0.00017264858,-0.00053496845,-2.0622861,-0.4269752,0.0018005137,0.0005621377
9.454545,0.04040404,4.624948e-05,-6.099604e-05,-16.079998,-35.59343,1.4459959,7.654758e-05
9.454545,0.08080808,5.0691888e-05,-8.186512e-05,-15.897114,-34.852764,1.419557,9.628897e-05
9.454545,0.121212125,5.505979e-05,-0.000102235004,-15.708806,-34.109688,1.3920691,0.000116118805
9.454545,0.16161616,5.9351325e-05,-0.00012213923,-15.51524,-33.36431,1.3631904,0.00013579607
9.454545,0.2020202,6.35609e-05,-0.00014153123,-15.316554,-32.616856,1.3326834,0.00015514856
9.454545,0.24242425,6.771088e-05,-0.00016044453,-15.112866,-31.867563,1.3003659,0.00017414709
9.454545,0.28282827,7.1765855e-05,-0.00017887726,-14.904309,-31.116829,1.2661445,0.00019273664
9.454545,0.32323232,7.572584e-05,-0.00019681454,-14.690942,-30.365023,1.2299765,0.00021087998
9.454545,0.36363637,7.9603866e-05,-0.00021427311,-14.472902,-29.612627,1.1918617,0.00022858202
9.454545,0.4040404,8.339062e-05,-0.00023124367,-14.250288,-28.860136,1.1518787,0.00024582032
9.454545,0.44444445,8.70917e-05,-0.00024773553,-14.023142,-28.107937,1.1101526,0.00026259827
9.454545,0.4848485,9.069219e-05,-0.00026375055,-13.791564,-27.356499,1.0668322,0.00027890757
9.454545,0.5252525,9.418838e-05,-0.0002792757,-13.555627,-26.606243,1.0220907,0.00029473103
9.454545,0.56565654,9.7595155e-05,-0.00029433705,-13.315383,-25.857489,0.9761455,0.00031009532
9.454545,0.6060606,0.00010088459,-0.00030890666,-13.070872,-25.110535,0.929238,0.00032496313
9.454545,0.64646465,0.000104088336,-0.00032302737,-12.822114,-24.365583,0.8816079,0.00033938338
9.454545,0.68686867,0.00010718778,-0.00033666752,-12.56918,-23.622782,0.8335021,0.0003533189
9.454545,0.72727275,0.000110192224,-0.00034984574,-12.312069,-22.882143,0.7851665,0.00036678926
9.454545,0.7676768,0.00011309236,-0.00036255643,-12.0508,-22.143675,0.7368527,0.00037978552
9.454545,0.8080808,0.00011589378,-0.0003748145,-11.785345,-21.407232,0.68878925,0.00039232292
9.454545,0.8484849,0.00011859462,-0.00038661808,-11.51575,-20.672665,0.64120764,0.0004043986
9.454545,0.8888889,0.00012120046,-0.0003979616,-11.242008,-19.939764,0.59427434,0.00041600838
9.454545,0.9292929,0.00012371689,-0.00040885806,-10.964103,-19.208202,0.54818386,0.000427166
9.454545,0.969697,0.00012614764,-0.0004192982,-10.682067,-18.477736,0.5030582,0.00043786323
9.454545,1.010101,0.00012847967,-0.00042929687,-10.395922,-17.74801,0.45900977,0.00044811028
9.454545,1.050505,0.00013073161,-0.0004388485,-10.105718,-17.018724,0.41610435,0.00045790695
9.454545,1.0909091,0.000132896,-0.00044796243,-9.811499,-16.289593,0.37437692,0.00046725976
9.454545,1.1313131,0.00013501011,-0.00045663305,-9.513354,-15.560354,0.33382925,0.00047617377
9.454545,1.1717172,0.00013701431,-0.00046485476,-9.211413,-14.830816,0.29442322,0.00048462654
9.454545,1.2121212,0.00013895147,-0.00047263317,-8.905843,-14.100865,0.25608492,0.00049263536
9.454545,1.2525252,0.00014083087,-0.00047997944,-8.596774,-13.3704,0.21875224,0.00050021353
9.454545,1.2929293,0.00014263205,-0.00048689172,-8.28441,-12.63946,0.18231115,0.00050735334
9.454545,1.3333334,0.00014435872,-0.0004933607,-7.968971,-11.908133,0.14669386,0.00051404693
9.454545,1.3737373,0.00014602765,-0.0004993938,-7.6506877,-11.176656,0.11184113,0.0005203059
9.454545,1.4141414,0.00014763139,-0.0005049817,-7.329722,-10.445313,0.07778212,0.0005261193
9.454545,1.4545455,0.00014916435,-0.00051014684,-7.0062203,-9.714504,0.044635594,0.0005315071
9.454545,1.4949495,0.00015064515,-0.0005148817,-6.680269,-8.984757,0.012713849,0.00053646724
9.454545,1.5353535,0.00015206449,-0.0005191937,-6.35174,-8.256679,-0.017474715,0.00054100435
9.454545,1.5757576,0.00015343167,-0.00052307174,-6.0203,-7.530957,-0.045137037,0.0005451104
9.454545,1.6161616,0.00015474483,-0.00052653253,-5.6852407,-6.808335,-0.06915351,0.0005488009
9.454545,1.6565657,0.0001560133,-0.00052958727,-5.34533,-6.089465,-0.0880764,0.00055208954
9.454545,1.6969697,0.00015724823,-0.0005322322,-4.998606,-5.374763,-0.10022158,0.0005549758
9.454545,1.7373737,0.00015847012,-0.00053447485,-4.6422596,-4.664241,-0.10387487,0.000557473
9.454545,1.7777778,0.00015969388,-0.0005363226,-4.27248,-3.9571319,-0.097703025,0.00055959274
9.454545,1.8181819,0.00016092882,-0.0005377978,-3.884823,-3.2519774,-0.08139124,0.0005613596
9.454545,1.8585858,0.00016220473,-0.0005388763,-3.4751604,-2.5468442,-0.05644943,0.0005627593
9.454545,1.8989899,0.00016355142,-0.00053954683,-3.0413673,-1.840174,-0.026828548,0.0005637906
9.454545,1.939394,0.0001649484,-0.0005398076,-2.5854416,-1.1318588,0.0009507567,0.00056444685
9.454545,1.979798,0.00016640872,-0.00053958036,-2.114693,-0.4234006,0.018832061,0.00056465814
9.585858,0.04040404,4.430674e-05,-6.5406784e-05,-16.011292,-35.500225,1.3765801,7.9000856e-05
9.585858,0.08080808,4.8438087e-05,-8.6229295e-05,-15.820431,-34.76158,1.3510383,9.890268e-05
9.585858,0.121212125,5.2511692e-05,-0.000106558204,-15.62449,-34.020428,1.3243797,0.00011879448
9.585858,0.16161616,5.650334e-05,-0.00012640655,-15.423628,-33.27702,1.2963175,0.00013846025
9.585858,0.2020202,6.043911e-05,-0.00014577433,-15.217987,-32.531593,1.2666745,0.00015780698
9.585858,0.24242425,6.43041e-05,-0.00016465783,-15.007648,-31.784464,1.2353119,0.00017676882
9.585858,0.28282827,6.809831e-05,-0.00018306077,-14.792806,-31.036093,1.2021506,0.00019531672
9.585858,0.32323232,7.181056e-05,-0.00020098314,-14.573554,-30.286861,1.1671896,0.00021342676
9.585858,0.36363637,7.545203e-05,-0.00021842495,-14.349994,-29.537222,1.1304746,0.00023108974
9.585858,0.4040404,7.8998506e-05,-0.00023537502,-14.122214,-28.787643,1.0920827,0.0002482784
9.585858,0.44444445,8.2476065e-05,-0.0002518557,-13.890334,-28.038515,1.0521486,0.00026501622
9.585858,0.4848485,8.586235e-05,-0.00026785955,-13.654426,-27.290277,1.0108205,0.0002812847
9.585858,0.5252525,8.918345e-05,-0.00028339215,-13.414573,-26.543272,0.96828395,0.0002970939
9.585858,0.56565654,9.239465e-05,-0.00029844604,-13.170847,-25.79781,0.924755,0.0003124209
9.585858,0.6060606,9.552017e-05,-0.0003130231,-12.923299,-25.054098,0.8804507,0.00032727292
9.585858,0.64646465,9.854883e-05,-0.00032714754,-12.672028,-24.312384,0.83558345,0.00034166852
9.585858,0.68686867,0.000101502985,-0.000340797,-12.417008,-23.572712,0.79039484,0.0003555917
9.585858,0.72727275,0.00010436028,-0.00035399757,-12.158334,-22.835114,0.7451181,0.00036906012
9.585858,0.7676768,0.000107130036,-0.00036672503,-11.895992,-22.099573,0.6999715,0.00038205247
9.585858,0.8080808,0.00010981038,-0.00037899055,-11.630014,-21.365934,0.65515834,0.00039457847
9.585858,0.8484849,0.000112410635,-0.00039081275,-11.360404,-20.634047,0.61087936,0.00040665804
9.585858,0.8888889,0.000114925206,-0.00040217862,-11.087205,-19.9037,0.56729734,0.00041827673
9.585858,0.9292929,0.000117354095,-0.00041309372,-10.810411,-19.174623,0.5245525,0.00042943962
9.585858,0.969697,0.000119699165,-0.0004235655,-10.530071,-18.446562,0.48276198,0.0004401541
9.585858,1.010101,0.00012197532,-0.0004335977,-10.246171,-17.719172,0.4420161,0.00045042753
9.585858,1.050505,0.00012418069,-0.00044317357,-9.958774,-16.992197,0.40234235,0.00046024303
9.585858,1.0909091,0.0001263097,-0.00045230798,-9.6679325,-16.265337,0.36377323,0.0004696133
9.585858,1.1313131,0.00012836233,-0.00046100095,-9.373754,-15.538375,0.32627591,0.00047853816
9.585858,1.1717172,0.00013033487,-0.00046924502,-9.076297,-14.811062,0.28979117,0.0004870093
9.585858,1.2121212,0.00013226457,-0.0004770644,-8.775713,-14.083278,0.25423998,0.00049505994
9.585858,1.2525252,0.00013411418,-0.00048443675,-8.472148,-13.354924,0.21951804,0.00050265854
9.585858,1.2929293,0.00013590045,-0.00049136765,-8.165759,-12.625982,0.18551919,0.00050981477
9.585858,1.3333334,0.00013764575,-0.00049787015,-7.8567305,-11.896484,0.15215227,0.0005165472
9.585858,1.3737373,0.00013930723,-0.00050392747,-7.545248,-11.166632,0.11935805,0.00052282825
9.585858,1.4141414,0.00014091842,-0.0005095415,-7.2314816,-10.436658,0.08715221,0.00052866864
9.585858,1.4545455,0.00014246628,-0.0005147252,-6.915554,-9.706916,0.05566993,0.00053407747
9.585858,1.4949495,0.00014396198,-0.00051948614,-6.597529,-8.977933,0.025209485,0.0005390649
9.585858,1.5353535,0.00014539249,-0.0005238205,-6.277293,-8.250283,-0.0036928472,0.0005436239
9.585858,1.5757576,0.0001467783,-0.00052772276,-5.9545255,-7.524702,-0.030245466,0.0005477547
9.585858,1.6161616,0.00014810264,-0.00053119287,-5.6285777,-6.801958,-0.05331123,0.00055145286
9.585858,1.6565657,0.00014940649,-0.00053425133,-5.298253,-6.0827713,-0.07146253,0.0005547493
9.585858,1.6969697,0.00015066564,-0.0005369112,-4.961626,-5.367605,-0.08304734,0.00055765023
9.585858,1.7373737,0.00015191175,-0.0005391538,-4.6158686,-4.656474,-0.08640258,0.0005601464
9.585858,1.7777778,0.00015315786,-0.0005410146,-4.2571087,-3.9486127,-0.08029202,0.0005622758
9.585858,1.8181819,0.00015442446,-0.0005424749,-3.880777,-3.2424908,-0.06450571,0.00056402653
9.585858,1.8585858,0.00015573949,-0.0005435534,-3.4824424,-2.536193,-0.04062085,0.0005654247
9.585858,1.8989899,0.0001571048,-0.0005442165,-3.0596807,-1.8282443,-0.012554893,0.0005664393
9.585858,1.939394,0.00015852787,-0.0005444456,-2.6141672,-1.1188433,0.013400591,0.0005670556
9.585858,1.979798,0.0001600124,-0.00054419786,-2.1530678,-0.41008514,0.029591873,0.00056723476
9.717172,0.04040404,4.2451546e-05,-6.9273636e-05,-15.940027,-35.440407,1.3107477,8.1246355e-05
9.717172,0.08080808,4.6296045e-05,-9.0073794e-05,-15.741469,-34.703205,1.2862183,0.000101274934
9.717172,0.121212125,5.0086528e-05,-0.000110389665,-15.538239,-33.963547,1.2605406,0.00012122103
9.717172,0.16161616,5.3804368e-05,-0.00013023056,-15.330437,-33.221626,1.2335187,0.00014090745
9.717172,0.2020202,5.7483092e-05,-0.00014959276,-15.118271,-32.47785,1.204967,0.00016025698
9.717172,0.24242425,6.107986e-05,-0.00016847067,-14.901836,-31.732533,1.174817,0.00017920132
9.717172,0.28282827,6.46431e-05,-0.00018686242,-14.681304,-30.986107,1.14301,0.00019772783
9.717172,0.32323232,6.811693e-05,-0.00020478666,-14.456767,-30.238976,1.1095734,0.00021581819
9.717172,0.36363637,7.153675e-05,-0.0002222266,-14.228386,-29.491617,1.0745473,0.000233457
9.717172,0.4040404,7.487461e-05,-0.00023918785,-13.996222,-28.744402,1.0380484,0.00025063328
9.717172,0.44444445,7.8132376e-05,-0.00025567785,-13.7604,-27.997723,1.0001968,0.00026734965
9.717172,0.4848485,8.133985e-05,-0.00027169846,-13.521023,-27.251991,0.96114373,0.0002836128
9.717172,0.5252525,8.4448606e-05,-0.00028723106,-13.278179,-26.507492,0.92106736,0.0002993881
9.717172,0.56565654,8.748472e-05,-0.0003023129,-13.03193,-25.764484,0.8801709,0.0003147168
9.717172,0.6060606,9.045005e-05,-0.00031691603,-12.782341,-25.02317,0.8386537,0.0003295709
9.717172,0.64646465,9.3327835e-05,-0.00033106096,-12.529481,-24.28373,0.7967173,0.00034396432
9.717172,0.68686867,9.612925e-05,-0.00034473278,-12.273402,-23.546215,0.75458616,0.0003578848
9.717172,0.72727275,9.884685e-05,-0.00035794638,-12.014127,-22.810658,0.71246904,0.00037134392
9.717172,0.7676768,0.000101495534,-0.0003707111,-11.751692,-22.076979,0.6705524,0.0003843541
9.717172,0.8080808,0.00010406785,-0.000383012,-11.486134,-21.345104,0.6290245,0.00039689837
9.717172,0.8484849,0.00010656193,-0.00039486028,-11.217455,-20.614857,0.58805645,0.00040898667
9.717172,0.8888889,0.00010897592,-0.00040625967,-10.94568,-19.886065,0.54778826,0.00042062177
9.717172,0.9292929,0.000111319125,-0.00041720644,-10.670826,-19.15848,0.50834775,0.00043180224
9.717172,0.969697,0.00011358969,-0.00042771734,-10.392897,-18.431833,0.4698134,0.0004425435
9.717172,1.010101,0.0001157932,-0.00043777376,-10.111913,-17.705837,0.4322631,0.00045282883
9.717172,1.050505,0.00011792779,-0.0004473757,-9.827921,-16.980274,0.39570448,0.0004626575
9.717172,1.0909091,0.000120008364,-0.0004565511,-9.540976,-16.254854,0.36013404,0.00047206026
9.717172,1.1313131,0.00012201071,-0.000465272,-9.25111,-15.529315,0.32550934,0.00048100378
9.717172,1.1717172,0.00012395903,-0.00047355518,-8.95842,-14.803456,0.29175636,0.0004895103
9.717172,1.2121212,0.00012584217,-0.0004814025,-8.662998,-14.077108,0.25877437,0.00049757876
9.717172,1.2525252,0.00012766756,-0.0004887972,-8.364953,-13.350125,0.22643891,0.0005051947
9.717172,1.2929293,0.00012943335,-0.0004957691,-8.064415,-12.622482,0.19463238,0.00051238656
9.717172,1.3333334,0.0001311563,-0.00050229207,-7.761553,-11.894175,0.16323873,0.00051913323
9.717172,1.3737373,0.00013281591,-0.0005083773,-7.456499,-11.165301,0.13220698,0.0005254404
9.717172,1.4141414,0.00013441034,-0.00051402673,-7.149392,-10.436062,0.1015384,0.00053130934
9.717172,1.4545455,0.0001359526,-0.0005192403,-6.8403344,-9.706802,0.07135952,0.0005367435
9.717172,1.4949495,0.00013745017,-0.0005240198,-6.529353,-8.97796,0.041977223,0.00054174656
9.717172,1.5353535,0.00013887323,-0.0005283654,-6.2163663,-8.250155,0.013922313,0.000546311
9.717172,1.5757576,0.00014025718,-0.0005322788,-5.9010367,-7.5241065,-0.011991016,0.0005504478
9.717172,1.6161616,0.0001416076,-0.00053577684,-5.582746,-6.800606,-0.03466099,0.00055417465
9.717172,1.6565657,0.00014289096,-0.00053884834,-5.260336,-6.0804205,-0.052665114,0.0005574723
9.717172,1.6969697,0.0001441557,-0.0005415119,-4.931884,-5.3640213,-0.06439677,0.0005603713
9.717172,1.7373737,0.0001454167,-0.0005437676,-4.594539,-4.651382,-0.06827705,0.0005628758
9.717172,1.7777778,0.00014666095,-0.00054562837,-4.2443795,-3.9417362,-0.06315367,0.0005649954
9.717172,1.8181819,0.00014793128,-0.00054708496,-3.8766587,-3.233463,-0.048907857,0.0005667324
9.717172,1.8585858,0.00014924258,-0.00054814294,-3.4867907,-2.5246468,-0.027135361,0.0005680968
9.717172,1.8989899,0.00015059859,-0.00054879487,-3.0720983,-1.8139961,-0.0016814517,0.00056908326
9.717172,1.939394,0.00015201978,-0.00054900534,-2.6340938,-1.10214,0.021448083,0.0005696638
9.717172,1.979798,0.00015346892,-0.0005487222,-2.179921,-0.39179844,0.035072137,0.0005697796
9.848485,0.04040404,4.073046e-05,-7.266179e-05,-15.866145,-35.408745,1.2468837,8.3298895e-05
9.848485,0.08080808,4.4301152e-05,-9.345822e-05,-15.660481,-34.672424,1.2234899,0.00010342645
9.848485,0.121212125,4.7815964e-05,-0.00011378154,-15.45055,-33.933678,1.1989917,0.00012342044
9.848485,0.16161616,5.1300973e-05,-0.00013363175,-15.236506,-33.19282,1.17319,0.00014314061
9.848485,0.2020202,5.4717064e-05,-0.0001530014,-15.018512,-32.450203,1.145976,0.00016249118
9.848485,0.24242425,5.8092177e-05,-0.00017188862,-14.796743,-31.706215,1.1172699,0.00018143978
9.848485,0.28282827,6.140396e-05,-0.00019029714,-14.571309,-30.96124,1.0870651,0.00019995861
9.848485,0.32323232,6.4661726e-05,-0.00020823441,-14.342365,-30.215723,1.0553823,0.0002180429
9.848485,0.36363637,6.787293e-05,-0.00022569671,-14.110024,-29.470047,1.0222846,0.00023568144
9.848485,0.4040404,7.099286e-05,-0.00024268404,-13.874392,-28.724606,0.987887,0.00025285475
9.848485,0.44444445,7.4060634e-05,-0.0002592001,-13.63558,-27.979757,0.9523082,0.00026957315
9.848485,0.4848485,7.7076256e-05,-0.00027523562,-13.393686,-27.235798,0.9156976,0.00028582406
9.848485,0.5252525,8.00211e-05,-0.00029081292,-13.148788,-26.493061,0.87822694,0.0003016215
9.848485,0.56565654,8.287467e-05,-0.00030591898,-12.900956,-25.751736,0.84008706,0.00031694578
9.848485,0.6060606,8.567795e-05,-0.00032055378,-12.650271,-25.012014,0.8014477,0.0003318063
9.848485,0.64646465,8.841604e-05,-0.00033473223,-12.396766,-24.273994,0.7625134,0.00034621244
9.848485,0.68686867,9.107217e-05,-0.00034844503,-12.140488,-23.537783,0.7234788,0.00036015006
9.848485,0.72727275,9.366311e-05,-0.00036169402,-11.8814945,-22.803389,0.6845162,0.0003736246
9.848485,0.7676768,9.618513e-05,-0.00037449226,-11.619795,-22.070747,0.64582026,0.00038664715
9.848485,0.8080808,9.863265e-05,-0.000386836,-11.355404,-21.339788,0.6075404,0.00039921232
9.848485,0.8484849,0.000101009384,-0.00039872155,-11.088343,-20.610361,0.5698241,0.00041131713
9.848485,0.8888889,0.00010333769,-0.00041015632,-10.818625,-19.882326,0.5328019,0.00042297386
9.848485,0.9292929,0.00010559335,-0.00042114966,-10.54626,-19.155453,0.49656326,0.0004341854
9.848485,0.969697,0.00010777451,-0.0004316792,-10.271244,-18.429495,0.4611891,0.0004449295
9.848485,1.010101,0.00010989793,-0.00044176728,-9.993588,-17.704248,0.42670512,0.00045523167
9.848485,1.050505,0.000111974776,-0.00045142323,-9.7133255,-16.979443,0.3931263,0.0004651035
9.848485,1.0909091,0.00011398643,-0.00046063028,-9.430459,-16.254793,0.36041993,0.00047452416
9.848485,1.1313131,0.000115931034,-0.0004693903,-9.1450405,-15.530102,0.32852954,0.00048349483
9.848485,1.1717172,0.00011783466,-0.00047769956,-8.85713,-14.805125,0.29735032,0.0004920182
9.848485,1.2121212,0.00011967681,-0.0004855767,-8.566788,-14.07968,0.2667652,0.00050010724
9.848485,1.2525252,0.00012146868,-0.0004930105,-8.274088,-13.353609,0.23664583,0.00050775387
9.848485,1.2929293,0.00012319908,-0.0005000066,-7.979123,-12.626785,0.20685212,0.0005149608
9.848485,1.3333334,0.00012487918,-0.0005065631,-7.6820083,-11.8991995,0.17725788,0.0005217289
9.848485,1.3737373,0.00012651458,-0.0005126707,-7.3828597,-11.170894,0.14778303,0.00052805035
9.848485,1.4141414,0.0001280848,-0.0005183518,-7.0817823,-10.442022,0.11843958,0.00053394225
9.848485,1.4545455,0.00012961589,-0.00052358955,-6.778838,-9.712857,0.08934724,0.0005393944
9.848485,1.4949495,0.0001310762,-0.0005283896,-6.4740353,-8.98384,0.060812637,0.0005444047
9.848485,1.5353535,0.0001324974,-0.0005327575,-6.167286,-8.255581,0.033351656,0.0005489864
9.848485,1.5757576,0.0001338739,-0.0005366951,-5.8582807,-7.5287714,0.0077730557,0.00055314
9.848485,1.6161616,0.0001351852,-0.00054020435,-5.5463824,-6.8042507,-0.014828443,0.00055686245
9.848485,1.6565657,0.00013646856,-0.0005432833,-5.230441,-6.0827565,-0.033074446,0.0005601611
9.848485,1.6969697,0.00013771467,-0.00054596737,-4.908546,-5.3647623,-0.045410153,0.00056306814
9.848485,1.7373737,0.00013895519,-0.0005482249,-4.577808,-4.6501904,-0.050334826,0.0005655609
9.848485,1.7777778,0.0001401864,-0.0005500838,-4.2342105,-3.9381533,-0.046790056,0.0005676658
9.848485,1.8181819,0.00014143623,-0.00055154227,-3.8729203,-3.2270067,-0.03473486,0.0005693883
9.848485,1.8585858,0.00014271773,-0.0005525928,-3.4891675,-2.5148048,-0.015766582,0.0005707251
9.848485,1.8989899,0.00014405139,-0.00055323914,-3.080121,-1.8004926,0.006404828,0.0005716855
9.848485,1.939394,0.00014542975,-0.00055342354,-2.647286,-1.0852255,0.026076686,0.00057221274
9.848485,1.979798,0.00014684908,-0.0005531255,-2.1978676,-0.37243265,0.036576457,0.00057228707
9.979798,0.04040404,3.9167702e-05,-7.561222e-05,-15.790759,-35.400013,1.1837244,8.5154665e-05
9.979798,0.08080808,4.2473897e-05,-9.642728e-05,-15.578779,-34.664005,1.1616384,0.000105367224
9.979798,0.121212125,4.5754015e-05,-0.000116776675,-15.362967,-33.92564,1.1384904,0.00012542018
9.979798,0.16161616,4.8980117e-05,-0.00013663806,-15.143523,-33.18529,1.1141223,0.00014515169
9.979798,0.2020202,5.2174553e-05,-0.00015603006,-14.920606,-32.443344,1.0884289,0.00016452222
9.979798,0.24242425,5.53187e-05,-0.00017494895,-14.694389,-31.700165,1.0613688,0.00018348648
9.979798,0.28282827,5.8416277e-05,-0.000193391,-14.464999,-30.956158,1.0329455,0.00020202113
9.979798,0.32323232,6.146729e-05,-0.0002113618,-14.232559,-30.211683,1.0031929,0.00022011824
9.979798,0.36363637,6.445311e-05,-0.0002288539,-13.997201,-29.467157,0.9721931,0.00023775683
9.979798,0.4040404,6.739609e-05,-0.00024588034,-13.759032,-28.722895,0.94002974,0.00025494973
9.979798,0.44444445,7.028505e-05,-0.0002624225,-13.518133,-27.979225,0.9068388,0.00027167177
9.979798,0.4848485,7.31051e-05,-0.00027850457,-13.274617,-27.236437,0.87276953,0.00028793947
9.979798,0.5252525,7.58674e-05,-0.0002941247,-13.028539,-26.494774,0.8379713,0.00030375188
9.979798,0.56565654,7.857382e-05,-0.00030926056,-12.779973,-25.754433,0.80262023,0.0003190861
9.979798,0.6060606,8.121319e-05,-0.00032394193,-12.528961,-25.01557,0.76688397,0.000333967
9.979798,0.64646465,8.380413e-05,-0.00033815578,-12.275566,-24.278318,0.7309424,0.0003483855
9.979798,0.68686867,8.63187e-05,-0.0003519114,-12.019815,-23.542715,0.6949671,0.00036234315
9.979798,0.72727275,8.877553e-05,-0.00036520697,-11.7617445,-22.808823,0.65912753,0.00037584204
9.979798,0.7676768,9.116344e-05,-0.00037803687,-11.501336,-22.07655,0.6235854,0.00038887357
9.979798,0.8080808,9.349175e-05,-0.00039041787,-11.238659,-21.34588,0.5884734,0.00040145588
9.979798,0.8484849,9.57679e-05,-0.00040235557,-10.973668,-20.616667,0.5539305,0.00041359582
9.979798,0.8888889,9.798072e-05,-0.00041382574,-10.706387,-19.888798,0.5200493,0.00042526695
9.979798,0.9292929,0.000100130215,-0.00042485073,-10.436812,-19.162062,0.48691988,0.00043649078
9.979798,0.969697,0.00010223873,-0.00043543614,-10.164922,-18.436298,0.45458275,0.00044727774
9.979798,1.010101,0.00010428578,-0.0004455559,-9.890724,-17.711239,0.42306614,0.0004575976
9.979798,1.050505,0.00010627508,-0.00045524724,-9.614237,-16.986721,0.39234942,0.00046748738
9.979798,1.0909091,0.000108206645,-0.00046448782,-9.335459,-16.262445,0.36238822,0.00047692517
9.979798,1.1313131,0.00011009723,-0.00047328137,-9.054395,-15.538184,0.3331094,0.00048591837
9.979798,1.1717172,0.00011194125,-0.00048163533,-8.771064,-14.8137,0.30438563,0.0004944729
9.979798,1.2121212,0.0001137238,-0.0004895441,-8.485525,-14.088788,0.2760993,0.0005025799
9.979798,1.2525252,0.000115459785,-0.0004970096,-8.197816,-13.363262,0.24808277,0.0005102446
9.979798,1.2929293,0.00011715293,-0.0005040355,-7.9079866,-12.636951,0.22018948,0.00051747134
9.979798,1.3333334,0.00011879578,-0.0005106162,-7.616124,-11.909807,0.19227548,0.0005242532
9.979798,1.3737373,0.00012039393,-0.0005167555,-7.322299,-11.1818285,0.16426137,0.0005305949
9.979798,1.4141414,0.00012191571,-0.0005224645,-7.0265684,-10.4530735,0.13614273,0.00053650036
9.979798,1.4545455,0.00012340397,-0.00052772276,-6.728997,-9.723841,0.10802785,0.0005419593
9.979798,1.4949495,0.00012484193,-0.0005325526,-6.429567,-8.994527,0.08022128,0.00054698973
9.979798,1.5353535,0.00012623519,-0.0005369354,-6.1281624,-8.265704,0.05323322,0.000551575
9.979798,1.5757576,0.00012756884,-0.0005408842,-5.824487,-7.538091,0.027852327,0.0005557244
9.979798,1.6161616,0.00012885407,-0.0005444139,-5.5179043,-6.812523,0.005151103,0.000559455
9.979798,1.6565657,0.00013011694,-0.0005475078,-5.2072425,-6.0896864,-0.013531632,0.0005627568
9.979798,1.6969697,0.0001313258,-0.000550203,-4.8905926,-5.3700385,-0.02671017,0.0005656588
9.979798,1.7373737,0.00013253093,-0.0005524736,-4.565002,-4.653389,-0.032965012,0.00056814746
9.979798,1.7777778,0.0001337342,-0.00055433623,-4.226382,-3.938757,-0.031330593,0.00057023985
9.979798,1.8181819,0.00013493933,-0.0005557928,-3.8697615,-3.224366,-0.021836637,0.00057193905
9.979798,1.8585858,0.00013617985,-0.00055684336,-3.4902766,-2.5083137,-0.0060630487,0.00057325343
9.979798,1.8989899,0.0001374539,-0.00055747293,-3.0850167,-1.78981,0.01243656,0.0005741687
9.979798,1.939394,0.00013877451,-0.00055764616,-2.6554997,-1.0705202,0.02831861,0.0005746543
9.979798,1.979798,0.00014013425,-0.0005573258,-2.209157,-0.35474724,0.035402715,0.0005746735
10.111111,0.04040404,3.7776306e-05,-7.817894e-05,-15.715791,-35.40912,1.1204308,8.682739e-05
10.111111,0.08080808,4.084967e-05,-9.902753e-05,-15.498384,-34.672794,1.0998241,0.00010712211
10.111111,0.121212125,4.389137e-05,-0.00011940114,-15.277638,-33.934307,1.0781955,0.00012721276
10.111111,0.16161616,4.690513e-05,-0.00013931282,-15.053727,-33.193985,1.0554181,0.00014699712
10.111111,0.2020202,4.9859285e-05,-0.0001587309,-14.826817,-32.452206,1.0314212,0.00016637742
10.111111,0.24242425,5.279295e-05,-0.00017768703,-14.597065,-31.709358,1.0061685,0.00018536391
10.111111,0.28282827,5.5687502e-05,-0.0001961682,-14.364617,-30.965818,0.9796672,0.00020391925
10.111111,0.32323232,5.8522448e-05,-0.00021417625,-14.129566,-30.221893,0.9519682,0.0002220278
10.111111,0.36363637,6.132759e-05,-0.00023171864,-13.892063,-29.477987,0.9231451,0.00023969689
10.111111,0.4040404,6.406009e-05,-0.00024876744,-13.652183,-28.734402,0.8933021,0.00025688313
10.111111,0.44444445,6.675348e-05,-0.0002653636,-13.4099865,-27.99137,0.8625671,0.0002736309
10.111111,0.4848485,6.940588e-05,-0.00028148852,-13.165593,-27.249197,0.831057,0.00028991888
10.111111,0.5252525,7.2008e-05,-0.00029714592,-12.919036,-26.508053,0.79893863,0.0003057464
10.111111,0.56565654,7.454865e-05,-0.00031233765,-12.670374,-25.768156,0.7663664,0.00032111106
10.111111,0.6060606,7.7033415e-05,-0.00032705627,-12.419654,-25.029636,0.73349416,0.00033600588
10.111111,0.64646465,7.946417e-05,-0.0003413204,-12.1669035,-24.292587,0.700493,0.00035044854
10.111111,0.68686867,8.183904e-05,-0.00035511702,-11.912117,-23.557074,0.66751707,0.0003644252
10.111111,0.72727275,8.415617e-05,-0.00036845356,-11.65537,-22.82315,0.6347188,0.00037794217
10.111111,0.7676768,8.6426735e-05,-0.00038133562,-11.396627,-22.090776,0.60223645,0.00039100694
10.111111,0.8080808,8.8624656e-05,-0.000393752,-11.1359,-21.359926,0.5702013,0.0004036025
10.111111,0.8484849,9.078719e-05,-0.00040572882,-10.873186,-20.6305,0.53872424,0.00041576216
10.111111,0.8888889,9.28957e-05,-0.00041724741,-10.608466,-19.90237,0.50788355,0.00042746347
10.111111,0.9292929,9.494834e-05,-0.00042830966,-10.341735,-19.175425,0.47775084,0.0004387076
10.111111,0.969697,9.695254e-05,-0.00043893047,-10.072983,-18.449474,0.44835356,0.00044951058
10.111111,1.010101,9.890832e-05,-0.00044910423,-9.802188,-17.724321,0.41969338,0.0004598668
10.111111,1.050505,0.00010080449,-0.00045881607,-9.529332,-16.999743,0.3917474,0.00046975922
10.111111,1.0909091,0.00010266714,-0.0004680995,-9.254404,-16.275524,0.3644446,0.00047922612
10.111111,1.1313131,0.00010447577,-0.0004769247,-8.977412,-15.55141,0.33769402,0.00048823393
10.111111,1.1717172,0.000106249005,-0.00048531033,-8.698342,-14.827153,0.3113554,0.0004968048
10.111111,1.2121212,0.000107968226,-0.0004932601,-8.417213,-14.10252,0.28528297,0.00050493825
10.111111,1.2525252,0.00010964833,-0.0005007442,-8.134036,-13.377298,0.25930932,0.00051260856
10.111111,1.2929293,0.00011127815,-0.0005078111,-7.8488317,-12.651294,0.23326026,0.0005198605
10.111111,1.3333334,0.00011286326,-0.00051441975,-7.5616674,-11.924413,0.20698534,0.0005266553
10.111111,1.3737373,0.00011439808,-0.00052058324,-7.272539,-11.196567,0.1803949,0.0005330045
10.111111,1.4141414,0.00011588447,-0.00052630715,-6.9815187,-10.467867,0.15346089,0.0005389141
10.111111,1.4545455,0.00011732243,-0.00053160824,-6.688631,-9.738512,0.12630413,0.0005444005
10.111111,1.4949495,0.00011871196,-0.00053644925,-6.3938303,-9.008886,0.09920122,0.0005494273
10.111111,1.5353535,0.000120066106,-0.0005408563,-6.0969934,-8.279565,0.072664894,0.0005540229
10.111111,1.5757576,0.00012134947,-0.00054482743,-5.7978244,-7.551261,0.047456685,0.00055817794
10.111111,1.6161616,0.00012260489,-0.0005483702,-5.4956646,-6.8247647,0.024619862,0.0005619091
10.111111,1.6565657,0.00012381934,-0.0005514901,-5.1893287,-6.1007514,0.005444685,0.00056521903
10.111111,1.6969697,0.00012499653,-0.0005541872,-4.8768845,-5.3795877,-0.008650691,0.0005681088
10.111111,1.7373737,0.00012614392,-0.0005564634,-4.5553126,-4.6609645,-0.016341567,0.00057058193
10.111111,1.7777778,0.00012729503,-0.0005583428,-4.220437,-3.943752,-0.01675299,0.0005726698
10.111111,1.8181819,0.00012846291,-0.00055980124,-3.8671708,-3.2260537,-0.009964221,0.0005743519
10.111111,1.8585858,0.00012964197,-0.00056085363,-3.4905353,-2.50598,0.002454335,0.0005756421
10.111111,1.8989899,0.00013086386,-0.0005614739,-3.087649,-1.7830263,0.017136524,0.00057652255
10.111111,1.939394,0.00013210997,-0.00056163967,-2.660107,-1.0594717,0.029103821,0.0005769681
10.111111,1.979798,0.00013337284,-0.0005613081,-2.215581,-0.34045503,0.032675352,0.000576936
10.242424,0.04040404,3.6580488e-05,-8.040853e-05,-15.643567,-35.431114,1.0565255,8.833835e-05
10.242424,0.08080808,3.9424747e-05,-0.00010129623,-15.421675,-34.69402,1.0375469,0.00010869792
10.242424,0.121212125,4.223734e-05,-0.000121712685,-15.196899,-33.95492,1.0175923,0.00012883311
10.242424,0.16161616,4.503131e-05,-0.00014165603,-14.96941,-33.214203,0.9965529,0.00014864134
10.242424,0.2020202,4.7776848e-05,-0.0001611244,-14.739365,-32.47217,0.9743763,0.00016805861
10.242424,0.24242425,5.0500035e-05,-0.0001801271,-14.5069275,-31.729248,0.95103294,0.00018707225
10.242424,0.28282827,5.318597e-05,-0.00019864738,-14.2722025,-30.985735,0.9265587,0.00020564419
10.242424,0.32323232,5.583279e-05,-0.00021669455,-14.035311,-30.241966,0.9009874,0.00022377181
10.242424,0.36363637,5.8444217e-05,-0.00023427606,-13.796341,-29.49826,0.87440723,0.000241456
10.242424,0.4040404,6.0992315e-05,-0.00025138445,-13.555397,-28.75488,0.84690964,0.0002586778
10.242424,0.44444445,6.35162e-05,-0.00026801787,-13.312524,-28.012074,0.8186175,0.00027544127
10.242424,0.4848485,6.597862e-05,-0.0002841968,-13.067796,-27.270075,0.78966236,0.00029175504
10.242424,0.5252525,6.8407506e-05,-0.00029988773,-12.821237,-26.529058,0.76018375,0.00030759102
10.242424,0.56565654,7.079169e-05,-0.00031512976,-12.57289,-25.789196,0.73033285,0.0003229833
10.242424,0.6060606,7.3125586e-05,-0.00032989308,-12.322812,-25.05059,0.7002662,0.00033790056
10.242424,0.64646465,7.539615e-05,-0.00034420006,-12.070993,-24.313383,0.67012525,0.00035236098
10.242424,0.68686867,7.76276e-05,-0.0003580451,-11.817442,-23.577608,0.64005274,0.00036636367
10.242424,0.72727275,7.9801306e-05,-0.00037143193,-11.562201,-22.843342,0.610194,0.00037990778
10.242424,0.7676768,8.192845e-05,-0.00038435124,-11.305208,-22.110542,0.58067757,0.00039298617
10.242424,0.8080808,8.401275e-05,-0.0003968291,-11.046494,-21.37919,0.55160725,0.0004056248
10.242424,0.8484849,8.604862e-05,-0.00040883943,-10.786038,-20.649261,0.5230896,0.00041779666
10.242424,0.8888889,8.804351e-05,-0.00042039156,-10.5238085,-19.920639,0.49518543,0.0004295122
10.242424,0.9292929,8.997694e-05,-0.00043149665,-10.259807,-19.193218,0.46795157,0.00044077795
10.242424,0.969697,9.187497e-05,-0.00044215657,-9.993996,-18.466856,0.44139734,0.00045160096
10.242424,1.010101,9.373203e-05,-0.00045235828,-9.7263365,-17.741346,0.41550905,0.0004619672
10.242424,1.050505,9.554438e-05,-0.00046211667,-9.456828,-17.016527,0.39025044,0.00047189038
10.242424,1.0909091,9.731762e-05,-0.00047143176,-9.185431,-16.292158,0.36553133,0.00048137162
10.242424,1.1313131,9.903684e-05,-0.00048028864,-8.912124,-15.5679865,0.34123972,0.0004903932
10.242424,1.1717172,0.0001007244,-0.0004887115,-8.636864,-14.843751,0.3172345,0.00049898337
10.242424,1.2121212,0.00010236725,-0.00049667805,-8.359665,-14.119225,0.29334173,0.0005071175
10.242424,1.2525252,0.00010397285,-0.00050421804,-8.080519,-13.394145,0.2693714,0.0005148264
10.242424,1.2929293,0.00010553934,-0.0005112961,-7.7994103,-12.668309,0.2451473,0.00052207493
10.242424,1.3333334,0.00010705739,-0.0005179327,-7.516338,-11.941552,0.22051091,0.00052888144
10.242424,1.3737373,0.00010853447,-0.0005241316,-7.2313294,-11.213792,0.1953412,0.000535251
10.242424,1.4141414,0.000109966844,-0.00052988157,-6.944408,-10.485076,0.16962075,0.00054117205
10.242424,1.4545455,0.00011135079,-0.00053519383,-6.6555524,-9.755619,0.14344788,0.00054665474
10.242424,1.4949495,0.00011269376,-0.0005400628,-6.364738,-9.025769,0.117093876,0.0005516953
10.242424,1.5353535,0.00011397526,-0.000544481,-6.071816,-8.296086,0.091055594,0.00055628223
10.242424,1.5757576,0.000115219504,-0.00054848194,-5.7764645,-7.5672765,0.06607517,0.00056045334
10.242424,1.6161616,0.000116409734,-0.0005520433,-5.4780197,-6.8401,0.0431593,0.0005641835
10.242424,1.6565657,0.0001175683,-0.00055517815,-5.1752872,-6.1151776,0.023542011,0.0005674902
10.242424,1.6969697,0.00011868216,-0.0005578846,-4.8662534,-5.3927665,0.008563072,0.0005703689
10.242424,1.7373737,0.00011978112,-0.0005601831,-4.547852,-4.672423,-0.0005342132,0.00057284604
10.242424,1.7777778,0.00012088381,-0.0005620625,-4.2157826,-3.9528153,-0.0029795996,0.0005749149
10.242424,1.8181819,0.00012198649,-0.0005635284,-3.8648808,-3.2319224,0.0011098741,0.0005765804
10.242424,1.8585858,0.0001230929,-0.00056459196,-3.4901094,-2.5078893,0.010185471,0.00057785463
10.242424,1.8989899,0.00012423657,-0.0005652085,-3.0885732,-1.7804927,0.021081895,0.00057870144
10.242424,1.939394,0.00012541376,-0.00056537427,-2.6620386,-1.0526541,0.029166741,0.00057911716
10.242424,1.979798,0.00012659281,-0.00056503154,-2.2184775,-0.33038622,0.029282702,0.0005790392
10.373737,0.04040404,3.557466e-05,-8.233823e-05,-15.576413,-35.461586,0.9918634,8.969471e-05
10.373737,0.08080808,3.8204715e-05,-0.00010326691,-15.350893,-34.723343,0.9746434,0.00011010747
10.373737,0.121212125,4.0808693e-05,-0.00012373179,-15.122887,-33.98326,0.95648694,0.00013028778
10.373737,0.16161616,4.3382868e-05,-0.00014371611,-14.892565,-33.24176,0.93730414,0.00015012127
10.373737,0.2020202,4.5929104e-05,-0.00016323477,-14.660116,-32.49918,0.91703665,0.0001695732
10.373737,0.24242425,4.84474e-05,-0.00018227473,-14.425651,-31.755846,0.89568335,0.00018860336
10.373737,0.28282827,5.0930306e-05,-0.00020084716,-14.189269,-31.01205,0.8732767,0.00020720395
10.373737,0.32323232,5.337037e-05,-0.0002189409,-13.951094,-30.26812,0.8498699,0.00022535198
10.373737,0.36363637,5.5789948e-05,-0.00023656152,-13.7111845,-29.524294,0.8255302,0.00024305117
10.373737,0.4040404,5.817227e-05,-0.00025372207,-13.469602,-28.780817,0.8003701,0.00026030542
10.373737,0.44444445,6.0513616e-05,-0.0002704002,-13.226425,-28.037935,0.77449566,0.00027708872
10.373737,0.4848485,6.2808394e-05,-0.00028661638,-12.981687,-27.295815,0.7480467,0.00029341754
10.373737,0.5252525,6.506033e-05,-0.00030236505,-12.735406,-26.554626,0.7211479,0.00030928542
10.373737,0.56565654,6.726757e-05,-0.00031765178,-12.487604,-25.814526,0.69394326,0.00032469613
10.373737,0.6060606,6.944314e-05,-0.0003324598,-12.238307,-25.075624,0.66657835,0.00033963492
10.373737,0.64646465,7.156655e-05,-0.00034681335,-11.987515,-24.338003,0.63918996,0.00035412042
10.373737,0.68686867,7.3645264e-05,-0.0003607031,-11.73522,-23.601734,0.6119185,0.00036814448
10.373737,0.72727275,7.5683e-05,-0.00037412718,-11.481433,-22.866888,0.58489066,0.00038170547
10.373737,0.7676768,7.76723e-05,-0.00038709491,-11.226131,-22.133478,0.558224,0.00039481066
10.373737,0.8080808,7.962249e-05,-0.00039959885,-10.969305,-21.401495,0.53201014,0.0004074543
10.373737,0.8484849,8.152053e-05,-0.00041165575,-10.710929,-20.670904,0.5063395,0.0004196499
10.373737,0.8888889,8.3392486e-05,-0.00042325072,-10.450973,-19.941628,0.48126847,0.00043138786
10.373737,0.9292929,8.5223466e-05,-0.0004343968,-10.189414,-19.213581,0.45682958,0.00044267776
10.373737,0.969697,8.700043e-05,-0.00044509396,-9.926229,-18.486654,0.43302268,0.00045351704
10.373737,1.010101,8.8742e-05,-0.00045533106,-9.661382,-17.760693,0.4098292,0.00046389818
10.373737,1.050505,9.04575e-05,-0.00046511367,-9.394814,-17.03546,0.38718283,0.00047382832
10.373737,1.0909091,9.212829e-05,-0.000474466,-9.126504,-16.310781,0.3649847,0.00048332766
10.373737,1.1313131,9.376556e-05,-0.00048336014,-8.8564205,-15.586413,0.3431073,0.0004923708
10.373737,1.1717172,9.5363706e-05,-0.00049180165,-8.584511,-14.862084,0.32138705,0.0005009622
10.373737,1.2121212,9.693205e-05,-0.000499811,-8.310732,-14.137511,0.29964322,0.0005091236
10.373737,1.2525252,9.8440796e-05,-0.0005073622,-8.035075,-13.412451,0.2776726,0.0005168239
10.373737,1.2929293,9.99365e-05,-0.0005144756,-7.757495,-12.686653,0.2552775,0.00052409206
10.373737,1.3333334,0.00010138191,-0.0005211402,-7.477984,-11.9599495,0.23228715,0.0005309099
10.373737,1.3737373,0.00010278076,-0.0005273577,-7.1965356,-11.232221,0.20857616,0.00053728017
10.373737,1.4141414,0.00010414608,-0.0005331356,-6.913134,-10.503515,0.18411171,0.00054321263
10.373737,1.4545455,0.00010547042,-0.0005384721,-6.627771,-9.773986,0.15898348,0.0005487041
10.373737,1.4949495,0.00010673888,-0.0005433634,-6.3403745,-9.044016,0.13346463,0.0005537481
10.373737,1.5353535,0.00010796264,-0.0005478114,-6.0508113,-8.314152,0.10801482,0.0005583487
10.373737,1.5757576,0.00010914169,-0.00055182166,-5.758733,-7.585078,0.08336612,0.0005625114
10.373737,1.6161616,0.000110283494,-0.0005553998,-5.4634504,-6.8575044,0.060480192,0.0005662432
10.373737,1.6565657,0.00011136569,-0.0005585477,-5.1637483,-6.132005,0.040534243,0.00056954176
10.373737,1.6969697,0.0001124274,-0.00056127645,-4.85755,-5.4087014,0.024790786,0.0005724257
10.373737,1.7373737,0.000113466755,-0.0005635824,-4.541685,-4.6869364,0.014396268,0.00057489116
10.373737,1.7777778,0.00011448935,-0.0005654767,-4.211778,-3.9652352,0.010040849,0.0005769504
10.373737,1.8181819,0.0001155287,-0.0005669594,-3.862566,-3.2414145,0.011542018,0.0005786103
10.373737,1.8585858,0.000116558746,-0.0005680248,-3.4889364,-2.5136333,0.017418366,0.00057986047
10.373737,1.8989899,0.00011762045,-0.00056865066,-3.0880592,-1.7819693,0.02467268,0.00058068766
10.373737,1.939394,0.00011870265,-0.00056881644,-2.661904,-1.0500277,0.029050441,0.0005810701
10.373737,1.979798,0.00011979602,-0.0005684607,-2.2187595,-0.3247308,0.025865098,0.00058094633
10.505051,0.04040404,3.476627e-05,-8.400157e-05,-15.516316,-35.49664,0.9265365,9.091181e-05
10.505051,0.08080808,3.7174672e-05,-0.00010497309,-15.287814,-34.756943,0.9111953,0.00011136115
10.505051,0.121212125,3.9564446e-05,-0.00012547709,-15.057215,-34.01567,0.8949235,0.00013156689
10.505051,0.16161616,4.1930005e-05,-0.00014550611,-14.824686,-33.273193,0.87766224,0.00015142707
10.505051,0.2020202,4.4280663e-05,-0.0001650732,-14.590342,-32.529816,0.85936296,0.00017090914
10.505051,0.24242425,4.6599656e-05,-0.00018415414,-14.354319,-31.785843,0.8400438,0.00018995862
10.505051,0.28282827,4.8886985e-05,-0.00020276383,-14.116714,-31.041586,0.8197261,0.00020857398
10.505051,0.32323232,5.1146373e-05,-0.0002209153,-13.877599,-30.297256,0.79846525,0.00022675873
10.505051,0.36363637,5.3364784e-05,-0.00023858063,-13.637039,-29.55312,0.7763549,0.00024447602
10.505051,0.4040404,5.5562705e-05,-0.00025577284,-13.395106,-28.809408,0.75348485,0.00026173834
10.505051,0.44444445,5.7723373e-05,-0.00027251057,-13.151807,-28.06624,0.72997546,0.000278557
10.505051,0.4848485,5.984679e-05,-0.00028877147,-12.907165,-27.323812,0.70594746,0.00029490778
10.505051,0.5252525,6.193109e-05,-0.00030456297,-12.661241,-26.582306,0.6815381,0.00031079585
10.505051,0.56565654,6.397255e-05,-0.00031988323,-12.413998,-25.841825,0.6568787,0.00032621736
10.505051,0.6060606,6.597862e-05,-0.00033474155,-12.165454,-25.102444,0.63211244,0.0003411819
10.505051,0.64646465,6.794743e-05,-0.0003491342,-11.915604,-24.364307,0.60736847,0.00035568463
10.505051,0.68686867,6.9871545e-05,-0.00036306493,-11.664436,-23.627447,0.58277935,0.00036972715
10.505051,0.72727275,7.176213e-05,-0.0003765244,-11.411955,-22.891968,0.55845946,0.00038330202
10.505051,0.7676768,7.360615e-05,-0.0003895387,-11.158116,-22.15785,0.53451556,0.00039643192
10.505051,0.8080808,7.54185e-05,-0.0004020892,-10.902908,-21.425123,0.5110458,0.00040910108
10.505051,0.8484849,7.7180564e-05,-0.00041417964,-10.646321,-20.693808,0.4881091,0.0004213094
10.505051,0.8888889,7.8927726e-05,-0.00042580627,-10.388311,-19.963808,0.4657625,0.00043305953
10.505051,0.9292929,8.062832e-05,-0.00043699332,-10.128853,-19.235077,0.4440198,0.0004443693
10.505051,0.969697,8.2293525e-05,-0.00044771284,-9.867887,-18.507504,0.42287475,0.00045521316
10.505051,1.010101,8.3927065e-05,-0.0004579872,-9.605406,-17.780945,0.40228736,0.0004656136
10.505051,1.050505,8.552335e-05,-0.00046780892,-9.34135,-17.055243,0.38217986,0.00047556224
10.505051,1.0909091,8.70917e-05,-0.00047718547,-9.075669,-16.330168,0.36244097,0.00048506798
10.505051,1.1313131,8.863397e-05,-0.00048611872,-8.808325,-15.605489,0.34292376,0.000494133
10.505051,1.1717172,9.012967e-05,-0.0004945826,-8.539235,-14.880915,0.32345587,0.0005027278
10.505051,1.2121212,9.159744e-05,-0.00050261617,-8.268376,-14.156194,0.30383477,0.0005108944
10.505051,1.2525252,9.3024224e-05,-0.0005101934,-7.995695,-13.431051,0.28385094,0.0005186047
10.505051,1.2929293,9.44417e-05,-0.00051733106,-7.721128,-12.705209,0.26329038,0.00052588084
10.505051,1.3333334,9.581447e-05,-0.00052402914,-7.4446564,-11.9784775,0.24196757,0.00053271657
10.505051,1.3737373,9.712577e-05,-0.000530269,-7.166244,-11.250758,0.21975946,0.00053909054
10.505051,1.4141414,9.841472e-05,-0.0005360693,-6.8858666,-10.522045,0.19661568,0.0005450282
10.505051,1.4545455,9.966642e-05,-0.0005414244,-6.603495,-9.792535,0.1726153,0.0005505213
10.505051,1.4949495,0.00010085851,-0.00054633245,-6.319063,-9.062575,0.14801475,0.0005555642
10.505051,1.5353535,0.000102017075,-0.0005507972,-6.032403,-8.332712,0.12327349,0.0005601652
10.505051,1.5757576,0.00010312721,-0.00055483915,-5.7431545,-7.6036077,0.09908073,0.00056434184
10.505051,1.6161616,0.00010418147,-0.0005584359,-5.450617,-6.875956,0.07637003,0.0005680708
10.505051,1.6565657,0.00010521896,-0.00056160614,-5.1535144,-6.1502066,0.05625045,0.0005713777
10.505051,1.6969697,0.0001062043,-0.00056434795,-4.8497095,-5.4263406,0.039903298,0.00057425426
10.505051,1.7373737,0.00010717288,-0.0005666632,-4.5359526,-4.70355,0.02838872,0.000576709
10.505051,1.7777778,0.00010813214,-0.000568578,-4.2077556,-3.9800797,0.02230141,0.00057876896
10.505051,1.8181819,0.000109080225,-0.0005700663,-3.8597503,-3.2536528,0.021426532,0.0005804085
10.505051,1.8585858,0.00011004321,-0.0005711429,-3.486811,-2.5224428,0.024315767,0.0005816474
10.505051,1.8989899,0.00011100806,-0.0005717799,-3.0861566,-1.7868348,0.02817398,0.00058245606
10.505051,1.939394,0.000112002715,-0.00057193264,-2.6600127,-1.0511357,0.02908929,0.00058279635
10.505051,1.979798,0.00011299178,-0.0005715899,-2.2170002,-0.32314727,0.022837711,0.000582651
10.636364,0.04040404,3.4127384e-05,-8.5413456e-05,-15.464641,-35.53303,0.8608316,9.1979e-05
10.636364,0.08080808,3.633462e-05,-0.000106431544,-15.233672,-34.79176,0.8474318,0.00011246279
10.636364,0.121212125,3.85046e-05,-0.00012697838,-15.000937,-34.049168,0.8331118,0.00013268803
10.636364,0.16161616,4.066527e-05,-0.00014704838,-14.766571,-33.3056,0.8178141,0.00015256766
10.636364,0.2020202,4.2825937e-05,-0.00016665645,-14.530678,-32.561314,0.801517,0.00017207101
10.636364,0.24242425,4.493445e-05,-0.00018578209,-14.293396,-31.816628,0.7842248,0.00019113893
10.636364,0.28282827,4.704483e-05,-0.00020443648,-14.054782,-31.071781,0.76597625,0.00020977962
10.636364,0.32323232,4.9104914e-05,-0.0002226159,-13.814918,-30.326994,0.746838,0.0002279674
10.636364,0.36363637,5.11501e-05,-0.00024033338,-13.573826,-29.582453,0.72689927,0.00024571622
10.636364,0.4040404,5.3154305e-05,-0.00025757402,-13.331578,-28.838364,0.70625585,0.00026300145
10.636364,0.44444445,5.5132434e-05,-0.00027434155,-13.088172,-28.094856,0.6850223,0.00027982652
10.636364,0.4848485,5.707331e-05,-0.00029064342,-12.843637,-27.352104,0.66333026,0.00029619414
10.636364,0.5252525,5.898811e-05,-0.00030647032,-12.597962,-26.610191,0.64130795,0.0003120956
10.636364,0.56565654,6.0863793e-05,-0.00032183714,-12.351156,-25.869268,0.6190815,0.00032754167
10.636364,0.6060606,6.2709674e-05,-0.0003367383,-12.103204,-25.129412,0.59679484,0.00034252767
10.636364,0.64646465,6.451085e-05,-0.00035116076,-11.8540945,-24.390718,0.57456964,0.00035703715
10.636364,0.68686867,6.62785e-05,-0.00036513805,-11.603809,-23.653257,0.55253094,0.00037110463
10.636364,0.72727275,6.802194e-05,-0.00037864596,-11.352354,-22.917091,0.53079003,0.00038470735
10.636364,0.7676768,6.972626e-05,-0.00039168447,-11.099677,-22.182278,0.5094519,0.00039784226
10.636364,0.8080808,7.137656e-05,-0.0004042685,-10.845777,-21.448832,0.48859093,0.0004105212
10.636364,0.8484849,7.301569e-05,-0.00041639432,-10.590604,-20.716751,0.4682689,0.0004227476
10.636364,0.8888889,7.4625015e-05,-0.0004280638,-10.334136,-19.985998,0.44853294,0.00043451987
10.636364,0.9292929,7.6195225e-05,-0.00043926574,-10.076357,-19.256548,0.42937836,0.0004458252
10.636364,0.969697,7.773191e-05,-0.00045003556,-9.81721,-18.528305,0.41079336,0.0004566993
10.636364,1.010101,7.925555e-05,-0.00046033785,-9.556656,-17.801142,0.3927245,0.00046711066
10.636364,1.050505,8.074008e-05,-0.00047018938,-9.294635,-17.074863,0.375074,0.0004770713
10.636364,1.0909091,8.219853e-05,-0.000479592,-9.03111,-16.3493,0.35772333,0.00048658514
10.636364,1.1313131,8.361414e-05,-0.00048854016,-8.766012,-15.624222,0.34051868,0.0004956438
10.636364,1.1717172,8.50223e-05,-0.0004970487,-8.499269,-14.899318,0.3232557,0.00050426804
10.636364,1.2121212,8.640252e-05,-0.0005051065,-8.230823,-14.17434,0.3057319,0.00051244313
10.636364,1.2525252,8.7728724e-05,-0.00051270425,-7.9606175,-13.448997,0.28771853,0.00052015577
10.636364,1.2929293,8.9040026e-05,-0.00051986426,-7.688576,-12.723021,0.26899487,0.00052743434
10.636364,1.3333334,9.0334564e-05,-0.00052658096,-7.4146647,-11.99621,0.2493654,0.00053427316
10.636364,1.3737373,9.155646e-05,-0.00053284876,-7.1388288,-11.268445,0.22869319,0.0005406574
10.636364,1.4141414,9.277277e-05,-0.00053867325,-6.861035,-10.539753,0.20692259,0.00054660375
10.636364,1.4545455,9.393692e-05,-0.000544047,-6.5812383,-9.8103,0.1841291,0.00055209716
10.636364,1.4949495,9.505078e-05,-0.0005489718,-6.29937,-9.080465,0.1605559,0.00055713975
10.636364,1.5353535,9.612925e-05,-0.0005534645,-6.0152383,-8.35077,0.13663764,0.00056175067
10.636364,1.5757576,9.716116e-05,-0.00055751763,-5.728473,-7.6218796,0.11304563,0.00056592067
10.636364,1.6161616,9.815954e-05,-0.0005611293,-5.438353,-6.8944135,0.09066568,0.00056965026
10.636364,1.6565657,9.9102035e-05,-0.00056432374,-5.1435404,-6.168744,0.07053843,0.0005729594
10.636364,1.6969697,0.000100016594,-0.0005670693,-4.841821,-5.444658,0.05378163,0.00057582196
10.636364,1.7373737,0.000100912526,-0.0005694125,-4.529868,-4.721171,0.04134735,0.0005782853
10.636364,1.7777778,0.00010179356,-0.00057133473,-4.2030764,-3.9963174,0.033760123,0.00058033207
10.636364,1.8181819,0.00010266341,-0.0005728472,-3.8559864,-3.2676342,0.030756203,0.000581974
10.636364,1.8585858,0.00010354072,-0.0005739294,-3.4834516,-2.533358,0.030944888,0.0005831943
10.636364,1.8989899,0.00010442361,-0.0005745683,-3.0828164,-1.7942458,0.03169996,0.00058398035
10.636364,1.939394,0.00010530278,-0.0005747359,-2.656517,-1.055235,0.029459618,0.00058430305
10.636364,1.979798,0.0001061894,-0.00057439134,-2.2135334,-0.32503152,0.020430276,0.00058412465
10.767676,0.04040404,3.3628196e-05,-8.659251e-05,-15.422126,-35.56818,0.7951512,9.2893046e-05
10.767676,0.08080808,3.562495e-05,-0.00010765344,-15.189044,-34.82534,0.7837325,0.00011339488
10.767676,0.121212125,3.760867e-05,-0.00012824312,-14.954441,-34.08143,0.77137995,0.00013364396
10.767676,0.16161616,3.9571896e-05,-0.0001483541,-14.718444,-33.336746,0.7580629,0.00015354111
10.767676,0.2020202,4.152395e-05,-0.00016799569,-14.481187,-32.591587,0.7437489,0.0001730514
10.767676,0.24242425,4.3446198e-05,-0.00018715672,-14.242742,-31.846188,0.72845995,0.00019213332
10.767676,0.28282827,4.5351684e-05,-0.0002058465,-14.003185,-31.100746,0.7122437,0.0002107832
10.767676,0.32323232,4.7227368e-05,-0.00022407062,-13.762576,-30.355482,0.6951713,0.00022899361
10.767676,0.36363637,4.9082562e-05,-0.00024181977,-13.520944,-29.610554,0.6773321,0.0002467507
10.767676,0.4040404,5.091168e-05,-0.00025909394,-13.278308,-28.866095,0.6588325,0.0002640486
10.767676,0.44444445,5.2703544e-05,-0.00027589872,-13.034694,-28.122267,0.6397851,0.00028088747
10.767676,0.4848485,5.4473057e-05,-0.00029223785,-12.7900915,-27.379154,0.6203181,0.00029727138
10.767676,0.5252525,5.621463e-05,-0.00030810572,-12.544494,-26.636887,0.6005578,0.000313192
10.767676,0.56565654,5.791709e-05,-0.00032351166,-12.297894,-25.895554,0.5806441,0.00032865512
10.767676,0.6060606,5.9602782e-05,-0.00033844076,-12.050296,-25.15526,0.56069493,0.000343649
10.767676,0.64646465,6.124005e-05,-0.00035290793,-11.801646,-24.41606,0.5408538,0.000358182
10.767676,0.68686867,6.28531e-05,-0.00036691688,-11.55195,-23.678034,0.5212339,0.00037226136
10.767676,0.72727275,6.4441934e-05,-0.000380449,-11.301175,-22.941254,0.5019394,0.0003858681
10.767676,0.7676768,6.598607e-05,-0.00039353594,-11.049323,-22.20579,0.48306164,0.0003990297
10.767676,0.8080808,6.750971e-05,-0.00040615164,-10.7963295,-21.471638,0.46468168,0.00041172406
10.767676,0.8484849,6.899424e-05,-0.0004183054,-10.542207,-20.738852,0.44684732,0.0004239571
10.767676,0.8888889,7.046573e-05,-0.00043000467,-10.286892,-20.007393,0.42959264,0.00043574008
10.767676,0.9292929,7.190369e-05,-0.00044124946,-10.030364,-19.277224,0.41291627,0.0004470696
10.767676,0.969697,7.33193e-05,-0.0004520323,-9.772587,-18.548283,0.39678115,0.0004579399
10.767676,1.010101,7.471442e-05,-0.00046236813,-9.513515,-17.820452,0.38112557,0.00046836582
10.767676,1.050505,7.607043e-05,-0.00047224388,-9.253088,-17.093578,0.36584905,0.00047833147
10.767676,1.0909091,7.7413395e-05,-0.00048167259,-8.991239,-16.367453,0.35081095,0.00048785377
10.767676,1.1313131,7.872842e-05,-0.0004906524,-8.727931,-15.641883,0.33583897,0.0004969285
10.767676,1.1717172,8.003041e-05,-0.0004991833,-8.463061,-14.916551,0.32072756,0.000505558
10.767676,1.2121212,8.129142e-05,-0.00050726347,-8.19657,-14.1911955,0.30526078,0.00051373587
10.767676,1.2525252,8.254312e-05,-0.000514891,-7.928387,-13.465558,0.28919318,0.0005214653
10.767676,1.2929293,8.374266e-05,-0.0005220659,-7.6584277,-12.739346,0.27229533,0.0005287397
10.767676,1.3333334,8.493103e-05,-0.00052880496,-7.386638,-12.01237,0.25437063,0.0005355819
10.767676,1.3737373,8.607656e-05,-0.00053509325,-7.112964,-11.284523,0.23526311,0.0005419723
10.767676,1.4141414,8.719973e-05,-0.0005409345,-6.8373632,-10.555821,0.21492131,0.00054791785
10.767676,1.4545455,8.825958e-05,-0.00054632314,-6.559778,-9.826473,0.19340742,0.0005534065
10.767676,1.4949495,8.931011e-05,-0.0005512815,-6.2801347,-9.096847,0.1709475,0.000558469
10.767676,1.5353535,9.03029e-05,-0.00055578724,-5.9982247,-8.367475,0.1479718,0.00056307553
10.767676,1.5757576,9.124912e-05,-0.0005598534,-5.7136807,-7.638989,0.12511326,0.0005672409
10.767676,1.6161616,9.216927e-05,-0.0005634837,-5.425714,-6.9119596,0.10321361,0.000570972
10.767676,1.6565657,9.302981e-05,-0.0005666856,-5.1329527,-6.186629,0.0832626,0.0005742709
10.767676,1.6969697,9.387173e-05,-0.00056945905,-4.8331084,-5.462642,0.0662868,0.00057714427
10.767676,1.7373737,9.469129e-05,-0.0005718153,-4.522738,-4.7387667,0.053162575,0.0005796026
10.767676,1.7777778,9.548105e-05,-0.0005737506,-4.1971593,-4.0128565,0.044325594,0.0005816411
10.767676,1.8181819,9.627268e-05,-0.0005752649,-3.8508196,-3.2823043,0.039471522,0.0005832651
10.767676,1.8585858,9.705126e-05,-0.0005763676,-3.4785745,-2.5454001,0.03726473,0.00058448146
10.767676,1.8989899,9.785034e-05,-0.0005770251,-3.077861,-1.8032278,0.035265833,0.0005852629
10.767676,1.939394,9.864196e-05,-0.00057720393,-2.6514044,-1.0614337,0.030207744,0.00058557204
10.767676,1.979798,9.941496e-05,-0.0005768668,-2.208507,-0.32958004,0.018726235,0.0005853705
10.89899,0.04040404,3.3270568e-05,-8.756481e-05,-15.388943,-35.600193,0.72992694,9.367245e-05
10.89899,0.08080808,3.505312e-05,-0.00010865182,-15.153889,-34.855865,0.72049916,0.00011416627
10.89899,0.121212125,3.6833808e-05,-0.00012927502,-14.917529,-34.11073,0.7101261,0.0001344201
10.89899,0.16161616,3.8597733e-05,-0.0001494158,-14.680004,-33.365055,0.6987551,0.00015432066
10.89899,0.2020202,4.0354207e-05,-0.00016908534,-14.441382,-32.61908,0.68639344,0.00017383415
10.89899,0.24242425,4.2092055e-05,-0.00018829107,-14.201777,-31.873018,0.67306185,0.00019293852
10.89899,0.28282827,4.3801963e-05,-0.00020700507,-13.961229,-31.127094,0.65881854,0.00021158854
10.89899,0.32323232,4.5495108e-05,-0.00022526272,-13.719784,-30.381416,0.6437319,0.000229811
10.89899,0.36363637,4.7169626e-05,-0.00024305284,-13.477474,-29.636168,0.62790203,0.00024758768
10.89899,0.4040404,4.880503e-05,-0.0002603568,-13.234286,-28.89144,0.61144006,0.00026489169
10.89899,0.44444445,5.042553e-05,-0.00027720258,-12.990264,-28.147352,0.5944638,0.00028175168
10.89899,0.4848485,5.201809e-05,-0.0002935659,-12.745373,-27.403997,0.57710075,0.00029813894
10.89899,0.5252525,5.3578988e-05,-0.00030946545,-12.499618,-26.661465,0.5594791,0.0003140694
10.89899,0.56565654,5.5117533e-05,-0.00032489374,-12.252955,-25.919828,0.5417357,0.00032953586
10.89899,0.6060606,5.6626275e-05,-0.0003398601,-12.00539,-25.179157,0.5240037,0.00034454523
10.89899,0.64646465,5.8107078e-05,-0.00035436265,-11.756901,-24.439543,0.5063996,0.00035909514
10.89899,0.68686867,5.956553e-05,-0.00036839768,-11.507447,-23.701063,0.48904628,0.00037318212
10.89899,0.72727275,6.100349e-05,-0.00038197264,-11.257032,-22.963772,0.47204927,0.0003868133
10.89899,0.7676768,6.238185e-05,-0.00039507262,-11.005607,-22.227709,0.45549655,0.00039996734
10.89899,0.8080808,6.376393e-05,-0.00040772557,-10.753175,-21.492954,0.43945163,0.00041268146
10.89899,0.8484849,6.510317e-05,-0.00041990727,-10.499681,-20.759478,0.4239697,0.00042492416
10.89899,0.8888889,6.643869e-05,-0.00043164194,-10.24512,-20.027346,0.40906793,0.00043672515
10.89899,0.9292929,6.774068e-05,-0.00044290908,-9.9894495,-19.296488,0.39473435,0.0004480594
10.89899,0.969697,6.902404e-05,-0.0004537236,-9.732616,-18.566843,0.38092974,0.0004589438
10.89899,1.010101,7.029064e-05,-0.0004640743,-9.474595,-17.838324,0.36757845,0.00046936737
10.89899,1.050505,7.151812e-05,-0.00047397986,-9.215328,-17.110792,0.3545663,0.00047934512
10.89899,1.0909091,7.2745606e-05,-0.00048343837,-8.954745,-16.384058,0.34173915,0.00048888096
10.89899,1.1313131,7.394329e-05,-0.0004924368,-8.692782,-15.657883,0.3289233,0.00049795746
10.89899,1.1717172,7.511675e-05,-0.00050098635,-8.429369,-14.932033,0.31589967,0.00050658645
10.89899,1.2121212,7.628463e-05,-0.000509087,-8.1644,-14.206206,0.3024277,0.00051477074
10.89899,1.2525252,7.741526e-05,-0.0005167406,-7.8978167,-13.480155,0.2882674,0.0005225074
10.89899,1.2929293,7.853843e-05,-0.00052394345,-7.6295342,-12.753598,0.2731749,0.00052979717
10.89899,1.3333334,7.960759e-05,-0.0005306918,-7.3594837,-12.026374,0.25694513,0.00053662946
10.89899,1.3737373,8.067116e-05,-0.000536995,-7.087601,-11.298375,0.23942548,0.0005430207
10.89899,1.4141414,8.1688166e-05,-0.0005428586,-6.813854,-10.569654,0.22054292,0.00054897036
10.89899,1.4545455,8.267164e-05,-0.0005482603,-6.538174,-9.840426,0.20035706,0.00055445824
10.89899,1.4949495,8.3623454e-05,-0.0005532354,-6.2604647,-9.111065,0.17909798,0.0005595197
10.89899,1.5353535,8.453615e-05,-0.00055775605,-5.980543,-8.382131,0.15716548,0.000564126
10.89899,1.5757576,8.540042e-05,-0.0005618371,-5.697973,-7.654197,0.1351638,0.0005682906
10.89899,1.6161616,8.622371e-05,-0.00056549534,-5.4119573,-6.927766,0.11389789,0.000572031
10.89899,1.6565657,8.702092e-05,-0.00056871586,-5.121066,-6.2029986,0.09429152,0.000575335
10.89899,1.6969697,8.777529e-05,-0.00057150796,-4.822938,-5.4793525,0.077295616,0.0005782092
10.89899,1.7373737,8.8503584e-05,-0.0005738754,-4.5140343,-4.7553945,0.06370197,0.00058065983
10.89899,1.7777778,8.921325e-05,-0.0005758256,-4.1895404,-4.028724,0.05387095,0.00058269553
10.89899,1.8181819,8.991361e-05,-0.00057735667,-3.8438668,-3.2966478,0.047469217,0.00058431603
10.89899,1.8585858,9.0615824e-05,-0.0005784724,-3.4718714,-2.5575264,0.043204352,0.0005855267
10.89899,1.8989899,9.1305e-05,-0.0005791355,-3.0711374,-1.8128228,0.03880143,0.00058628875
10.89899,1.939394,9.199977e-05,-0.00057933293,-2.6446185,-1.0688314,0.031303063,0.00058659236
10.89899,1.979798,9.267032e-05,-0.00057899766,-2.201981,-0.3359647,0.01771032,0.00058636686
11.030303,0.04040404,3.299117e-05,-8.831173e-05,-15.3647,-35.62769,0.66562593,9.42729e-05
11.030303,0.08080808,3.4585595e-05,-0.00010943413,-15.127718,-34.882065,0.658177,0.0001147693
11.030303,0.121212125,3.617257e-05,-0.00013007596,-14.88962,-34.135883,0.64973396,0.00013501188
11.030303,0.16161616,3.773719e-05,-0.00015025213,-14.650498,-33.389362,0.64027536,0.00015491869
11.030303,0.2020202,3.9298087e-05,-0.00016994588,-14.410462,-32.642727,0.6298032,0.00017443033
11.030303,0.24242425,4.0844083e-05,-0.00018917583,-14.169584,-31.896181,0.6183585,0.00019353484
11.030303,0.28282827,4.236959e-05,-0.0002079308,-13.927902,-31.149883,0.6060006,0.00021220368
11.030303,0.32323232,4.387647e-05,-0.00022620521,-13.685472,-30.403973,0.5928119,0.00023042124
11.030303,0.36363637,4.536286e-05,-0.00024401955,-13.442283,-29.658524,0.57889354,0.00024820017
11.030303,0.4040404,4.681945e-05,-0.00026135333,-13.198345,-28.91365,0.5643568,0.00026551387
11.030303,0.44444445,4.827045e-05,-0.00027822144,-12.953673,-28.16944,0.5493258,0.00028237776
11.030303,0.4848485,4.9682334e-05,-0.00029461645,-12.708241,-27.42597,0.5339375,0.00029877614
11.030303,0.5252525,5.1077455e-05,-0.0003105458,-12.462038,-26.68329,0.5183171,0.00031471826
11.030303,0.56565654,5.24465e-05,-0.00032600574,-12.21502,-25.941458,0.5026038,0.00033019748
11.030303,0.6060606,5.3780153e-05,-0.00034100376,-11.967192,-25.200558,0.4869332,0.00034521858
11.030303,0.64646465,5.5106357e-05,-0.0003555324,-11.718528,-24.460674,0.4714205,0.0003597777
11.030303,0.68686867,5.6393445e-05,-0.00036959536,-11.468998,-23.72184,0.45618728,0.0003738729
11.030303,0.72727275,5.766563e-05,-0.00038318895,-11.218586,-22.984129,0.44133735,0.00038750368
11.030303,0.7676768,5.8902428e-05,-0.00039632246,-10.967253,-22.24759,0.42695162,0.00040067566
11.030303,0.8080808,6.0139224e-05,-0.00040899217,-10.715004,-21.512299,0.4130946,0.00041339002
11.030303,0.8484849,6.1329454e-05,-0.00042121112,-10.46179,-20.778244,0.3998133,0.00042565257
11.030303,0.8888889,6.252527e-05,-0.00043296255,-10.207596,-20.045477,0.3871181,0.00043745397
11.030303,0.9292929,6.36857e-05,-0.00044425018,-9.95238,-19.31393,0.37498906,0.0004487918
11.030303,0.969697,6.4836815e-05,-0.00045509264,-9.69613,-18.58361,0.36338124,0.00045968808
11.030303,1.010101,6.596558e-05,-0.00046548434,-9.438768,-17.854383,0.3522048,0.00047013524
11.030303,1.050505,6.707385e-05,-0.00047540292,-9.180268,-17.12616,0.34133947,0.00048011128
11.030303,1.0909091,6.816909e-05,-0.00048488006,-8.9205475,-16.398724,0.33062747,0.00048964855
11.030303,1.1313131,6.924756e-05,-0.0004938971,-8.659544,-15.671879,0.31986305,0.000498728
11.030303,1.1717172,7.031299e-05,-0.0005024709,-8.397172,-14.945382,0.30883488,0.00050736667
11.030303,1.2121212,7.1365386e-05,-0.0005105883,-8.133348,-14.218963,0.29729155,0.0005155516
11.030303,1.2525252,7.239357e-05,-0.0005182568,-7.8680005,-13.492379,0.28497812,0.00052328856
11.030303,1.2929293,7.339567e-05,-0.00052547455,-7.6010365,-12.76538,0.27165222,0.0005305756
11.030303,1.3333334,7.437542e-05,-0.00053225644,-7.332379,-12.0378065,0.25709453,0.0005374278
11.030303,1.3737373,7.532723e-05,-0.0005385764,-7.0619783,-11.309576,0.24115075,0.00054381863
11.030303,1.4141414,7.625297e-05,-0.0005444437,-6.789779,-10.580779,0.22374676,0.0005497577
11.030303,1.4545455,7.7152625e-05,-0.0005498715,-6.515716,-9.851636,0.2049425,0.0005552578
11.030303,1.4949495,7.800385e-05,-0.0005548522,-6.2397146,-9.122572,0.18493931,0.00056030846
11.030303,1.5353535,7.8829005e-05,-0.0005593933,-5.961532,-8.3941145,0.16413318,0.00056492025
11.030303,1.5757576,7.960014e-05,-0.0005634986,-5.680751,-7.666824,0.14310196,0.00056909304
11.030303,1.6161616,8.0343336e-05,-0.0005671587,-5.3965364,-6.941173,0.12260022,0.0005728211
11.030303,1.6565657,8.104555e-05,-0.00057039596,-5.107374,-6.2171254,0.103497654,0.00057612493
11.030303,1.6969697,8.170493e-05,-0.00057319365,-4.8108344,-5.4940104,0.08667519,0.0005789876
11.030303,1.7373737,8.235499e-05,-0.0005755834,-4.5032797,-4.770154,0.07283332,0.0005814453
11.030303,1.7777778,8.2969666e-05,-0.00057754293,-4.179816,-4.042999,0.06226809,0.0005834722
11.030303,1.8181819,8.35862e-05,-0.00057910196,-3.834791,-3.3097427,0.054615356,0.0005851032
11.030303,1.8585858,8.4200874e-05,-0.00058021396,-3.4630828,-2.5688167,0.048632305,0.0005862918
11.030303,1.8989899,8.478761e-05,-0.0005808957,-3.0624328,-1.8221016,0.042197526,0.00058705086
11.030303,1.939394,8.538179e-05,-0.0005811043,-2.6360445,-1.0765219,0.032639436,0.0005873434
11.030303,1.979798,8.594617e-05,-0.00058078393,-2.1939185,-0.3433131,0.017288903,0.0005871088
11.161616,0.04040404,3.2803044e-05,-8.885749e-05,-15.34865,-35.649834,0.6026886,9.471902e-05
11.161616,0.08080808,3.4190714e-05,-0.000109989196,-15.109694,-34.90315,0.5971702,0.000115180854
11.161616,0.121212125,3.5578385e-05,-0.00013066456,-14.869757,-34.15612,0.59060395,0.00013542174
11.161616,0.16161616,3.696978e-05,-0.0001508519,-14.628951,-33.40897,0.5829915,0.00015531601
11.161616,0.2020202,3.8338825e-05,-0.00017057545,-14.387374,-32.661907,0.57433486,0.00017483092
11.161616,0.24242425,3.9692968e-05,-0.0001898203,-14.145073,-31.915066,0.564689,0.00019392597
11.161616,0.28282827,4.1026622e-05,-0.00020859577,-13.902086,-31.16858,0.55412334,0.00021259204
11.161616,0.32323232,4.2360276e-05,-0.0002269037,-13.658455,-30.422571,0.54272383,0.00023082392
11.161616,0.36363637,4.3656677e-05,-0.00024472922,-13.414183,-29.677116,0.5305933,0.00024859264
11.161616,0.4040404,4.4938177e-05,-0.0002620984,-13.169256,-28.93226,0.51786345,0.00026592292
11.161616,0.44444445,4.6212226e-05,-0.000278987,-12.923683,-28.188091,0.50465184,0.00028278845
11.161616,0.4848485,4.7443435e-05,-0.0002953969,-12.677442,-27.444647,0.49109763,0.00029918255
11.161616,0.5252525,4.8674643e-05,-0.0003113579,-12.430514,-26.701979,0.47733304,0.0003151396
11.161616,0.56565654,4.987791e-05,-0.0003268402,-12.18287,-25.960127,0.46350715,0.00033062414
11.161616,0.6060606,5.1049516e-05,-0.00034185871,-11.934493,-25.219168,0.4497385,0.0003456493
11.161616,0.64646465,5.2191317e-05,-0.00035640597,-11.685344,-24.479115,0.43616357,0.0003602071
11.161616,0.68686867,5.3325668e-05,-0.00037048757,-11.435421,-23.74007,0.4228908,0.00037430556
11.161616,0.72727275,5.4441392e-05,-0.00038411282,-11.184699,-23.00208,0.4100217,0.0003879517
11.161616,0.7676768,5.553849e-05,-0.0003972724,-10.933141,-22.265186,0.39764613,0.00040113574
11.161616,0.8080808,5.6611374e-05,-0.00040997192,-10.680732,-21.529434,0.38581866,0.0004138621
11.161616,0.8484849,5.766563e-05,-0.00042220578,-10.427458,-20.794868,0.3745791,0.00042612563
11.161616,0.8888889,5.8708712e-05,-0.00043397956,-10.173302,-20.06152,0.36393687,0.0004379326
11.161616,0.9292929,5.9736893e-05,-0.00044529885,-9.918217,-19.329357,0.35386276,0.00044928785
11.161616,0.969697,6.0753897e-05,-0.00045615435,-9.662178,-18.598347,0.34430358,0.00046018237
11.161616,1.010101,6.173737e-05,-0.00046656653,-9.40513,-17.868397,0.3351657,0.00047063344
11.161616,1.050505,6.2717125e-05,-0.00047649816,-9.147033,-17.1394,0.32631537,0.00048060788
11.161616,1.0909091,6.368756e-05,-0.00048599392,-8.887826,-16.411211,0.31758162,0.0004901492
11.161616,1.1313131,6.464869e-05,-0.00049504265,-8.627423,-15.6835985,0.30876562,0.0004992461
11.161616,1.1717172,6.560236e-05,-0.0005036313,-8.365763,-14.956363,0.29963008,0.000507886
11.161616,1.2121212,6.652996e-05,-0.00051177666,-8.102746,-14.229236,0.2899233,0.0005160829
11.161616,1.2525252,6.744824e-05,-0.0005194545,-7.8382826,-13.501983,0.27938697,0.00052381505
11.161616,1.2929293,6.834604e-05,-0.0005266983,-7.5723166,-12.774416,0.2677692,0.00053111423
11.161616,1.3333334,6.9215894e-05,-0.0005334802,-7.3047533,-12.046376,0.25484407,0.00053795165
11.161616,1.3737373,7.006526e-05,-0.0005398169,-7.0355387,-11.317829,0.24046046,0.00054434495
11.161616,1.4141414,7.088855e-05,-0.0005457066,-6.7646146,-10.588867,0.22453734,0.0005502916
11.161616,1.4545455,7.1682036e-05,-0.00055114925,-6.4919405,-9.8597765,0.2071281,0.00055579114
11.161616,1.4949495,7.2449446e-05,-0.00055614114,-6.2174044,-9.130988,0.18843114,0.00056084036
11.161616,1.5353535,7.3160976e-05,-0.00056069344,-5.940788,-8.403031,0.16881958,0.0005654464
11.161616,1.5757576,7.385947e-05,-0.00056480616,-5.6616282,-7.676451,0.14884552,0.000569615
11.161616,1.6161616,7.4505806e-05,-0.00056847744,-5.3790503,-6.9516068,0.12922654,0.00057333906
11.161616,1.6565657,7.511675e-05,-0.0005717259,-5.091501,-6.228393,0.110774495,0.00057663943
11.161616,1.6969697,7.56979e-05,-0.0005745478,-4.796449,-5.50592,0.09429396,0.000579513
11.161616,1.7373737,7.624924e-05,-0.000576945,-4.4901714,-4.7823453,0.08041926,0.00058196177
11.161616,1.7777778,7.6787546e-05,-0.0005789306,-4.167702,-4.0549197,0.06937325,0.00058400084
11.161616,1.8181819,7.7307224e-05,-0.0005804971,-3.8233361,-3.3207622,0.06076247,0.0005856221
11.161616,1.8585858,7.781573e-05,-0.00058162585,-3.4520087,-2.5784476,0.0534004,0.00058680825
11.161616,1.8989899,7.83205e-05,-0.0005823113,-3.0516028,-1.830229,0.045316204,0.0005875547
11.161616,1.939394,7.880293e-05,-0.00058252737,-2.6255808,-1.0836936,0.034069527,0.00058783335
11.161616,1.979798,7.926673e-05,-0.0005822163,-2.1842673,-0.35084137,0.017320856,0.0005875875
11.29293,0.04040404,3.264472e-05,-8.918345e-05,-15.339782,-35.666103,0.5415084,9.497034e-05
11.29293,0.08080808,3.38573e-05,-0.00011033751,-15.098751,-34.91865,0.5378423,0.00011541526
11.29293,0.121212125,3.5051256e-05,-0.00013102591,-14.85687,-34.171062,0.5330903,0.00013563325
11.29293,0.16161616,3.6247075e-05,-0.00015122816,-14.614251,-33.423553,0.52723134,0.00015551144
11.29293,0.2020202,3.7437305e-05,-0.00017097034,-14.370973,-32.676285,0.5203001,0.00017502117
11.29293,0.24242425,3.860332e-05,-0.00019023567,-14.12706,-31.929356,0.51235527,0.00019411293
11.29293,0.28282827,3.9767474e-05,-0.00020902231,-13.882586,-31.182907,0.50347424,0.00021277166
11.29293,0.32323232,4.0907413e-05,-0.00022734329,-13.637556,-30.437008,0.4937462,0.00023099435
11.29293,0.36363637,4.2028725e-05,-0.00024518743,-13.391971,-29.691708,0.48328754,0.00024876354
11.29293,0.4040404,4.3142587e-05,-0.0002625659,-13.145833,-28.947058,0.47222888,0.00026608672
11.29293,0.44444445,4.423596e-05,-0.00027947873,-12.899135,-28.203115,0.46069854,0.00028295792
11.29293,0.4848485,4.530698e-05,-0.00029591843,-12.65184,-27.45988,0.44883227,0.00029936674
11.29293,0.5252525,4.6359375e-05,-0.00031189062,-12.403935,-26.717398,0.4367837,0.00031531721
11.29293,0.56565654,4.738383e-05,-0.0003273897,-12.155394,-25.975687,0.424682,0.0003308009
11.29293,0.6060606,4.839711e-05,-0.00034243427,-11.90619,-25.234798,0.41266638,0.0003458374
11.29293,0.64646465,4.9395487e-05,-0.00035699643,-11.656307,-24.49478,0.4008609,0.00036039753
11.29293,0.68686867,5.0365925e-05,-0.00037110597,-11.405712,-23.75566,0.38938746,0.00037450815
11.29293,0.72727275,5.1315874e-05,-0.00038475357,-11.154389,-23.0175,0.37834233,0.00038816058
11.29293,0.7676768,5.225092e-05,-0.00039793365,-10.902313,-22.28034,0.3678058,0.00040134942
11.29293,0.8080808,5.3189695e-05,-0.00041064993,-10.649482,-21.54427,0.35783926,0.0004140803
11.29293,0.8484849,5.408004e-05,-0.00042290054,-10.395859,-20.80927,0.3484731,0.00042634437
11.29293,0.8888889,5.4987147e-05,-0.00043470226,-10.141424,-20.07539,0.33971655,0.00043816623
11.29293,0.9292929,5.5864453e-05,-0.00044603832,-9.886157,-19.342613,0.33154184,0.0004495231
11.29293,0.969697,5.674176e-05,-0.0004569199,-9.63003,-18.610931,0.3238747,0.00046042958
11.29293,1.010101,5.7609752e-05,-0.0004673414,-9.372987,-17.880236,0.3166219,0.00047087882
11.29293,1.050505,5.8464706e-05,-0.00047730468,-9.114989,-17.15044,0.30963993,0.000480872
11.29293,1.0909091,5.929731e-05,-0.0004868172,-8.855971,-16.421408,0.30275333,0.0004904153
11.29293,1.1313131,6.014295e-05,-0.0004958734,-8.595877,-15.692957,0.29575244,0.00049950735
11.29293,1.1717172,6.097369e-05,-0.0005044751,-8.3345995,-14.96484,0.28839582,0.00050814654
11.29293,1.2121212,6.178953e-05,-0.0005126428,-8.072079,-14.236878,0.28042322,0.0005163531
11.29293,1.2525252,6.258674e-05,-0.00052033924,-7.808227,-13.508858,0.2715727,0.00052408973
11.29293,1.2929293,6.336719e-05,-0.0005275868,-7.542955,-12.780568,0.26158646,0.0005313786
11.29293,1.3333334,6.413646e-05,-0.00053438544,-7.2762036,-12.051931,0.25024375,0.00053822045
11.29293,1.3737373,6.4885244e-05,-0.0005407389,-7.007915,-11.322941,0.23737995,0.00054461794
11.29293,1.4141414,6.559305e-05,-0.0005466379,-6.7380433,-10.593741,0.22291972,0.0005505592
11.29293,1.4545455,6.629154e-05,-0.0005520843,-6.4665227,-9.86462,0.20690995,0.00055605004
11.29293,1.4949495,6.695464e-05,-0.00055709854,-6.1932597,-9.1360445,0.18954298,0.0005611076
11.29293,1.5353535,6.758422e-05,-0.0005616583,-5.918026,-8.40856,0.17117585,0.00056570984
11.29293,1.5757576,6.817095e-05,-0.00056577846,-5.6403427,-7.682692,0.15233675,0.00056987064
11.29293,1.6161616,6.872602e-05,-0.00056946836,-5.3592577,-6.9586663,0.13370088,0.00057360047
11.29293,1.6565657,6.924011e-05,-0.0005727317,-5.0731936,-6.236312,0.116025016,0.00057690195
11.29293,1.6969697,6.9729984e-05,-0.0005755592,-4.779542,-5.514554,0.10005369,0.0005797678
11.29293,1.7373737,7.020496e-05,-0.0005779788,-4.474479,-4.791359,0.08633848,0.00058222696
11.29293,1.7777778,7.063709e-05,-0.00057996437,-4.152983,-4.0638213,0.07505256,0.0005842502
11.29293,1.8181819,7.1061775e-05,-0.00058153644,-3.8093202,-3.3290336,0.06577535,0.0005858621
11.29293,1.8585858,7.148832e-05,-0.00058268197,-3.4384844,-2.5857086,0.057364516,0.000587051
11.29293,1.8989899,7.188693e-05,-0.00058338605,-3.0385091,-1.8365028,0.04798676,0.0005877984
11.29293,1.939394,7.227808e-05,-0.000583604,-2.6131458,-1.0896606,0.03543762,0.0005880627
11.29293,1.979798,7.2639436e-05,-0.0005833134,-2.1729748,-0.3578658,0.017646361,0.00058781885
11.424242,0.04040404,3.252551e-05,-8.930825e-05,-15.336965,-35.676346,0.4824135,9.504668e-05
11.424242,0.08080808,3.3542514e-05,-0.000110473484,-15.093747,-34.928425,0.48052853,0.00011545341
11.424242,0.121212125,3.456138e-05,-0.00013116747,-14.849801,-34.180565,0.47748414,0.00013564437
11.424242,0.16161616,3.5565346e-05,-0.00015138276,-14.605224,-33.43296,0.47329006,0.00015550446
11.424242,0.2020202,3.6571175e-05,-0.00017112866,-14.360069,-32.68571,0.46797928,0.00017499278
11.424242,0.24242425,3.7565827e-05,-0.0001904089,-14.114405,-31.938955,0.46162522,0.00019407921
11.424242,0.28282827,3.8556755e-05,-0.00020920672,-13.868255,-31.192764,0.4543044,0.00021273004
11.424242,0.32323232,3.9514154e-05,-0.00022754446,-13.6216345,-30.447182,0.44612855,0.00023094988
11.424242,0.36363637,4.046969e-05,-0.00024539605,-13.3745575,-29.702269,0.43721294,0.0002487107
11.424242,0.4040404,4.140474e-05,-0.00026278943,-13.127001,-28.95803,0.42768973,0.00026603127
11.424242,0.44444445,4.2319298e-05,-0.00027970783,-12.878956,-28.214483,0.41769928,0.00028289115
11.424242,0.4848485,4.3218955e-05,-0.00029616617,-12.630397,-27.471643,0.40738362,0.00029930298
11.424242,0.5252525,4.4114888e-05,-0.0003121551,-12.381298,-26.72951,0.39688966,0.00031525694
11.424242,0.56565654,4.4984743e-05,-0.0003276784,-12.131637,-25.98812,0.3863623,0.00033075182
11.424242,0.6060606,4.5830384e-05,-0.00034272298,-11.881387,-25.247463,0.37593257,0.00034577373
11.424242,0.64646465,4.66574e-05,-0.0003573168,-11.630532,-24.50761,0.3657366,0.00036035015
11.424242,0.68686867,4.7471374e-05,-0.00037144497,-11.379022,-23.76855,0.35589352,0.00037446615
11.424242,0.72727275,4.8276037e-05,-0.0003851112,-11.126869,-23.030373,0.34649736,0.00038812525
11.424242,0.7676768,4.9069524e-05,-0.00039830245,-10.874034,-22.293076,0.3376298,0.00040131365
11.424242,0.8080808,4.984252e-05,-0.00041104108,-10.620515,-21.556757,0.3293571,0.000414052
11.424242,0.8484849,5.060248e-05,-0.00042331405,-10.366294,-20.821396,0.32169473,0.0004263278
11.424242,0.8888889,5.1353127e-05,-0.00043512508,-10.111336,-20.087051,0.31465635,0.00043814493
11.424242,0.9292929,5.2092597e-05,-0.00044648536,-9.855631,-19.353697,0.30820188,0.00044951396
11.424242,0.969697,5.2822754e-05,-0.00045737624,-9.599151,-18.621323,0.302264,0.00046041643
11.424242,1.010101,5.3567812e-05,-0.00046781823,-9.34184,-17.889864,0.2967336,0.00047087515
11.424242,1.050505,5.429238e-05,-0.00047780015,-9.083672,-17.15923,0.2914667,0.00048087485
11.424242,1.0909091,5.500391e-05,-0.00048733503,-8.824579,-16.429296,0.28627765,0.0004904292
11.424242,1.1313131,5.5709854e-05,-0.0004964061,-8.5645,-15.699883,0.28094992,0.0004995224
11.424242,1.1717172,5.641207e-05,-0.000505019,-8.303343,-14.9708,0.2752472,0.0005081599
11.424242,1.2121212,5.7104975e-05,-0.0005131904,-8.041052,-14.241881,0.26889154,0.0005163578
11.424242,1.2525252,5.7786703e-05,-0.0005209055,-7.7775316,-13.512933,0.2616252,0.00052410096
11.424242,1.2929293,5.8470294e-05,-0.00052817166,-7.512711,-12.783805,0.25318104,0.0005313982
11.424242,1.3333334,5.9118494e-05,-0.00053498335,-7.246525,-12.054434,0.24334492,0.0005382399
11.424242,1.3737373,5.974993e-05,-0.00054134615,-6.9789324,-11.324876,0.2319507,0.00054463354
11.424242,1.4141414,6.036833e-05,-0.00054724887,-6.7098775,-10.595302,0.21892324,0.0005505685
11.424242,1.4545455,6.096065e-05,-0.0005527176,-6.4393163,-9.866057,0.2043007,0.0005560692
11.424242,1.4949495,6.1519444e-05,-0.0005577337,-6.167142,-9.137621,0.18827096,0.0005611163
11.424242,1.5353535,6.204657e-05,-0.0005623009,-5.8931174,-8.410542,0.17118469,0.0005657138
11.424242,1.5757576,6.253272e-05,-0.00056643784,-5.616733,-7.6852894,0.15353586,0.0005698791
11.424242,1.6161616,6.2992796e-05,-0.0005701333,-5.3370357,-6.962087,0.13596004,0.00057360274
11.424242,1.6565657,6.342493e-05,-0.0005733948,-5.05234,-6.2405553,0.119175635,0.000576892
11.424242,1.6969697,6.38254e-05,-0.00057624653,-4.7599926,-5.519518,0.1038525,0.0005797704
11.424242,1.7373737,6.420165e-05,-0.00057866797,-4.456091,-4.7967544,0.09047962,0.0005822186
11.424242,1.7777778,6.4555556e-05,-0.0005806722,-4.1355433,-4.069231,0.07917884,0.0005842496
11.424242,1.8181819,6.488152e-05,-0.000582248,-3.7926283,-3.3340287,0.069517136,0.0005858518
11.424242,1.8585858,6.520003e-05,-0.0005834084,-3.4224055,-2.5900545,0.060378563,0.0005870404
11.424242,1.8989899,6.550737e-05,-0.00058411434,-3.0230818,-1.8403672,0.050071202,0.0005877761
11.424242,1.939394,6.5801665e-05,-0.0005843472,-2.5986552,-1.0938241,0.036578074,0.0005880404
11.424242,1.979798,6.6047534e-05,-0.0005840566,-2.1599762,-0.36376935,0.018089231,0.0005877792
11.555555,0.04040404,3.242679e-05,-8.922629e-05,-15.339055,-35.68059,0.42567924,9.493592e-05
11.555555,0.08080808,3.3255666e-05,-0.000110389665,-15.093549,-34.932545,0.42547035,0.000115290146
11.555555,0.121212125,3.4097582e-05,-0.00013108738,-14.847411,-34.184723,0.42403668,0.00013544942
11.555555,0.16161616,3.4928322e-05,-0.00015131198,-14.600736,-33.43728,0.42139548,0.00015529103
11.555555,0.2020202,3.575161e-05,-0.00017106533,-14.35358,-32.69031,0.4175987,0.00017476134
11.555555,0.24242425,3.6563724e-05,-0.00019033998,-14.10601,-31.943974,0.41271463,0.00019382006
11.555555,0.28282827,3.737025e-05,-0.00020914897,-13.858032,-31.198248,0.4068355,0.00021246135
11.555555,0.32323232,3.81656e-05,-0.00022749603,-13.6096735,-30.453218,0.40007764,0.00023067521
11.555555,0.36363637,3.8944185e-05,-0.00024536066,-13.360928,-29.708874,0.39257392,0.00024843207
11.555555,0.4040404,3.9719045e-05,-0.00026276708,-13.111781,-28.965221,0.38444763,0.00026575202
11.555555,0.44444445,4.046783e-05,-0.00027970038,-12.862214,-28.222263,0.37585288,0.00028261272
11.555555,0.4848485,4.1197985e-05,-0.00029616058,-12.612218,-27.480003,0.36693728,0.00029901232
11.555555,0.5252525,4.1928142e-05,-0.00031216256,-12.36175,-26.738413,0.35784757,0.00031496576
11.555555,0.56565654,4.2643398e-05,-0.00032770075,-12.110793,-25.99749,0.3487327,0.00033046366
11.555555,0.6060606,4.33214e-05,-0.00034276396,-11.859307,-25.257236,0.33973342,0.0003454908
11.555555,0.64646465,4.400313e-05,-0.00035735965,-11.60728,-24.517685,0.33098337,0.0003600586
11.555555,0.68686867,4.4660643e-05,-0.00037150458,-11.354684,-23.778849,0.32259968,0.00037417942
11.555555,0.72727275,4.5308843e-05,-0.00038518012,-11.101504,-23.040768,0.31467733,0.0003878358
11.555555,0.7676768,4.594773e-05,-0.00039839745,-10.847709,-22.303444,0.30730647,0.0004010383
11.555555,0.8080808,4.6579167e-05,-0.0004111491,-10.5933075,-21.566954,0.30054498,0.00041377917
11.555555,0.8484849,4.718639e-05,-0.00042343326,-10.338271,-20.831316,0.29441318,0.00042605432
11.555555,0.8888889,4.7802925e-05,-0.00043526664,-10.082578,-20.096542,0.28891554,0.00043788375
11.555555,0.9292929,4.840456e-05,-0.0004466325,-9.826211,-19.362638,0.2840095,0.0004492478
11.555555,0.969697,4.900247e-05,-0.00045755133,-9.569148,-18.629585,0.27962753,0.00046016785
11.555555,1.010101,4.960224e-05,-0.00046800822,-9.3113575,-17.897343,0.2756512,0.00047062946
11.555555,1.050505,5.0181523e-05,-0.00047800317,-9.052781,-17.165813,0.27193725,0.00048063003
11.555555,1.0909091,5.078502e-05,-0.00048754923,-8.793372,-16.434887,0.26828873,0.0004901871
11.555555,1.1313131,5.136989e-05,-0.0004966352,-8.53307,-15.70444,0.26449245,0.0004992849
11.555555,1.1717172,5.1941723e-05,-0.0005052686,-8.271802,-14.974293,0.26029515,0.00050793134
11.555555,1.2121212,5.2513555e-05,-0.00051344186,-8.009493,-14.24429,0.25543094,0.00051612034
11.555555,1.2525252,5.308725e-05,-0.00052117184,-7.7460747,-13.514279,0.2496299,0.00052386866
11.555555,1.2929293,5.3638592e-05,-0.0005284436,-7.481469,-12.784161,0.24263756,0.0005311589
11.555555,1.3333334,5.4182485e-05,-0.0005352665,-7.215624,-12.053923,0.23422298,0.00053800177
11.555555,1.3737373,5.4705888e-05,-0.00054163113,-6.9485083,-11.323649,0.22423041,0.0005443868
11.555555,1.4141414,5.521439e-05,-0.0005475506,-6.68007,-10.593585,0.21258254,0.0005503275
11.555555,1.4545455,5.5691227e-05,-0.00055301934,-6.4102726,-9.864081,0.19932431,0.00055581646
11.555555,1.4949495,5.61513e-05,-0.00055805594,-6.1390157,-9.135672,0.18462871,0.00056087377
11.555555,1.5353535,5.657226e-05,-0.000562625,-5.866033,-8.40888,0.16883367,0.00056546205
11.555555,1.5757576,5.6957826e-05,-0.0005667694,-5.5908055,-7.6841674,0.15241286,0.0005696242
11.555555,1.6161616,5.732663e-05,-0.00057047233,-5.312333,-6.9616537,0.13597003,0.00057334546
11.555555,1.6565657,5.7661906e-05,-0.0005737506,-5.0288897,-6.240901,0.12016685,0.0005766408
11.555555,1.6969697,5.7958066e-05,-0.0005765967,-4.737746,-5.52053,0.105618596,0.0005795023
11.555555,1.7373737,5.8246776e-05,-0.0005790312,-4.434934,-4.798194,0.09276021,0.00058195344
11.555555,1.7777778,5.850382e-05,-0.0005810391,-4.1153307,-4.0707645,0.0816618,0.000583977
11.555555,1.8181819,5.8740377e-05,-0.00058263727,-3.773207,-3.3353376,0.071864255,0.0005855908
11.555555,1.8585858,5.8965757e-05,-0.0005837921,-3.4037218,-2.5910354,0.062310968,0.00058676244
11.555555,1.8989899,5.917251e-05,-0.0005845167,-3.005272,-1.8413582,0.051408164,0.0005875042
11.555555,1.939394,5.9364364e-05,-0.00058475323,-2.5820794,-1.0957239,0.03733248,0.00058775884
11.555555,1.979798,5.9511513e-05,-0.00058447197,-2.1452417,-0.3681048,0.018486448,0.00058749394
11.686869,0.04040404,3.230013e-05,-8.893013e-05,-15.344931,-35.67903,0.37152213,9.4614305e-05
11.686869,0.08080808,3.296137e-05,-0.000110100955,-15.097058,-34.931202,0.37287664,0.00011492899
11.686869,0.121212125,3.361702e-05,-0.00013079122,-14.848625,-34.183674,0.3729364,0.00013504238
11.686869,0.16161616,3.4274533e-05,-0.00015101768,-14.599761,-33.436684,0.37173414,0.00015485827
11.686869,0.2020202,3.4935772e-05,-0.00017076544,-14.350508,-32.690277,0.36932343,0.00017430245
11.686869,0.24242425,3.5585836e-05,-0.00019005127,-14.100905,-31.944561,0.36578706,0.00019335418
11.686869,0.28282827,3.6206096e-05,-0.00020885281,-13.850989,-31.19954,0.36122662,0.00021196787
11.686869,0.32323232,3.6852434e-05,-0.00022720918,-13.600757,-30.455242,0.35576117,0.00023017844
11.686869,0.36363637,3.7459657e-05,-0.000245085,-13.350227,-29.711689,0.3495284,0.0002479312
11.686869,0.4040404,3.806874e-05,-0.0002624914,-13.099372,-28.968842,0.34266394,0.00026523758
11.686869,0.44444445,3.8655475e-05,-0.0002794303,-12.848159,-28.226654,0.33532292,0.00028209135
11.686869,0.4848485,3.923662e-05,-0.00029590167,-12.596586,-27.485136,0.32765675,0.00029849174
11.686869,0.5252525,3.9797276e-05,-0.00031190552,-12.344602,-26.744225,0.31981954,0.0003144342
11.686869,0.56565654,4.033558e-05,-0.00032745302,-12.092206,-26.00395,0.31196564,0.00032992792
11.686869,0.6060606,4.0879473e-05,-0.00034253486,-11.839347,-25.264246,0.30422848,0.00034496558
11.686869,0.64646465,4.1402876e-05,-0.0003571473,-11.58601,-24.525158,0.29675585,0.00035953915
11.686869,0.68686867,4.191138e-05,-0.00037129968,-11.332164,-23.786648,0.2896617,0.00037365762
11.686869,0.72727275,4.2416155e-05,-0.000384992,-11.077804,-23.048765,0.2830467,0.00038732152
11.686869,0.7676768,4.290603e-05,-0.00039821863,-10.822904,-22.311544,0.27699986,0.00040052342
11.686869,0.8080808,4.3388456e-05,-0.00041098148,-10.567451,-21.574987,0.27157143,0.00041326543
11.686869,0.8484849,4.386343e-05,-0.00042328984,-10.311426,-20.839113,0.26678625,0.0004255564
11.686869,0.8888889,4.4323504e-05,-0.00043513067,-10.054827,-20.103968,0.2626475,0.00043738232
11.686869,0.9292929,4.4796616e-05,-0.00044651516,-9.797623,-19.369535,0.25911373,0.00044875665
11.686869,0.969697,4.5254827e-05,-0.00045744702,-9.539796,-18.635805,0.25611064,0.00045968007
11.686869,1.010101,4.5718625e-05,-0.0004679095,-9.281313,-17.902758,0.25351924,0.00047013775
11.686869,1.050505,4.61787e-05,-0.00047792122,-9.0221405,-17.170298,0.2511802,0.00048014702
11.686869,1.0909091,4.6640635e-05,-0.00048747845,-8.762217,-16.438341,0.24891627,0.0004897046
11.686869,1.1313131,4.7096983e-05,-0.0004965775,-8.501489,-15.7067585,0.24649169,0.0004988059
11.686869,1.1717172,4.7549605e-05,-0.00050522573,-8.239897,-14.975425,0.24365759,0.0005074584
11.686869,1.2121212,4.799664e-05,-0.00051340647,-7.9773555,-14.244206,0.2401497,0.0005156451
11.686869,1.2525252,4.846044e-05,-0.0005211476,-7.713816,-13.513012,0.23568907,0.0005233959
11.686869,1.2929293,4.888326e-05,-0.00052842125,-7.4492183,-12.781764,0.23003274,0.0005306775
11.686869,1.3333334,4.9317256e-05,-0.00053525344,-7.1835117,-12.050505,0.2229491,0.0005375206
11.686869,1.3737373,4.9732625e-05,-0.00054162927,-6.9166713,-11.319379,0.21428274,0.0005439077
11.686869,1.4141414,5.0120056e-05,-0.0005475618,-6.6486626,-10.588661,0.203959,0.0005498508
11.686869,1.4545455,5.0485134e-05,-0.00055303425,-6.379444,-9.858764,0.19202147,0.0005553338
11.686869,1.4949495,5.084835e-05,-0.0005580671,-6.1089144,-9.130226,0.17863931,0.00056037883
11.686869,1.5353535,5.117245e-05,-0.0005626455,-5.8368177,-8.403599,0.16413721,0.00056496775
11.686869,1.5757576,5.1463023e-05,-0.0005668029,-5.5625906,-7.6792803,0.14896837,0.0005691344
11.686869,1.6161616,5.1712617e-05,-0.0005705077,-5.2851996,-6.9573407,0.13370708,0.0005728466
11.686869,1.6565657,5.1956624e-05,-0.00057378784,-5.0028815,-6.2372255,0.11896455,0.00057613535
11.686869,1.6969697,5.2161515e-05,-0.0005766433,-4.71283,-5.517425,0.10530696,0.00057899766
11.686869,1.7373737,5.234778e-05,-0.00057907775,-4.4110403,-4.795479,0.093112275,0.000581439
11.686869,1.7777778,5.2500516e-05,-0.000581095,-4.0923514,-4.0681863,0.08240799,0.00058346184
11.686869,1.8181819,5.264394e-05,-0.00058269687,-3.7510633,-3.3327007,0.07273006,0.0005850701
11.686869,1.8585858,5.2776188e-05,-0.00058385544,-3.382442,-2.5883665,0.06305097,0.0005862359
11.686869,1.8989899,5.289726e-05,-0.0005845893,-2.985069,-1.8391521,0.05188383,0.0005869777
11.686869,1.939394,5.2979216e-05,-0.00058483146,-2.5634117,-1.0950221,0.03756387,0.00058722624
11.686869,1.979798,5.3036958e-05,-0.0005845614,-2.128765,-0.37048683,0.01867559,0.00058696244
11.818182,0.04040404,3.215857e-05,-8.843839e-05,-15.353602,-35.672012,0.32007158,9.410379e-05
11.818182,0.08080808,3.2650307e-05,-0.00010959804,-15.103295,-34.924667,0.3228748,0.00011435809
11.818182,0.121212125,3.313087e-05,-0.00013028644,-14.852529,-34.177765,0.32431245,0.00013443292
11.818182,0.16161616,3.3626333e-05,-0.00015050173,-14.6013975,-33.43147,0.3244284,0.00015421252
11.818182,0.2020202,3.4114346e-05,-0.00017025508,-14.349957,-32.685852,0.32328063,0.00017363923
11.818182,0.24242425,3.458932e-05,-0.00018952787,-14.098258,-31.940992,0.32097048,0.00019265834
11.818182,0.28282827,3.5071746e-05,-0.00020834059,-13.846321,-31.1969,0.31759796,0.00021127192
11.818182,0.32323232,3.5548583e-05,-0.00022668391,-13.594141,-30.453545,0.31329557,0.00022945435
11.818182,0.36363637,3.599748e-05,-0.0002445504,-13.34174,-29.710955,0.30819738,0.0002471856
11.818182,0.4040404,3.6446378e-05,-0.00026196614,-13.089069,-28.969053,0.3024554,0.0002644893
11.818182,0.44444445,3.687106e-05,-0.0002789162,-12.836133,-28.227842,0.29622602,0.0002813427
11.818182,0.4848485,3.730692e-05,-0.00029539503,-12.582878,-27.487207,0.28966302,0.00029774153
11.818182,0.5252525,3.770739e-05,-0.00031141378,-12.329296,-26.747162,0.2829276,0.00031368836
11.818182,0.56565654,3.809668e-05,-0.00032695383,-12.075365,-26.007668,0.27617282,0.00032916586
11.818182,0.6060606,3.84897e-05,-0.00034204684,-11.821021,-25.268661,0.26954767,0.00034420562
11.818182,0.64646465,3.8854778e-05,-0.00035667233,-11.566272,-24.530144,0.26318663,0.00035878245
11.818182,0.68686867,3.9219856e-05,-0.0003708303,-11.311075,-23.792114,0.25721776,0.00037289853
11.818182,0.72727275,3.9583072e-05,-0.00038453005,-11.055412,-23.054548,0.25173607,0.000386562
11.818182,0.7676768,3.992021e-05,-0.00039777346,-10.799285,-22.317503,0.24683431,0.0003997716
11.818182,0.8080808,4.0266663e-05,-0.0004105512,-10.542658,-21.580946,0.24256305,0.00041252113
11.818182,0.8484849,4.060194e-05,-0.0004228726,-10.285522,-20.844921,0.2389506,0.00042481732
11.818182,0.8888889,4.0922314e-05,-0.00043472275,-10.027877,-20.10946,0.23599645,0.0004366446
11.818182,0.9292929,4.1259453e-05,-0.00044612028,-9.769689,-19.374527,0.23365259,0.00044802416
11.818182,0.969697,4.1576102e-05,-0.0004570596,-9.510947,-18.64014,0.23184632,0.00045894666
11.818182,1.010101,4.1909516e-05,-0.00046754256,-9.251621,-17.906256,0.23045598,0.00046941714
11.818182,1.050505,4.224293e-05,-0.0004775636,-8.9916725,-17.17282,0.22932908,0.00047942824
11.818182,1.0909091,4.2578205e-05,-0.00048713014,-8.731058,-16.43975,0.22827661,0.00048898737
11.818182,1.1313131,4.2902306e-05,-0.00049624033,-8.469726,-15.706967,0.22705941,0.00049809145
11.818182,1.1717172,4.3241307e-05,-0.0005048942,-8.207618,-14.9743595,0.22544101,0.0005067425
11.818182,1.2121212,4.355982e-05,-0.0005130917,-7.944666,-14.2418165,0.22314474,0.0005149374
11.818182,1.2525252,4.3889508e-05,-0.0005208403,-7.6808248,-13.5093,0.21990259,0.0005226862
11.818182,1.2929293,4.4213608e-05,-0.00052812137,-7.416038,-12.776783,0.21546154,0.0005299689
11.818182,1.3333334,4.452467e-05,-0.000534961,-7.1502776,-12.044355,0.2096041,0.0005368107
11.818182,1.3737373,4.4826418e-05,-0.0005413424,-6.8835177,-11.312218,0.20217906,0.00054319523
11.818182,1.4141414,4.509464e-05,-0.00054727495,-6.615756,-10.580691,0.1931111,0.0005491297
11.818182,1.4545455,4.537031e-05,-0.0005527511,-6.3469477,-9.850249,0.18244226,0.00055461004
11.818182,1.4949495,4.561059e-05,-0.00055779144,-6.076977,-9.121417,0.17034338,0.0005596531
11.818182,1.5353535,4.582107e-05,-0.0005623754,-5.805586,-8.39476,0.157126,0.000564239
11.818182,1.5757576,4.6020374e-05,-0.0005665291,-5.532192,-7.670667,0.14322078,0.0005683952
11.818182,1.6161616,4.61787e-05,-0.0005702451,-5.255738,-6.949129,0.12917428,0.0005721118
11.818182,1.6565657,4.630536e-05,-0.0005735215,-4.9743996,-6.2294936,0.115558185,0.0005753878
11.818182,1.6969697,4.6424568e-05,-0.0005763769,-4.6853275,-5.510148,0.10288603,0.0005782435
11.818182,1.7373737,4.6506524e-05,-0.0005788207,-4.384472,-4.7885094,0.091496564,0.000580686
11.818182,1.7777778,4.656613e-05,-0.00058084726,-4.066667,-4.061374,0.081368156,0.00058271084
11.818182,1.8181819,4.6620145e-05,-0.0005824398,-3.7262478,-3.3259537,0.07203576,0.00058430264
11.818182,1.8585858,4.666671e-05,-0.0005836114,-3.3586159,-2.5819027,0.062507495,0.00058547425
11.818182,1.8989899,4.6676025e-05,-0.0005843472,-2.9625323,-1.8335747,0.051383365,0.00058620836
11.818182,1.939394,4.6662986e-05,-0.0005845912,-2.5426824,-1.0914989,0.037138656,0.00058645057
11.818182,1.979798,4.6620145e-05,-0.0005843248,-2.1105652,-0.37068245,0.018517219,0.00058618165
11.949495,0.04040404,3.1977892e-05,-8.773245e-05,-15.364173,-35.65988,0.27142155,9.337863e-05
11.949495,0.08080808,3.231503e-05,-0.00010888092,-15.111404,-34.9133,0.27554935,0.00011357516
11.949495,0.121212125,3.2635406e-05,-0.00012955628,-14.858259,-34.167282,0.27824143,0.00013360352
11.949495,0.16161616,3.2965094e-05,-0.00014976598,-14.604846,-33.42195,0.27955058,0.00015335105
11.949495,0.2020202,3.329292e-05,-0.00016951188,-14.351196,-32.67737,0.27954262,0.0001727504
11.949495,0.24242425,3.3618882e-05,-0.00018878095,-14.097355,-31.933558,0.27833152,0.00019175108
11.949495,0.28282827,3.393367e-05,-0.00020758621,-13.843361,-31.190588,0.27602056,0.00021034146
11.949495,0.32323232,3.424473e-05,-0.00022592954,-13.589194,-30.448372,0.27274728,0.00022851008
11.949495,0.36363637,3.454089e-05,-0.0002437979,-13.33486,-29.70692,0.26865536,0.0002462326
11.949495,0.4040404,3.484264e-05,-0.00026121922,-13.08035,-28.966167,0.2639,0.0002635327
11.949495,0.44444445,3.5122037e-05,-0.0002781581,-12.825618,-28.226048,0.25864074,0.00028036672
11.949495,0.4848485,3.5401434e-05,-0.00029464997,-12.570649,-27.486485,0.2530399,0.00029676905
11.949495,0.5252525,3.565289e-05,-0.00031066313,-12.315404,-26.747435,0.24725653,0.00031270226
11.949495,0.56565654,3.5896897e-05,-0.00032621808,-12.05986,-26.008846,0.24145281,0.0003281872
11.949495,0.6060606,3.613159e-05,-0.0003413111,-11.803985,-25.270678,0.23577864,0.00034321824
11.949495,0.64646465,3.6366284e-05,-0.0003559403,-11.547748,-24.532873,0.23037189,0.00035779327
11.949495,0.68686867,3.658235e-05,-0.00037011504,-11.29112,-23.795404,0.22536094,0.00037191855
11.949495,0.72727275,3.6802143e-05,-0.0003838241,-11.034096,-23.058289,0.22085023,0.00038558443
11.949495,0.7676768,3.699027e-05,-0.00039706938,-10.776648,-22.321493,0.21692364,0.00039878863
11.949495,0.8080808,3.719516e-05,-0.00040985644,-10.518753,-21.58503,0.21363398,0.00041154076
11.949495,0.8484849,3.7401915e-05,-0.0004221946,-10.26041,-20.848913,0.21101554,0.00042384808
11.949495,0.8888889,3.759004e-05,-0.0004340578,-10.001608,-20.113167,0.20906146,0.00043568242
11.949495,0.9292929,3.7783757e-05,-0.00044546276,-9.742325,-19.377762,0.2077329,0.00044706228
11.949495,0.969697,3.797002e-05,-0.00045641698,-9.482543,-18.642714,0.20694762,0.00045799365
11.949495,1.010101,3.81805e-05,-0.0004669018,-9.222241,-17.907988,0.20658925,0.0004684603
11.949495,1.050505,3.8379803e-05,-0.00047693588,-8.96138,-17.173542,0.2064991,0.00047847762
11.949495,1.0909091,3.8579106e-05,-0.00048651733,-8.699928,-16.439337,0.20648566,0.00048804452
11.949495,1.1313131,3.877282e-05,-0.000495635,-8.437833,-15.705261,0.2063191,0.00049714925
11.949495,1.1717172,3.8992614e-05,-0.0005042963,-8.175039,-14.971266,0.20575671,0.00050580146
11.949495,1.2121212,3.9204955e-05,-0.0005125068,-7.911511,-14.237301,0.20452538,0.00051400415
11.949495,1.2525252,3.941171e-05,-0.00052025355,-7.6471863,-13.503333,0.20236543,0.0005217442
11.949495,1.2929293,3.961101e-05,-0.00052754954,-7.382049,-12.769423,0.1990204,0.0005290345
11.949495,1.3333334,3.9810315e-05,-0.00053438917,-7.1160626,-12.03569,0.19428307,0.00053587
11.949495,1.3737373,3.9994717e-05,-0.0005407706,-6.8492184,-11.302376,0.18800336,0.00054224755
11.949495,1.4141414,4.016608e-05,-0.00054671057,-6.5815144,-10.569877,0.18011256,0.00054818403
11.949495,1.4545455,4.031509e-05,-0.0005521942,-6.312925,-9.838683,0.17065269,0.0005536639
11.949495,1.4949495,4.044734e-05,-0.0005572252,-6.0433483,-9.109391,0.15979764,0.0005586913
11.949495,1.5353535,4.0562823e-05,-0.00056182034,-5.772492,-8.382525,0.14783594,0.00056328275
11.949495,1.5757576,4.063733e-05,-0.0005659666,-5.4997706,-7.65846,0.13519983,0.00056742365
11.949495,1.6161616,4.0696934e-05,-0.00056968257,-5.224095,-6.937139,0.12239238,0.0005711344
11.949495,1.6565657,4.0726736e-05,-0.0005729683,-4.94358,-6.2177815,0.109952666,0.0005744139
11.949495,1.6969697,4.0741637e-05,-0.00057583116,-4.6553645,-5.498722,0.09835834,0.00057727064
11.949495,1.7373737,4.0737912e-05,-0.0005782675,-4.3553495,-4.7772975,0.087886736,0.0005797007
11.949495,1.7777778,4.068762e-05,-0.0005802866,-4.038378,-4.050291,0.07850626,0.0005817113
11.949495,1.8181819,4.0661544e-05,-0.00058189593,-3.6988664,-3.3150682,0.06972923,0.00058331486
11.949495,1.8585858,4.0592626e-05,-0.0005830601,-3.3323238,-2.5715404,0.06060869,0.0005844714
11.949495,1.8989899,4.0499493e-05,-0.00058378093,-2.9377193,-1.8245127,0.049821153,0.0005851841
11.949495,1.939394,4.040636e-05,-0.000584038,-2.5199606,-1.0850413,0.035955217,0.0005854341
11.949495,1.979798,4.0261075e-05,-0.00058378093,-2.0906813,-0.3685299,0.017888943,0.0005851676
12.080808,0.04040404,3.1761825e-05,-8.683093e-05,-15.375887,-35.64304,0.22561319,9.245768e-05
12.080808,0.08080808,3.193319e-05,-0.00010796636,-15.120685,-34.897522,0.23094009,0.000112589805
12.080808,0.121212125,3.210455e-05,-0.00012863241,-14.865178,-34.15262,0.2347595,0.00013257828
12.080808,0.16161616,3.227964e-05,-0.00014882535,-14.609471,-33.40847,0.23713365,0.00015228578
12.080808,0.2020202,3.2451004e-05,-0.00016855448,-14.353609,-32.66513,0.23814881,0.00017164988
12.080808,0.24242425,3.2629818e-05,-0.00018782169,-14.097636,-31.922602,0.23790386,0.00019063496
12.080808,0.28282827,3.279932e-05,-0.00020662136,-13.841569,-31.18091,0.2365295,0.00020920846
12.080808,0.32323232,3.2957643e-05,-0.00022495352,-13.585401,-30.440016,0.23416077,0.00022735499
12.080808,0.36363637,3.311038e-05,-0.00024282187,-13.329141,-29.699863,0.23094445,0.0002450689
12.080808,0.4040404,3.325194e-05,-0.00026023202,-13.07276,-28.960403,0.22704303,0.00026234786
12.080808,0.44444445,3.3393502e-05,-0.00027717464,-12.816229,-28.221533,0.2226206,0.000279179
12.080808,0.4848485,3.3516437e-05,-0.00029365905,-12.55951,-27.483183,0.2178374,0.00029556555
12.080808,0.5252525,3.363192e-05,-0.0003096778,-12.302586,-26.745272,0.212868,0.0003114987
12.080808,0.56565654,3.373809e-05,-0.00032524206,-12.045412,-26.007732,0.20787172,0.00032698724
12.080808,0.6060606,3.3825636e-05,-0.00034033507,-11.787967,-25.270494,0.20299272,0.0003420119
12.080808,0.64646465,3.391318e-05,-0.00035497174,-11.53021,-24.533512,0.1983869,0.00035658805
12.080808,0.68686867,3.3993274e-05,-0.00036915205,-11.272109,-23.796724,0.19417745,0.00037071388
12.080808,0.72727275,3.406778e-05,-0.00038286299,-11.013663,-23.060118,0.19046468,0.00038437571
12.080808,0.7676768,3.413111e-05,-0.00039613247,-10.754831,-22.323658,0.18734418,0.00039760015
12.080808,0.8080808,3.418699e-05,-0.00040892325,-10.495625,-21.58738,0.18487109,0.0004103498
12.080808,0.8484849,3.425777e-05,-0.0004212577,-10.236003,-20.851242,0.18307163,0.00042264836
12.080808,0.8888889,3.4322962e-05,-0.00043312646,-9.975969,-20.11525,0.18195057,0.00043448427
12.080808,0.9292929,3.4380704e-05,-0.00044455566,-9.715496,-19.3794,0.1814543,0.00044588314
12.080808,0.969697,3.444031e-05,-0.0004555229,-9.454589,-18.64372,0.18151668,0.000456823
12.080808,1.010101,3.4514815e-05,-0.00046601705,-9.193197,-17.908142,0.18201472,0.00046729343
12.080808,1.050505,3.4580007e-05,-0.00047605485,-8.9313135,-17.172672,0.18278873,0.0004773091
12.080808,1.0909091,3.4661964e-05,-0.0004856456,-8.668892,-16.437243,0.1836485,0.000486881
12.080808,1.1313131,3.4747645e-05,-0.0004947614,-8.405898,-15.701827,0.18436837,0.0004959801
12.080808,1.1717172,3.482774e-05,-0.00050343946,-8.142291,-14.966381,0.18470867,0.0005046427
12.080808,1.2121212,3.491342e-05,-0.00051165745,-7.8780317,-14.2308855,0.1843961,0.0005128472
12.080808,1.2525252,3.499724e-05,-0.00051941164,-7.6130757,-13.495363,0.18317717,0.00052058935
12.080808,1.2929293,3.508106e-05,-0.0005267039,-7.3474097,-12.759904,0.18080583,0.0005278709
12.080808,1.3333334,3.5148114e-05,-0.00053354725,-7.081026,-12.024708,0.1770732,0.0005347037
12.080808,1.3737373,3.5218894e-05,-0.00053993985,-6.8139286,-11.290087,0.17183992,0.00054108724
12.080808,1.4141414,3.5274774e-05,-0.0005458724,-6.5461197,-10.556431,0.16504896,0.0005470109
12.080808,1.4545455,3.5323203e-05,-0.00055135414,-6.277589,-9.824325,0.15673251,0.0005524845
12.080808,1.4949495,3.5345554e-05,-0.00055638887,-6.0082097,-9.094342,0.14706817,0.0005575104
12.080808,1.5353535,3.5347417e-05,-0.00056098215,-5.7377224,-8.3670635,0.13633917,0.0005620947
12.080808,1.5757576,3.5326928e-05,-0.0005651284,-5.4654975,-7.6428022,0.124956295,0.0005662315
12.080808,1.6161616,3.5287812e-05,-0.0005688481,-5.1904173,-6.9214516,0.11340319,0.0005699416
12.080808,1.6565657,3.520772e-05,-0.0005721245,-4.9105835,-6.2021856,0.10218354,0.0005732068
12.080808,1.6969697,3.51239e-05,-0.0005749855,-4.623083,-5.483249,0.09173268,0.00057605735
12.080808,1.7373737,3.5014004e-05,-0.0005774349,-4.3238115,-4.7619166,0.08229767,0.0005784955
12.080808,1.7777778,3.488362e-05,-0.00057945214,-4.0076323,-4.035023,0.073810734,0.0005805012
12.080808,1.8181819,3.4745783e-05,-0.00058104657,-3.6690388,-3.3000848,0.0657901,0.0005820845
12.080808,1.8585858,3.458187e-05,-0.00058221817,-3.3036857,-2.557326,0.05731374,0.0005832443
12.080808,1.8989899,3.439933e-05,-0.0005829446,-2.9107504,-1.8119997,0.04712709,0.00058395864
12.080808,1.939394,3.4200028e-05,-0.0005831942,-2.4953263,-1.0756159,0.033925757,0.0005841961
12.080808,1.979798,3.3974648e-05,-0.00058293715,-2.0691767,-0.3639497,0.016683284,0.0005839264
12.212121,0.04040404,3.149733e-05,-8.573197e-05,-15.388133,-35.621895,0.18263133,9.1334834e-05
12.212121,0.08080808,3.1515956e-05,-0.00010684319,-15.13052,-34.87767,0.1890311,0.000111394445
12.212121,0.121212125,3.154017e-05,-0.00012749247,-14.872713,-34.134163,0.1938566,0.00013133588
12.212121,0.16161616,3.156811e-05,-0.00014767423,-14.614751,-33.3914,0.1971786,0.00015101068
12.212121,0.2020202,3.1599775e-05,-0.0001673866,-14.356728,-32.649498,0.19908482,0.00017034325
12.212121,0.24242425,3.163144e-05,-0.00018663518,-14.098638,-31.908422,0.199694,0.0001892967
12.212121,0.28282827,3.164448e-05,-0.00020542927,-13.84053,-31.168203,0.19913107,0.00020785225
12.212121,0.32323232,3.1670555e-05,-0.0002237577,-13.5823965,-30.428776,0.19753867,0.00022598791
12.212121,0.36363637,3.1676143e-05,-0.00024161674,-13.324208,-29.690067,0.19507387,0.00024368428
12.212121,0.4040404,3.1683594e-05,-0.00025902689,-13.065979,-28.95204,0.19189532,0.00026095743
12.212121,0.44444445,3.1678006e-05,-0.0002759695,-12.807656,-28.214546,0.18817495,0.00027778168
12.212121,0.4848485,3.165938e-05,-0.00029244646,-12.549208,-27.477528,0.1840843,0.00029415515
12.212121,0.5252525,3.164448e-05,-0.00030847266,-12.290608,-26.740881,0.17978786,0.00031009153
12.212121,0.56565654,3.1601638e-05,-0.0003240276,-12.031814,-26.004509,0.17545232,0.00032556496
12.212121,0.6060606,3.156066e-05,-0.00033912808,-11.772789,-25.268332,0.17123273,0.00034059348
12.212121,0.64646465,3.151223e-05,-0.00035377033,-11.513499,-24.532259,0.16727489,0.00035517104
12.212121,0.68686867,3.14489e-05,-0.00036795065,-11.253916,-23.796246,0.16370833,0.0003692922
12.212121,0.72727275,3.1389296e-05,-0.00038167462,-10.994026,-23.060257,0.16064578,0.0003829632
12.212121,0.7676768,3.1312928e-05,-0.00039494224,-10.7338,-22.324238,0.1581707,0.00039618163
12.212121,0.8080808,3.124401e-05,-0.00040774234,-10.473219,-21.588173,0.15634638,0.00040893766
12.212121,0.8484849,3.1184405e-05,-0.00042008795,-10.212277,-20.852062,0.15520218,0.0004212438
12.212121,0.8888889,3.1113625e-05,-0.00043197535,-9.950947,-20.115877,0.15473643,0.0004330944
12.212121,0.9292929,3.104657e-05,-0.00044339523,-9.689229,-19.379625,0.15490918,0.00044448086
12.212121,0.969697,3.098324e-05,-0.00045436434,-9.427106,-18.643301,0.15564172,0.0004554195
12.212121,1.010101,3.0918047e-05,-0.00046488084,-9.164552,-17.906887,0.15682238,0.00046590783
12.212121,1.050505,3.0862167e-05,-0.00047491863,-8.901547,-17.170368,0.15829183,0.00047592036
12.212121,1.0909091,3.0817464e-05,-0.00048451684,-8.638056,-16.433704,0.15986197,0.00048549593
12.212121,1.1313131,3.077276e-05,-0.000493655,-8.374046,-15.696881,0.16131127,0.0004946132
12.212121,1.1717172,3.072992e-05,-0.00050233305,-8.109496,-14.9599085,0.16239254,0.0005032721
12.212121,1.2121212,3.0696392e-05,-0.0005105473,-7.844364,-14.222786,0.16285758,0.00051146926
12.212121,1.2525252,3.065355e-05,-0.0005183015,-7.57864,-13.485598,0.16244459,0.0005192072
12.212121,1.2929293,3.0627474e-05,-0.0005256068,-7.312308,-12.748495,0.16091454,0.00052649836
12.212121,1.3333334,3.0573457e-05,-0.00053245015,-7.045369,-12.011686,0.1580774,0.0005333272
12.212121,1.3737373,3.0528754e-05,-0.000538839,-6.7778554,-11.275573,0.15379329,0.0005397032
12.212121,1.4141414,3.0482188e-05,-0.000544779,-6.509777,-10.540612,0.14800651,0.0005456311
12.212121,1.4545455,3.0409545e-05,-0.0005502645,-6.2411184,-9.807384,0.14076214,0.00055110414
12.212121,1.4949495,3.0327588e-05,-0.0005553011,-5.9717784,-9.076521,0.1322363,0.0005561286
12.212121,1.5353535,3.0208379e-05,-0.0005598888,-5.7014747,-8.348601,0.1227052,0.0005607031
12.212121,1.5757576,3.008172e-05,-0.0005640313,-5.429572,-7.623914,0.112556286,0.00056483294
12.212121,1.6161616,2.9932708e-05,-0.00056774914,-5.1549196,-6.9023066,0.10226281,0.0005685376
12.212121,1.6565657,2.9752031e-05,-0.00057102554,-4.8755965,-6.1829042,0.09229405,0.0005718001
12.212121,1.6969697,2.9573217e-05,-0.00057388097,-4.588668,-5.463873,0.083045356,0.00057464244
12.212121,1.7373737,2.9353425e-05,-0.0005763192,-4.290032,-4.742508,0.07474419,0.0005770662
12.212121,1.7777778,2.9120594e-05,-0.0005783327,-3.9745922,-4.015691,0.06729147,0.00057906535
12.212121,1.8181819,2.8889626e-05,-0.00057992525,-3.63692,-3.281122,0.060210057,0.00058064435
12.212121,1.8585858,2.8634444e-05,-0.00058109127,-3.2728472,-2.5393553,0.05259567,0.00058179634
12.212121,1.8989899,2.8358772e-05,-0.00058181584,-2.8817472,-1.7960962,0.043263406,0.00058250653
12.212121,1.939394,2.8064474e-05,-0.0005820617,-2.468889,-1.0632769,0.030989606,0.0005827379
12.212121,1.979798,2.7740374e-05,-0.00058181584,-2.046147,-0.35698682,0.014821454,0.0005824768
12.343434,0.04040404,3.1176955e-05,-8.442998e-05,-15.400402,-35.59686,0.14243935,9.000235e-05
12.343434,0.08080808,3.1048432e-05,-0.00010553002,-15.140482,-34.854187,0.14978196,0.000110002686
12.343434,0.121212125,3.09404e-05,-0.00012615323,-14.880424,-34.11224,0.15549064,0.00012989205
12.343434,0.16161616,3.0823052e-05,-0.00014631636,-14.620287,-33.37108,0.15964024,0.00014952771
12.343434,0.2020202,3.0718744e-05,-0.00016602129,-14.360146,-32.630795,0.16232225,0.0001688393
12.343434,0.24242425,3.0601397e-05,-0.00018526055,-14.100024,-31.891365,0.16366376,0.00018777091
12.343434,0.28282827,3.0485913e-05,-0.00020403601,-13.839925,-31.152748,0.16378966,0.00020630096
12.343434,0.32323232,3.037043e-05,-0.0002223514,-13.579865,-30.414928,0.16285722,0.00022441593
12.343434,0.36363637,3.0241907e-05,-0.00024020486,-13.319816,-29.677809,0.16102418,0.0002421011
12.343434,0.4040404,3.0111521e-05,-0.00025760382,-13.059781,-28.941332,0.15844849,0.00025935774
12.343434,0.44444445,2.996251e-05,-0.00027454272,-12.799693,-28.20534,0.1553116,0.00027617288
12.343434,0.4848485,2.9824674e-05,-0.00029101595,-12.539559,-27.469784,0.15177701,0.00029254027
12.343434,0.5252525,2.966635e-05,-0.00030703284,-12.2793,-26.734484,0.14802305,0.00030846274
12.343434,0.56565654,2.9502437e-05,-0.00032259524,-12.018904,-25.999382,0.14421703,0.00032394147
12.343434,0.6060606,2.9318035e-05,-0.0003377013,-11.758314,-25.264341,0.1405134,0.00033897156
12.343434,0.64646465,2.913922e-05,-0.0003523454,-11.497518,-24.529308,0.13706192,0.0003535483
12.343434,0.68686867,2.8954819e-05,-0.00036652572,-11.236467,-23.794178,0.13399683,0.00036766764
12.343434,0.72727275,2.875179e-05,-0.00038025528,-10.975131,-23.058868,0.13142613,0.0003813407
12.343434,0.7676768,2.8552487e-05,-0.00039352104,-10.713492,-22.32335,0.12944251,0.0003945555
12.343434,0.8080808,2.8355047e-05,-0.0004063286,-10.451534,-21.587593,0.12811168,0.00040731675
12.343434,0.8484849,2.8161332e-05,-0.00041868165,-10.189235,-20.851551,0.12745981,0.0004196277
12.343434,0.8888889,2.7956441e-05,-0.0004305765,-9.926585,-20.115232,0.12749001,0.00043148315
12.343434,0.9292929,2.7770177e-05,-0.00044201128,-9.663575,-19.378613,0.12816459,0.00044288277
12.343434,0.969697,2.7576461e-05,-0.00045299158,-9.400183,-18.641674,0.12940213,0.0004538302
12.343434,1.010101,2.7388334e-05,-0.00046350062,-9.136394,-17.904423,0.13110185,0.0004643091
12.343434,1.050505,2.7207658e-05,-0.00047356263,-8.872181,-17.166817,0.1331025,0.00047434357
12.343434,1.0909091,2.7038157e-05,-0.00048316084,-8.607531,-16.4289,0.13522153,0.00048391678
12.343434,1.1313131,2.6866794e-05,-0.000492299,-8.342417,-15.690643,0.13724098,0.0004930316
12.343434,1.1717172,2.6706606e-05,-0.0005009752,-8.07681,-14.9520645,0.1389179,0.00050168653
12.343434,1.2121212,2.6542693e-05,-0.0005092025,-7.8106985,-14.213247,0.14000976,0.0005098938
12.343434,1.2525252,2.6393682e-05,-0.0005169641,-7.544062,-13.474287,0.14026487,0.0005176374
12.343434,1.2929293,2.6239082e-05,-0.0005242638,-7.276925,-12.735408,0.13946055,0.00052492006
12.343434,1.3333334,2.6078895e-05,-0.00053110905,-7.0092883,-11.996867,0.13739873,0.0005317489
12.343434,1.3737373,2.5914982e-05,-0.0005375091,-6.7411947,-11.259105,0.13395673,0.00053813343
12.343434,1.4141414,2.5745481e-05,-0.0005434342,-6.4726844,-10.52265,0.12909086,0.00054404367
12.343434,1.4545455,2.5559217e-05,-0.00054891594,-6.203738,-9.788117,0.12284595,0.0005495107
12.343434,1.4949495,2.5361776e-05,-0.00055395067,-5.9342637,-9.056176,0.11539569,0.00055453094
12.343434,1.5353535,2.514571e-05,-0.00055853464,-5.663954,-8.327364,0.10701626,0.0005591004
12.343434,1.5757576,2.4909154e-05,-0.00056268275,-5.39219,-7.602011,0.098082095,0.00056323386
12.343434,1.6161616,2.464652e-05,-0.0005663801,-5.117784,-6.8799005,0.08904414,0.00056691613
12.343434,1.6565657,2.4365261e-05,-0.0005696602,-4.838815,-6.160129,0.08034573,0.00057018106
12.343434,1.6969697,2.4074689e-05,-0.0005725138,-4.5523067,-5.4408126,0.072356746,0.00057301973
12.343434,1.7373737,2.3759902e-05,-0.0005749408,-4.2542005,-4.719284,0.06527135,0.00057543156
12.343434,1.7777778,2.3430213e-05,-0.000576945,-3.9394302,-3.9924984,0.058974765,0.0005774206
12.343434,1.8181819,2.30968e-05,-0.00057853945,-3.602686,-3.2583714,0.05299202,0.00057900033
12.343434,1.8585858,2.2755936e-05,-0.00057969615,-3.239979,-2.5178244,0.046448424,0.00058014266
12.343434,1.8989899,2.2381544e-05,-0.000580417,-2.85086,-1.7769612,0.038205035,0.00058084837
12.343434,1.939394,2.199784e-05,-0.0005806647,-2.4407847,-1.048137,0.027093576,0.00058108126
12.343434,1.979798,2.1567568e-05,-0.0005804058,-2.0217001,-0.34770393,0.0122336075,0.0005808064
12.474748,0.04040404,3.0811876e-05,-8.295104e-05,-15.412337,-35.56834,0.104957104,8.848868e-05
12.474748,0.08080808,3.0556694e-05,-0.00010401569,-15.150209,-34.82744,0.113129,0.00010841114
12.474748,0.121212125,3.0297786e-05,-0.00012462772,-14.887994,-34.08725,0.119602084,0.00012825766
12.474748,0.16161616,3.0048192e-05,-0.0001447685,-14.625777,-33.347866,0.1244559,0.00014785402
12.474748,0.2020202,2.9798597e-05,-0.00016444921,-14.3636055,-32.609344,0.12780285,0.0001671272
12.474748,0.24242425,2.9558316e-05,-0.0001836773,-14.101517,-31.87168,0.12975797,0.00018604044
12.474748,0.28282827,2.9310584e-05,-0.00020243041,-13.839522,-31.134853,0.13046455,0.0002045414
12.474748,0.32323232,2.9066578e-05,-0.00022073835,-13.577602,-30.39875,0.13007581,0.00022264385
12.474748,0.36363637,2.8802082e-05,-0.00023857877,-13.315767,-29.663357,0.12875353,0.00024031101
12.474748,0.4040404,2.8541312e-05,-0.00025597028,-13.053982,-28.928545,0.12666863,0.0002575566
12.474748,0.44444445,2.8276816e-05,-0.00027290545,-12.792212,-28.194172,0.12398972,0.00027436647
12.474748,0.4848485,2.7989969e-05,-0.00028937683,-12.530416,-27.460136,0.12089707,0.00029072733
12.474748,0.5252525,2.7703121e-05,-0.0003053937,-12.268571,-26.726324,0.11755992,0.00030664765
12.474748,0.56565654,2.7412549e-05,-0.00032095052,-12.006611,-25.99258,0.114156604,0.00032211904
12.474748,0.6060606,2.71108e-05,-0.0003360454,-11.744511,-25.258791,0.11083939,0.0003371372
12.474748,0.64646465,2.6801601e-05,-0.0003506951,-11.482223,-24.524841,0.107763745,0.00035171778
12.474748,0.68686867,2.6479363e-05,-0.0003648866,-11.219709,-23.790648,0.10505708,0.00036584612
12.474748,0.72727275,2.6160851e-05,-0.00037861615,-10.956949,-23.056122,0.10283982,0.0003795189
12.474748,0.7676768,2.583675e-05,-0.00039188378,-10.6939125,-22.321184,0.101203814,0.00039273457
12.474748,0.8080808,2.5518239e-05,-0.0004046969,-10.430576,-21.585796,0.1002089,0.00040550064
12.474748,0.8484849,2.5184825e-05,-0.0004170537,-10.166916,-20.849895,0.09989648,0.00041781343
12.474748,0.8888889,2.4857e-05,-0.0004289504,-9.902928,-20.113476,0.10026588,0.00042967
12.474748,0.9292929,2.4551526e-05,-0.00044039823,-9.638587,-19.376509,0.10128365,0.00044108205
12.474748,0.969697,2.424419e-05,-0.0004513804,-9.37389,-18.63899,0.10287403,0.000452031
12.474748,1.010101,2.3916364e-05,-0.0004619006,-9.108812,-17.900896,0.10492954,0.00046251935
12.474748,1.050505,2.3623928e-05,-0.00047196075,-8.843342,-17.162245,0.10730539,0.00047255162
12.474748,1.0909091,2.3331493e-05,-0.00048157573,-8.577454,-16.423027,0.10981446,0.00048214057
12.474748,1.1313131,2.3044646e-05,-0.0004907157,-8.311145,-15.68329,0.112248495,0.00049125653
12.474748,1.1717172,2.2750348e-05,-0.0004993919,-8.044388,-14.943074,0.114378564,0.00049990986
12.474748,1.2121212,2.2470951e-05,-0.0005076267,-7.7771773,-14.202483,0.115959354,0.0005081238
12.474748,1.2525252,2.219528e-05,-0.00051538274,-7.5095286,-13.461681,0.11674979,0.00051586045
12.474748,1.2929293,2.1928921e-05,-0.00052269176,-7.2414474,-12.720901,0.11653838,0.00052315154
12.474748,1.3333334,2.16458e-05,-0.00052953884,-6.9729753,-11.980499,0.11514424,0.00052998104
12.474748,1.3737373,2.1362677e-05,-0.0005359221,-6.7041616,-11.24095,0.11244661,0.00053634774
12.474748,1.4141414,2.1079555e-05,-0.0005418584,-6.435049,-10.502812,0.108406335,0.0005422682
12.474748,1.4545455,2.0781532e-05,-0.0005473364,-6.165647,-9.766787,0.10308512,0.0005477308
12.474748,1.4949495,2.0466745e-05,-0.0005523674,-5.895857,-9.033532,0.09664945,0.00055274647
12.474748,1.5353535,2.0140782e-05,-0.00055694766,-5.62538,-8.303622,0.0893757,0.00055731175
12.474748,1.5757576,1.9798055e-05,-0.0005610883,-5.353566,-7.577345,0.08162775,0.0005614375
12.474748,1.6161616,1.9431114e-05,-0.00056478195,-5.0792384,-6.8544984,0.073834546,0.0005651161
12.474748,1.6565657,1.9045547e-05,-0.0005680509,-4.800441,-6.1341176,0.06641893,0.0005683701
12.474748,1.6969697,1.8654391e-05,-0.00057090074,-4.514216,-5.41433,0.05973323,0.00057120546
12.474748,1.7373737,1.8235296e-05,-0.00057331845,-4.216514,-4.6924877,0.05393728,0.0005736084
12.474748,1.7777778,1.7814338e-05,-0.0005753245,-3.902342,-3.9656787,0.048914865,0.00057560025
12.474748,1.8181819,1.7380342e-05,-0.00057690404,-3.5665405,-3.232092,0.044181757,0.0005771658
12.474748,1.8585858,1.6933307e-05,-0.0005780533,-3.205252,-2.4929476,0.03889049,0.00057830126
12.474748,1.8989899,1.6469508e-05,-0.00057875924,-2.8182583,-1.7548147,0.031945907,0.0005789935
12.474748,1.939394,1.6000122e-05,-0.0005789995,-2.4111624,-1.0303993,0.022222789,0.00057922053
12.474748,1.979798,1.5487894e-05,-0.0005787369,-1.9959484,-0.3362221,0.00888041,0.0005789441
12.606061,0.04040404,3.037788e-05,-8.128211e-05,-15.423637,-35.536694,0.070096225,8.6773245e-05
12.606061,0.08080808,2.999045e-05,-0.00010231882,-15.159426,-34.797745,0.07897638,0.00010662349
12.606061,0.121212125,2.9608607e-05,-0.00012290105,-14.89518,-34.0595,0.08609657,0.00012641732
12.606061,0.16161616,2.922304e-05,-0.0001430288,-14.631002,-33.322083,0.09155051,0.00014598363
12.606061,0.2020202,2.886355e-05,-0.00016269088,-14.3669195,-32.585487,0.09544252,0.00016523142
12.606061,0.24242425,2.8487295e-05,-0.00018189289,-14.102963,-31.849731,0.09790649,0.00018411015
12.606061,0.28282827,2.812408e-05,-0.00020063296,-13.83915,-31.114763,0.0990851,0.00020259454
12.606061,0.32323232,2.7745962e-05,-0.000218926,-13.575479,-30.380539,0.09913282,0.0002206772
12.606061,0.36363637,2.736412e-05,-0.00023676269,-13.311927,-29.646942,0.09821298,0.00023833876
12.606061,0.4040404,2.6978552e-05,-0.00025414675,-13.048479,-28.913898,0.096502475,0.00025557468
12.606061,0.44444445,2.6579946e-05,-0.0002710633,-12.78509,-28.181238,0.094174795,0.00027236337
12.606061,0.4848485,2.6170164e-05,-0.00028752722,-12.521726,-27.448853,0.0914087,0.00028871573
12.606061,0.5252525,2.5773421e-05,-0.00030354783,-12.25834,-26.716576,0.08837295,0.00030464004
12.606061,0.56565654,2.53506e-05,-0.00031909533,-11.99488,-25.984285,0.0852502,0.00032010072
12.606061,0.6060606,2.492033e-05,-0.0003341958,-11.73131,-25.251823,0.08219666,0.00033512362
12.606061,0.64646465,2.4497509e-05,-0.0003488455,-11.467581,-24.519058,0.079363115,0.00034970458
12.606061,0.68686867,2.4056062e-05,-0.00036302768,-11.20366,-23.78589,0.07689032,0.00036382384
12.606061,0.72727275,2.3614615e-05,-0.0003767684,-10.939496,-23.052187,0.07489137,0.0003775077
12.606061,0.7676768,2.3169443e-05,-0.00039003603,-10.675085,-22.317902,0.07346281,0.0003907236
12.606061,0.8080808,2.271682e-05,-0.00040285662,-10.410378,-21.58293,0.07267257,0.0004034966
12.606061,0.8484849,2.2269785e-05,-0.0004152134,-10.145367,-20.847233,0.0725537,0.00041581018
12.606061,0.8888889,2.1826476e-05,-0.0004271213,-9.880033,-20.110767,0.073112436,0.0004276786
12.606061,0.9292929,2.1390617e-05,-0.00043856725,-9.614354,-19.373493,0.074325144,0.0004390886
12.606061,0.969697,2.0943582e-05,-0.00044955313,-9.348318,-18.635405,0.07611377,0.00045004074
12.606061,1.010101,2.0530075e-05,-0.00046007894,-9.08192,-17.896511,0.07837791,0.00046053677
12.606061,1.050505,2.009049e-05,-0.000470154,-8.815134,-17.156792,0.08097614,0.00047058304
12.606061,1.0909091,1.967512e-05,-0.0004797578,-8.5479555,-16.416285,0.08372917,0.00048016105
12.606061,1.1313131,1.927279e-05,-0.0004889108,-8.280373,-15.675042,0.0864336,0.00048929057
12.606061,1.1717172,1.8868595e-05,-0.0004975982,-8.012379,-14.933142,0.08887152,0.00049795577
12.606061,1.2121212,1.846999e-05,-0.00050582737,-7.7439814,-14.190717,0.09080411,0.00050616445
12.606061,1.2525252,1.8073246e-05,-0.0005135909,-7.4751925,-13.44797,0.092004575,0.00051390874
12.606061,1.2929293,1.768209e-05,-0.00052089244,-7.2060523,-12.705202,0.09226849,0.0005211925
12.606061,1.3333334,1.7283484e-05,-0.00052774325,-6.9366126,-11.962809,0.09142414,0.0005280262
12.606061,1.3737373,1.6884878e-05,-0.000534134,-6.666934,-11.221328,0.08936541,0.0005344008
12.606061,1.4141414,1.6486272e-05,-0.0005400516,-6.3970785,-10.481371,0.08606544,0.0005403032
12.606061,1.4545455,1.607649e-05,-0.00054552965,-6.127052,-9.743638,0.08159169,0.0005457665
12.606061,1.4949495,1.5649945e-05,-0.0005505495,-5.856773,-9.008857,0.076106936,0.00055077183
12.606061,1.5353535,1.5204772e-05,-0.00055513345,-5.585948,-8.277621,0.06988627,0.00055534166
12.606061,1.5757576,1.4750287e-05,-0.00055925176,-5.3139095,-7.55019,0.06328864,0.0005594462
12.606061,1.6161616,1.4290214e-05,-0.0005629491,-5.039477,-6.8263607,0.056728996,0.0005631304
12.606061,1.6565657,1.3802201e-05,-0.0005662106,-4.760679,-6.105129,0.050610613,0.0005663788
12.606061,1.6969697,1.3286248e-05,-0.00056903623,-4.474586,-5.3846736,0.04525927,0.0005691913
12.606061,1.7373737,1.2781471e-05,-0.00057144836,-4.17718,-4.6623983,0.040820774,0.00057159126
12.606061,1.7777778,1.225993e-05,-0.0005734451,-3.863554,-3.9355495,0.037164055,0.00057357614
12.606061,1.8181819,1.1717901e-05,-0.0005750172,-3.5286639,-3.2025406,0.033814784,0.00057513657
12.606061,1.8585858,1.1170283e-05,-0.0005761627,-3.1688724,-2.46502,0.029948208,0.000576271
12.606061,1.8989899,1.0626391e-05,-0.00057685375,-2.7841249,-1.7299005,0.024490891,0.0005769516
12.606061,1.939394,1.0058284e-05,-0.00057708845,-2.3801692,-1.0102432,0.016360505,0.0005771761
12.606061,1.979798,9.456649e-06,-0.0005768202,-1.9690318,-0.32273325,0.0047296244,0.00057689776
12.737373,0.04040404,2.9882416e-05,-7.942878e-05,-15.434142,-35.502323,0.037742827,8.486395e-05
12.737373,0.08080808,2.9366463e-05,-0.000100439414,-15.167976,-34.76549,0.047215145,0.000104644474
12.737373,0.121212125,2.8872862e-05,-0.00012099743,-14.901844,-34.029366,0.054874104,0.00012439462
12.737373,0.16161616,2.8369948e-05,-0.00014110282,-14.635811,-33.294006,0.060814977,0.00014392658
12.737373,0.2020202,2.7887523e-05,-0.00016074441,-14.369927,-32.559467,0.06515229,0.00016314558
12.737373,0.24242425,2.7401373e-05,-0.00017992407,-14.10423,-31.825743,0.06802128,0.00018199864
12.737373,0.28282827,2.6894733e-05,-0.00019865483,-13.838717,-31.092775,0.06956657,0.00020046713
12.737373,0.32323232,2.6404858e-05,-0.00021693669,-13.573388,-30.360506,0.06994859,0.00021853775
12.737373,0.36363637,2.5905669e-05,-0.00023475103,-13.308226,-29.628824,0.069332294,0.0002361761
12.737373,0.4040404,2.5397167e-05,-0.00025212392,-13.043204,-28.897633,0.06789589,0.00025339986
12.737373,0.44444445,2.489239e-05,-0.00026902743,-12.77829,-28.16678,0.06581152,0.0002701766
12.737373,0.4848485,2.437085e-05,-0.0002854839,-12.513435,-27.436115,0.063259736,0.00028652223
12.737373,0.5252525,2.3839995e-05,-0.0003015045,-12.248579,-26.705456,0.060420446,0.00030244555
12.737373,0.56565654,2.3307279e-05,-0.00031704642,-11.983692,-25.974686,0.05746782,0.00031790198
12.737373,0.6060606,2.2759661e-05,-0.00033213943,-11.718717,-25.24362,0.05456388,0.0003329183
12.737373,0.64646465,2.2204593e-05,-0.0003467854,-11.453601,-24.512106,0.051858965,0.00034749557
12.737373,0.68686867,2.16607e-05,-0.00036097132,-11.188307,-23.780014,0.049496442,0.00036162062
12.737373,0.72727275,2.1088868e-05,-0.00037470274,-10.922805,-23.047237,0.04758907,0.00037529573
12.737373,0.7676768,2.052635e-05,-0.00038798526,-10.657038,-22.313644,0.04624011,0.00038852784
12.737373,0.8080808,1.9965693e-05,-0.0004008077,-10.390993,-21.579157,0.045513645,0.0004013047
12.737373,0.8484849,1.9395724e-05,-0.00041317008,-10.124641,-20.843714,0.04545659,0.00041362506
12.737373,0.8888889,1.8844381e-05,-0.00042508356,-9.857965,-20.107244,0.046071794,0.00042550106
12.737373,0.9292929,1.8278137e-05,-0.00043652765,-9.59094,-19.369713,0.047332756,0.00043691017
12.737373,0.969697,1.7719343e-05,-0.00044752285,-9.323558,-18.6311,0.049180757,0.0004478735
12.737373,1.010101,1.7169863e-05,-0.00045805052,-9.055811,-17.891415,0.051509883,0.0004583722
12.737373,1.050505,1.6635284e-05,-0.00046812743,-8.787667,-17.150637,0.05418572,0.0004684229
12.737373,1.0909091,1.609698e-05,-0.00047774427,-8.519145,-16.408838,0.057041977,0.00047801537
12.737373,1.1313131,1.5558675e-05,-0.00048689172,-8.250227,-15.666069,0.059882257,0.00048714023
12.737373,1.1717172,1.5042722e-05,-0.00049558654,-7.9809203,-14.922443,0.06248967,0.00049581483
12.737373,1.2121212,1.4532357e-05,-0.0005038101,-7.7112384,-14.178124,0.06464638,0.00050401967
12.737373,1.2525252,1.4014542e-05,-0.0005115792,-7.441226,-13.433384,0.066131674,0.0005117711
12.737373,1.2929293,1.3498589e-05,-0.00051888824,-7.170911,-12.688537,0.06675256,0.0005190638
12.737373,1.3333334,1.2984499e-05,-0.0005257223,-6.9003787,-11.94405,0.06635152,0.00052588264
12.737373,1.3737373,1.2472272e-05,-0.0005321093,-6.6297007,-11.200491,0.064837694,0.00053225545
12.737373,1.4141414,1.1958182e-05,-0.0005380362,-6.3589454,-10.458532,0.062187515,0.0005381691
12.737373,1.4545455,1.1423603e-05,-0.0005435068,-6.0881453,-9.718938,0.05847818,0.0005436269
12.737373,1.4949495,1.0887161e-05,-0.0005485192,-5.817214,-8.9824295,0.053880423,0.0005486272
12.737373,1.5353535,1.0345131e-05,-0.00055308454,-5.545851,-8.249621,0.048665628,0.0005531813
12.737373,1.5757576,9.782612e-06,-0.0005572047,-5.2734046,-7.520792,0.043183107,0.00055729056
12.737373,1.6161616,9.192154e-06,-0.00056088716,-4.998688,-6.795737,0.037841864,0.0005609625
12.737373,1.6565657,8.6110085e-06,-0.0005641375,-4.7197394,-6.073464,0.03301889,0.0005642032
12.737373,1.6969697,8.000061e-06,-0.0005669594,-4.4336357,-5.3521686,0.029030537,0.00056701584
12.737373,1.7373737,7.3891133e-06,-0.00056936406,-4.1364117,-4.6293373,0.026000839,0.000569412
12.737373,1.7777778,6.755814e-06,-0.0005713422,-3.823256,-3.9024022,0.023801597,0.0005713821
12.737373,1.8181819,6.1336905e-06,-0.0005728975,-3.4892843,-3.1700692,0.02195663,0.0005729303
12.737373,1.8585858,5.4929405e-06,-0.00057403,-3.1310227,-2.434313,0.019659474,0.0005740563
12.737373,1.8989899,4.8540533e-06,-0.0005747173,-2.748632,-1.7024974,0.015866827,0.0005747378
12.737373,1.939394,4.177913e-06,-0.0005749352,-2.3479815,-0.9879485,0.009511262,0.0005749504
12.737373,1.979798,3.5054982e-06,-0.00057467073,-1.9410797,-0.307429,-0.00023241417,0.00057468144
12.868687,0.04040404,2.9327348e-05,-7.741153e-05,-15.44369,-35.465492,0.007774536,8.2780665e-05
12.868687,0.08080808,2.8694049e-05,-9.838678e-05,-15.1757345,-34.73097,0.017729165,0.00010248564
12.868687,0.121212125,2.8084964e-05,-0.00011892244,-14.907852,-33.997097,0.02581844,0.00012219376
12.868687,0.16161616,2.7474016e-05,-0.00013899058,-14.640114,-33.26396,0.032146405,0.00014167994
12.868687,0.2020202,2.6870519e-05,-0.00015860796,-14.37257,-32.531597,0.036833137,0.00016086799
12.868687,0.24242425,2.627261e-05,-0.00017778389,-14.105244,-31.799988,0.040006872,0.00017971467
12.868687,0.28282827,2.566725e-05,-0.00019649602,-13.838152,-31.069124,0.041823834,0.00019816532
12.868687,0.32323232,2.5056303e-05,-0.00021475554,-13.5712805,-30.338898,0.042442285,0.0002162123
12.868687,0.36363637,2.4445355e-05,-0.00023256429,-13.304615,-29.609222,0.04203521,0.00023384551
12.868687,0.4040404,2.3826957e-05,-0.0002499055,-13.038134,-28.87998,0.040771354,0.00025103881
12.868687,0.44444445,2.3210421e-05,-0.00026681274,-12.771778,-28.150986,0.03883297,0.0002678204
12.868687,0.4848485,2.2569671e-05,-0.00028326362,-12.505507,-27.422085,0.03640294,0.00028416133
12.868687,0.5252525,2.1923333e-05,-0.00029925816,-12.239281,-26.693146,0.033658467,0.0003000601
12.868687,0.56565654,2.1275133e-05,-0.00031480566,-11.973042,-25.963951,0.030771589,0.00031552374
12.868687,0.6060606,2.0619482e-05,-0.0003299024,-11.706729,-25.234337,0.02790426,0.00033054614
12.868687,0.64646465,1.9960105e-05,-0.00034454092,-11.44029,-24.504139,0.025222229,0.0003451186
12.868687,0.68686867,1.9293278e-05,-0.0003587287,-11.17369,-23.773201,0.022853404,0.00035924715
12.868687,0.72727275,1.8619001e-05,-0.00037246384,-10.906876,-23.041386,0.020927472,0.00037292892
12.868687,0.7676768,1.7933547e-05,-0.0003857445,-10.639814,-22.308567,0.01953684,0.00038616115
12.868687,0.8080808,1.7253682e-05,-0.00039857067,-10.3724575,-21.574617,0.01875584,0.00039894396
12.868687,0.8484849,1.6584992e-05,-0.00041092932,-10.104785,-20.839468,0.018631902,0.00041126387
12.868687,0.8888889,1.5897676e-05,-0.00042283908,-9.836783,-20.103052,0.019169984,0.00042313783
12.868687,0.9292929,1.52196735e-05,-0.00043429248,-9.568423,-19.36531,0.020354567,0.00043455907
12.868687,0.969697,1.4550984e-05,-0.000445297,-9.2996855,-18.626205,0.02212602,0.00044553468
12.868687,1.010101,1.3880432e-05,-0.00045582652,-9.030562,-17.885752,0.024384148,0.00045603781
12.868687,1.050505,1.3222918e-05,-0.00046590716,-8.76104,-17.143932,0.027009374,0.00046609476
12.868687,1.0909091,1.2567267e-05,-0.00047552213,-8.491137,-16.400852,0.029832767,0.00047568817
12.868687,1.1313131,1.19283795e-05,-0.00048467703,-8.220831,-15.656548,0.032673158,0.0004848238
12.868687,1.1717172,1.1283904e-05,-0.00049336813,-7.950145,-14.911174,0.035328303,0.0004934971
12.868687,1.2121212,1.0648742e-05,-0.00050158985,-7.6791086,-14.164936,0.037581474,0.0005017029
12.868687,1.2525252,1.0019168e-05,-0.00050936453,-7.407762,-13.418115,0.039236665,0.0005094631
12.868687,1.2929293,9.3933195e-06,-0.0005166698,-7.136176,-12.671117,0.040102273,0.00051675516
12.868687,1.3333334,8.754432e-06,-0.0005235076,-6.8644295,-11.924416,0.040044576,0.0005235808
12.868687,1.3737373,8.136034e-06,-0.0005298909,-6.5926175,-11.178658,0.038972538,0.00052995334
12.868687,1.4141414,7.4990094e-06,-0.0005358085,-6.320828,-10.434564,0.036888912,0.000535861
12.868687,1.4545455,6.8582594e-06,-0.0005412679,-6.049093,-9.6929035,0.03386964,0.00054131134
12.868687,1.4949495,6.2081963e-06,-0.000546284,-5.7773423,-8.954473,0.030092835,0.0005463193
12.868687,1.5353535,5.552545e-06,-0.0005508419,-5.505278,-8.219885,0.025830626,0.0005508699
12.868687,1.5757576,4.8726797e-06,-0.0005549509,-5.232258,-7.4894476,0.021430667,0.00055497227
12.868687,1.6161616,4.174188e-06,-0.0005586222,-4.957087,-6.762944,0.01727703,0.0005586378
12.868687,1.6565657,3.4868717e-06,-0.0005618632,-4.677816,-6.0394125,0.013752203,0.000561874
12.868687,1.6969697,2.7734786e-06,-0.0005646683,-4.391563,-5.3171124,0.011144699,0.00056467514
12.868687,1.7373737,2.0507723e-06,-0.0005670525,-4.09441,-4.5936174,0.009578078,0.00056705624
12.868687,1.7777778,1.3411045e-06,-0.0005690139,-3.7816703,-3.8665793,0.008907649,0.00056901545
12.868687,1.8181819,6.109476e-07,-0.00057056174,-3.4485958,-3.1349854,0.008677177,0.0005705621
12.868687,1.8585858,-1.2479722e-07,-0.00057168305,-3.0919223,-2.4012022,0.008082994,0.0005716831
12.868687,1.8989899,-8.698553e-07,-0.00057235174,-2.7119772,-1.6729201,0.006110377,0.00057235244
12.868687,1.939394,-1.6205013e-06,-0.00057256594,-2.31476,-0.9637804,0.0016904456,0.0005725682
12.868687,1.979798,-2.3860484e-06,-0.00057228655,-1.9122565,-0.29056728,-0.006009997,0.0005722915
